2026-06-25T21:55:06.9778910Z Current runner version: '2.335.1'
2026-06-25T21:55:06.9793740Z ##[group]Runner Image Provisioner
2026-06-25T21:55:06.9794250Z Hosted Compute Agent
2026-06-25T21:55:06.9794610Z Version: 20260527.539
2026-06-25T21:55:06.9795000Z Commit: a891dd388383b896fa6ac04a82c0b75cec981078
2026-06-25T21:55:06.9795460Z Build Date: 2026-05-27T21:39:57Z
2026-06-25T21:55:06.9795880Z Worker ID: {a1f9adad-3582-4573-8f44-8a69845edfab}
2026-06-25T21:55:06.9796370Z Azure Region: westus
2026-06-25T21:55:06.9796720Z ##[endgroup]
2026-06-25T21:55:06.9797550Z ##[group]Operating System
2026-06-25T21:55:06.9797930Z macOS
2026-06-25T21:55:06.9798240Z 14.8.7
2026-06-25T21:55:06.9798560Z 23J520
2026-06-25T21:55:06.9798870Z ##[endgroup]
2026-06-25T21:55:06.9799210Z ##[group]Runner Image
2026-06-25T21:55:06.9799590Z Image: macos-14-arm64
2026-06-25T21:55:06.9799950Z Version: 20260608.0118.1
2026-06-25T21:55:06.9800730Z Included Software: https://github.com/actions/runner-images/blob/macos-14-arm64/20260608.0118/images/macos/macos-14-arm64-Readme.md
2026-06-25T21:55:06.9801740Z Image Release: https://github.com/actions/runner-images/releases/tag/macos-14-arm64%2F20260608.0118
2026-06-25T21:55:06.9802420Z ##[endgroup]
2026-06-25T21:55:06.9803160Z ##[group]GITHUB_TOKEN Permissions
2026-06-25T21:55:06.9804130Z Contents: read
2026-06-25T21:55:06.9804480Z Metadata: read
2026-06-25T21:55:06.9804830Z Packages: read
2026-06-25T21:55:06.9805180Z ##[endgroup]
2026-06-25T21:55:06.9806450Z Secret source: Actions
2026-06-25T21:55:06.9806890Z Prepare workflow directory
2026-06-25T21:55:07.0010910Z Prepare all required actions
2026-06-25T21:55:07.0037320Z Getting action download info
2026-06-25T21:55:07.4377430Z Download action repository 'actions/checkout@v4' (SHA:34e114876b0b11c390a56381ad16ebd13914f8d5)
2026-06-25T21:55:07.6556920Z Download action repository 'actions/upload-artifact@v4' (SHA:ea165f8d65b6e75b540449e92b4886f43607fa02)
2026-06-25T21:55:07.7925520Z Complete job name: build
2026-06-25T21:55:07.8308530Z Node 20 is being deprecated. This workflow is running with Node 24 by default. If you need to temporarily use Node 20, you can set the ACTIONS_ALLOW_USE_UNSECURE_NODE_VERSION=true environment variable. For more information see: https://github.blog/changelog/2025-09-19-deprecation-of-node-20-on-github-actions-runners/
2026-06-25T21:55:07.8315610Z ##[group]Run actions/checkout@v4
2026-06-25T21:55:07.8316100Z with:
2026-06-25T21:55:07.8316430Z   repository: k1tty-xz/LiteReplayd
2026-06-25T21:55:07.8319640Z   token: ***
2026-06-25T21:55:07.8319960Z   ssh-strict: true
2026-06-25T21:55:07.8320280Z   ssh-user: git
2026-06-25T21:55:07.8320590Z   persist-credentials: true
2026-06-25T21:55:07.8320920Z   clean: true
2026-06-25T21:55:07.8321240Z   sparse-checkout-cone-mode: true
2026-06-25T21:55:07.8321600Z   fetch-depth: 1
2026-06-25T21:55:07.8321900Z   fetch-tags: false
2026-06-25T21:55:07.8322200Z   show-progress: true
2026-06-25T21:55:07.8322510Z   lfs: false
2026-06-25T21:55:07.8322840Z   submodules: false
2026-06-25T21:55:07.8323160Z   set-safe-directory: true
2026-06-25T21:55:07.8323650Z ##[endgroup]
2026-06-25T21:55:08.1719250Z Syncing repository: k1tty-xz/LiteReplayd
2026-06-25T21:55:08.1720680Z ##[group]Getting Git version info
2026-06-25T21:55:08.1721340Z Working directory is '/Users/runner/work/LiteReplayd/LiteReplayd'
2026-06-25T21:55:08.1722730Z [command]/opt/homebrew/bin/git version
2026-06-25T21:55:08.1920780Z git version 2.54.0
2026-06-25T21:55:08.1934080Z ##[endgroup]
2026-06-25T21:55:08.1940190Z Copying '/Users/runner/.gitconfig' to '/Users/runner/work/_temp/43d3f41f-5f0f-420b-8df1-f2bf7431a75b/.gitconfig'
2026-06-25T21:55:08.1946330Z Temporarily overriding HOME='/Users/runner/work/_temp/43d3f41f-5f0f-420b-8df1-f2bf7431a75b' before making global git config changes
2026-06-25T21:55:08.1947310Z Adding repository directory to the temporary git global config as a safe directory
2026-06-25T21:55:08.1949450Z [command]/opt/homebrew/bin/git config --global --add safe.directory /Users/runner/work/LiteReplayd/LiteReplayd
2026-06-25T21:55:08.2030060Z Deleting the contents of '/Users/runner/work/LiteReplayd/LiteReplayd'
2026-06-25T21:55:08.2032220Z ##[group]Initializing the repository
2026-06-25T21:55:08.2035560Z [command]/opt/homebrew/bin/git init /Users/runner/work/LiteReplayd/LiteReplayd
2026-06-25T21:55:08.2201360Z hint: Using 'master' as the name for the initial branch. This default branch name
2026-06-25T21:55:08.2202190Z hint: will change to "main" in Git 3.0. To configure the initial branch name
2026-06-25T21:55:08.2202890Z hint: to use in all of your new repositories, which will suppress this warning,
2026-06-25T21:55:08.2203430Z hint: call:
2026-06-25T21:55:08.2203760Z hint:
2026-06-25T21:55:08.2204160Z hint: 	git config --global init.defaultBranch <name>
2026-06-25T21:55:08.2204630Z hint:
2026-06-25T21:55:08.2205090Z hint: Names commonly chosen instead of 'master' are 'main', 'trunk' and
2026-06-25T21:55:08.2205790Z hint: 'development'. The just-created branch can be renamed via this command:
2026-06-25T21:55:08.2206330Z hint:
2026-06-25T21:55:08.2206660Z hint: 	git branch -m <name>
2026-06-25T21:55:08.2207050Z hint:
2026-06-25T21:55:08.2207510Z hint: Disable this message with "git config set advice.defaultBranchName false"
2026-06-25T21:55:08.2208250Z Initialized empty Git repository in /Users/runner/work/LiteReplayd/LiteReplayd/.git/
2026-06-25T21:55:08.2209620Z [command]/opt/homebrew/bin/git remote add origin https://github.com/k1tty-xz/LiteReplayd
2026-06-25T21:55:08.2257680Z ##[endgroup]
2026-06-25T21:55:08.2258300Z ##[group]Disabling automatic garbage collection
2026-06-25T21:55:08.2259950Z [command]/opt/homebrew/bin/git config --local gc.auto 0
2026-06-25T21:55:08.2299800Z ##[endgroup]
2026-06-25T21:55:08.2300390Z ##[group]Setting up auth
2026-06-25T21:55:08.2303920Z [command]/opt/homebrew/bin/git config --local --name-only --get-regexp core\.sshCommand
2026-06-25T21:55:08.2345640Z [command]/opt/homebrew/bin/git submodule foreach --recursive sh -c "git config --local --name-only --get-regexp 'core\.sshCommand' && git config --local --unset-all 'core.sshCommand' || :"
2026-06-25T21:55:08.3735590Z [command]/opt/homebrew/bin/git config --local --name-only --get-regexp http\.https\:\/\/github\.com\/\.extraheader
2026-06-25T21:55:08.3912880Z [command]/opt/homebrew/bin/git submodule foreach --recursive sh -c "git config --local --name-only --get-regexp 'http\.https\:\/\/github\.com\/\.extraheader' && git config --local --unset-all 'http.https://github.com/.extraheader' || :"
2026-06-25T21:55:08.4320900Z [command]/opt/homebrew/bin/git config --local --name-only --get-regexp ^includeIf\.gitdir:
2026-06-25T21:55:08.4359980Z [command]/opt/homebrew/bin/git submodule foreach --recursive git config --local --show-origin --name-only --get-regexp remote.origin.url
2026-06-25T21:55:08.4875400Z [command]/opt/homebrew/bin/git config --local http.https://github.com/.extraheader AUTHORIZATION: basic ***
2026-06-25T21:55:08.4929340Z ##[endgroup]
2026-06-25T21:55:08.4929990Z ##[group]Fetching the repository
2026-06-25T21:55:08.4935010Z [command]/opt/homebrew/bin/git -c protocol.version=2 fetch --no-tags --prune --no-recurse-submodules --depth=1 origin +fad92caecd9841f0454e28c3567ada42685cb6b3:refs/remotes/origin/main
2026-06-25T21:55:09.0145790Z From https://github.com/k1tty-xz/LiteReplayd
2026-06-25T21:55:09.0146720Z  * [new ref]         fad92caecd9841f0454e28c3567ada42685cb6b3 -> origin/main
2026-06-25T21:55:09.0212770Z ##[endgroup]
2026-06-25T21:55:09.0213500Z ##[group]Determining the checkout info
2026-06-25T21:55:09.0214420Z ##[endgroup]
2026-06-25T21:55:09.0215040Z [command]/opt/homebrew/bin/git sparse-checkout disable
2026-06-25T21:55:09.0268650Z [command]/opt/homebrew/bin/git config --local --unset-all extensions.worktreeConfig
2026-06-25T21:55:09.0310750Z ##[group]Checking out the ref
2026-06-25T21:55:09.0313430Z [command]/opt/homebrew/bin/git checkout --progress --force -B main refs/remotes/origin/main
2026-06-25T21:55:09.0412350Z Switched to a new branch 'main'
2026-06-25T21:55:09.0417810Z branch 'main' set up to track 'origin/main'.
2026-06-25T21:55:09.0422640Z ##[endgroup]
2026-06-25T21:55:09.0479680Z [command]/opt/homebrew/bin/git log -1 --format=%H
2026-06-25T21:55:09.0521250Z fad92caecd9841f0454e28c3567ada42685cb6b3
2026-06-25T21:55:09.0674550Z ##[group]Run xcodebuild -version
2026-06-25T21:55:09.0675910Z [36;1mxcodebuild -version[0m
2026-06-25T21:55:09.0676730Z [36;1mecho "iPhoneOS SDK: $(xcrun --sdk iphoneos --show-sdk-path)"[0m
2026-06-25T21:55:09.0677600Z [36;1mclang --version[0m
2026-06-25T21:55:09.0742540Z shell: /bin/bash -e {0}
2026-06-25T21:55:09.0743130Z ##[endgroup]
2026-06-25T21:55:09.2689510Z Xcode 15.4
2026-06-25T21:55:09.2694180Z Build version 15F31d
2026-06-25T21:55:10.3964700Z iPhoneOS SDK: /Applications/Xcode_15.4.app/Contents/Developer/Platforms/iPhoneOS.platform/Developer/SDKs/iPhoneOS17.5.sdk
2026-06-25T21:55:10.8831840Z Apple clang version 15.0.0 (clang-1500.3.9.4)
2026-06-25T21:55:10.8832210Z Target: arm64-apple-darwin23.6.0
2026-06-25T21:55:10.8832470Z Thread model: posix
2026-06-25T21:55:10.8832930Z InstalledDir: /Applications/Xcode_15.4.app/Contents/Developer/Toolchains/XcodeDefault.xctoolchain/usr/bin
2026-06-25T21:55:10.8894060Z ##[group]Run brew update
2026-06-25T21:55:10.8894310Z [36;1mbrew update[0m
2026-06-25T21:55:10.8894660Z [36;1m# nasm/yasm: x86 asm (not used for arm64 but configure probes for them)[0m
2026-06-25T21:55:10.8895100Z [36;1m# automake/autoconf/libtool: needed for the libs cloned from git[0m
2026-06-25T21:55:10.8895510Z [36;1m# cmake/meson/ninja: x265 (cmake) and dav1d (meson)[0m
2026-06-25T21:55:10.8895890Z [36;1m# ldid: ad-hoc / entitlement signing so the binary runs on the device[0m
2026-06-25T21:55:10.8896400Z [36;1mbrew install nasm yasm automake autoconf libtool cmake meson ninja ldid coreutils pkg-config[0m
2026-06-25T21:55:10.8954890Z shell: /bin/bash -e {0}
2026-06-25T21:55:10.8955140Z ##[endgroup]
2026-06-25T21:55:12.1108850Z [34m==>[0m [1mUpdating Homebrew...[0m
2026-06-25T21:55:28.0783850Z To restore the stashed changes to /opt/homebrew/Library/Taps/homebrew/homebrew-core, run:
2026-06-25T21:55:28.0789350Z   cd /opt/homebrew/Library/Taps/homebrew/homebrew-core && git stash pop
2026-06-25T21:55:30.2219790Z ✔︎ JSON API packages.arm64_sonoma.jws.json
2026-06-25T21:55:30.5310290Z [34m==>[0m [1mHomebrew's analytics have entirely moved to our InfluxDB instance in the EU.[0m
2026-06-25T21:55:30.5311070Z We gather less data than before and have destroyed all Google Analytics data:
2026-06-25T21:55:30.5321040Z   [4mhttps://docs.brew.sh/Analytics[24m[0m
2026-06-25T21:55:30.5322830Z Please reconsider re-enabling analytics to help our volunteer maintainers with:
2026-06-25T21:55:30.5327260Z   brew analytics on
2026-06-25T21:55:30.5490250Z [34m==>[0m [1mHomebrew is run entirely by unpaid volunteers. Please consider donating:[0m
2026-06-25T21:55:30.5490970Z   [4mhttps://github.com/Homebrew/brew#donations[24m
2026-06-25T21:55:30.5500020Z 
2026-06-25T21:55:30.9932950Z Updated 5 taps (hashicorp/tap, azure/bicep, aws/tap, homebrew/core and homebrew/cask).
2026-06-25T21:55:30.9945900Z [34m==>[0m [1mNew Formulae[0m
2026-06-25T21:55:31.3176330Z actions-languageserver: Language server for GitHub Actions YAML files
2026-06-25T21:55:31.3177100Z asccli: App Store Connect CLI to manage apps, versions, and screenshots
2026-06-25T21:55:31.3177600Z avisynthplus: Improved version of the AviSynth frameserver
2026-06-25T21:55:31.3178000Z beets: Music library manager and tagger
2026-06-25T21:55:31.3178580Z bttf: CLI tool for datetime arithmetic, parsing, formatting and more
2026-06-25T21:55:31.3179240Z buffa: Pure-Rust Protocol Buffers implementation with editions support
2026-06-25T21:55:31.3179870Z civetweb: C/C++ embeddable web server with optional CGI, SSL and Lua support
2026-06-25T21:55:31.3180560Z coacd: Approximate convex decomposition for 3D meshes with collision-aware concavity
2026-06-25T21:55:31.3181100Z concord: Terminal user interface client for Discord
2026-06-25T21:55:31.3181630Z container-use: Dev envs for coding agents. Run multiple agents safely with your stack
2026-06-25T21:55:31.3182150Z container2wasm: Container to WASM converter
2026-06-25T21:55:31.3190730Z cyclonedx-cli: Tool for analysis and manipulation of CycloneDX SBOMs
2026-06-25T21:55:31.3191150Z dbx-cli: Command-line interface for DBX database connections, schema, and safe queries
2026-06-25T21:55:31.3191700Z dbxcli: Command-line tool for Dropbox users and team admins
2026-06-25T21:55:31.3192160Z depsguard: Harden package manager configs against supply chain attacks
2026-06-25T21:55:31.3192680Z draw-things-cli: Local inference and LoRA training CLI for Draw Things
2026-06-25T21:55:31.3193200Z eas-cli: Command-line tool for working with Expo Application Services
2026-06-25T21:55:31.3193670Z fakecloud: Free, open-source local AWS cloud emulator for integration testing
2026-06-25T21:55:31.3194230Z gcc@15: GNU compiler collection
2026-06-25T21:55:31.3195690Z gnhf: Autonomous agent orchestrator for long-running coding tasks
2026-06-25T21:55:31.3212080Z hashicorp/tap/tfctl
2026-06-25T21:55:31.3215430Z ip2location: C library and CLI to geolocate IP addresses
2026-06-25T21:55:31.3217960Z isponsorblocktv: SponsorBlock client for all YouTube TV clients
2026-06-25T21:55:31.3219160Z just-lsp: Language server for just
2026-06-25T21:55:31.3221180Z jwt-ui: TUI for decoding and encoding JWT tokens
2026-06-25T21:55:31.3223090Z kdash: Simple and fast dashboard for Kubernetes
2026-06-25T21:55:31.3224850Z keyd: Key remapping daemon for Linux
2026-06-25T21:55:31.3227010Z kubectl-explore: Better kubectl explain with the fuzzy finder
2026-06-25T21:55:31.3229290Z libcext: C utility library for Common Pipeline Library (CPL)
2026-06-25T21:55:31.3232000Z liquidsoap: Audio and video streaming language
2026-06-25T21:55:31.3234980Z md-tui: Markdown renderer in the terminal written in rust
2026-06-25T21:55:31.3237760Z merman-cli: Mermaid.js, but headless, in Rust
2026-06-25T21:55:31.3240440Z mimo-code: AI coding agent with cross-session memory
2026-06-25T21:55:31.3243320Z minibwa: Successor of BWA-MEM for short-read alignment
2026-06-25T21:55:31.3246370Z msgvault: Archive a lifetime of email and chat with offline search and analytics
2026-06-25T21:55:31.3249590Z netwatch: Cross-platform realtime network diagnostics TUI
2026-06-25T21:55:31.3252930Z nvi2: Multibyte fork of the nvi editor for BSD
2026-06-25T21:55:31.3256330Z officecli: Read, edit, and automate Office documents (.docx, .xlsx, .pptx)
2026-06-25T21:55:31.3259710Z openturns: Probabilistic modelling and uncertainty quantification library
2026-06-25T21:55:31.3262780Z pdf.tocgen: CLI toolset to generate table of contents for PDF files automatically
2026-06-25T21:55:31.3266330Z pkgsite: Documentation server for Go packages
2026-06-25T21:55:31.3269770Z poppler-qt6: PDF rendering library (based on the xpdf-3.0 code base)
2026-06-25T21:55:31.3273180Z proton-pass-cli: Command-line interface for Proton Pass
2026-06-25T21:55:31.3276810Z pup: CLI companion with 200+ commands across 33+ Datadog products
2026-06-25T21:55:31.3280390Z pv-migrate: CLI tool to migrate or backup/restore Kubernetes persistent volumes
2026-06-25T21:55:31.3284100Z pypy3.11: Implementation of Python 3 in Python
2026-06-25T21:55:31.3288130Z redli: Humane alternative to redis-cli with TLS support
2026-06-25T21:55:31.3292470Z safestringlib: Safe string operations and memory routines
2026-06-25T21:55:31.3297540Z slint-compiler: Compiler for the Slint UI markup language
2026-06-25T21:55:31.3302360Z socktainer: Docker-compatible REST API on top of Apple container
2026-06-25T21:55:31.3307360Z speech: On-device speech toolkit for Apple Silicon: ASR, TTS, VAD, diarization
2026-06-25T21:55:31.3312480Z splitrail: Real-time token usage tracker and cost monitor for CLI coding agents
2026-06-25T21:55:31.3318630Z swgp-go: Simple WireGuard proxy with minimal overhead for WireGuard traffic
2026-06-25T21:55:31.3325660Z syswatch: Cross-platform system diagnostics TUI
2026-06-25T21:55:31.3331930Z taproom: Interactive TUI for Homebrew
2026-06-25T21:55:31.3340080Z tirith: Detect terminal injection, homograph, and pipe-to-shell attacks
2026-06-25T21:55:31.3346730Z ttl: Modern traceroute/mtr-style TUI with hop stats and ASN/geo enrichment
2026-06-25T21:55:31.3357230Z tubeup: Use yt-dlp to download video/metadata and upload to the Internet Archive
2026-06-25T21:55:31.3370310Z tuxedo: Fast, keyboard-driven terminal UI for todo.txt
2026-06-25T21:55:31.3378340Z unuran: UNU.RAN - Universal Non-Uniform RANdom number generator
2026-06-25T21:55:31.3386320Z vdt: Math library of fast, approximate and vectorisable trascendental functions
2026-06-25T21:55:31.3393800Z vulcain: Fast and idiomatic client-driven REST APIs
2026-06-25T21:55:31.3402310Z wx-cli: WeChat 4.x local data CLI with daemon architecture
2026-06-25T21:55:31.3412150Z zot: Lightweight coding agent harness written in Go
2026-06-25T21:55:31.3435720Z [34m==>[0m [1mNew Casks[0m
2026-06-25T21:55:31.5971360Z 8bitdo-firmware-updater: Firmware updater for 8BitDo controllers
2026-06-25T21:55:31.5972670Z altersend: Secure, peer-to-peer file transfer app
2026-06-25T21:55:31.5973260Z annotate: Keyboard-driven screen annotation tool
2026-06-25T21:55:31.5974020Z ariax: Aria2 download manager
2026-06-25T21:55:31.5974880Z baseline: Automate onboardings by installing apps and running scripts
2026-06-25T21:55:31.5975600Z bettercmdtab: Replacement for the built-in Cmd+Tab app switcher
2026-06-25T21:55:31.5976140Z brave-origin: Privacy-focused web browser
2026-06-25T21:55:31.5976670Z brave-origin@beta: Privacy-focused web browser
2026-06-25T21:55:31.5977200Z brave-origin@nightly: Privacy-focused web browser
2026-06-25T21:55:31.5977620Z clarify: Autonomous CRM
2026-06-25T21:55:31.5978020Z cotypist: System-wide AI autocomplete
2026-06-25T21:55:31.5978650Z ctivo: Download and convert Tivo shows
2026-06-25T21:55:31.5979310Z flow5: Potential flow solver for preliminary aerodynamic and hydrofoil design
2026-06-25T21:55:31.5982850Z font-paperlogy
2026-06-25T21:55:31.5986030Z font-yuyu
2026-06-25T21:55:31.5988260Z font-yuyu-short
2026-06-25T21:55:31.5990740Z go2tv: Cast media files to Smart TVs and Chromecast devices
2026-06-25T21:55:31.5993170Z greensignal: Pre-call check for camera, microphone, speaker, and network quality
2026-06-25T21:55:31.5996010Z kde-connect: Communicate with your handheld devices
2026-06-25T21:55:31.5999720Z meta-quest-remote-desktop: Remote desktop companion app for Meta Quest headsets
2026-06-25T21:55:31.6003050Z navigator: Companion app for ZSA's Navigator trackpad
2026-06-25T21:55:31.6006530Z open-design: Local-first, agent-native design tool
2026-06-25T21:55:31.6009990Z palmier-pro: Video Editor built for AI
2026-06-25T21:55:31.6013740Z platinum-notes: Improve audio quality of music files
2026-06-25T21:55:31.6017810Z pycharm-oss: Open-source edition of PyCharm
2026-06-25T21:55:31.6021910Z r-rig-app: R Installation Manager
2026-06-25T21:55:31.6025590Z radix: Disk space analyzer
2026-06-25T21:55:31.6029980Z seekfast: Search text in documents and files
2026-06-25T21:55:31.6033790Z shade: AI-powered media storage and asset management platform
2026-06-25T21:55:31.6038250Z silkypix-developer-studio-se: RAW image development software used with Panasonic products
2026-06-25T21:55:31.6043100Z supaterm: Terminal emulator with built-in agent automation
2026-06-25T21:55:31.6047600Z sxitch: Tree based app switcher
2026-06-25T21:55:31.6052280Z terax: Terminal-first AI-native developer workspace
2026-06-25T21:55:31.6057250Z tikz-editor: WYSIWYG editor for TikZ diagrams in LaTeX
2026-06-25T21:55:31.6061800Z tunarr: Create your own live TV channels from media on Plex, Jellyfin, Emby
2026-06-25T21:55:31.6066530Z typewhisper: Speech-to-text and AI text processing
2026-06-25T21:55:32.6379590Z [34m==>[0m [1mOutdated Formulae[0m
2026-06-25T21:55:32.6457550Z aws-sam-cli
2026-06-25T21:55:32.6461470Z certifi
2026-06-25T21:55:32.6478430Z cmake
2026-06-25T21:55:32.6483040Z cryptography
2026-06-25T21:55:32.6485620Z curl
2026-06-25T21:55:32.6506430Z gcc
2026-06-25T21:55:32.6509530Z gh
2026-06-25T21:55:32.6518100Z gradle
2026-06-25T21:55:32.6518430Z jq
2026-06-25T21:55:32.6518750Z node@22
2026-06-25T21:55:32.6519030Z pipx
2026-06-25T21:55:32.6519210Z python@3.13
2026-06-25T21:55:32.6520050Z python@3.14
2026-06-25T21:55:32.6520330Z rustup
2026-06-25T21:55:32.6520580Z selenium-server
2026-06-25T21:55:32.6520870Z xcodes
2026-06-25T21:55:32.6521290Z [34m==>[0m [1mOutdated Casks[0m
2026-06-25T21:55:32.6521720Z firefox
2026-06-25T21:55:32.6521910Z google-chrome
2026-06-25T21:55:32.6527750Z microsoft-edge
2026-06-25T21:55:32.6527960Z session-manager-plugin
2026-06-25T21:55:32.6528120Z 
2026-06-25T21:55:32.6528600Z You have [1m16[0m outdated formulae and [1m4[0m outdated casks installed.
2026-06-25T21:55:32.6529160Z You can upgrade them with [1mbrew upgrade[0m
2026-06-25T21:55:32.6538530Z or list them with [1mbrew outdated[0m.
2026-06-25T21:55:32.7097170Z ##[warning]Skipping aws/tap because it is not trusted. Run `brew trust aws/tap` to trust it.
2026-06-25T21:55:32.7105740Z ##[warning]Skipping azure/bicep because it is not trusted. Run `brew trust azure/bicep` to trust it.
2026-06-25T21:55:38.1276670Z ##[warning]Skipping aws/tap because it is not trusted. Run `brew trust aws/tap` to trust it.
2026-06-25T21:55:46.2052020Z cmake 4.3.3 is already installed but outdated (so it will be upgraded).
2026-06-25T21:55:46.2063740Z [33mWarning:[0m ninja 1.13.2 is already installed and up-to-date.
2026-06-25T21:55:46.2064900Z To reinstall 1.13.2, run:
2026-06-25T21:55:46.2065190Z   brew reinstall ninja
2026-06-25T21:55:46.2083830Z [33mWarning:[0m pkgconf 2.5.1 is already installed and up-to-date.
2026-06-25T21:55:46.2084330Z To reinstall 2.5.1, run:
2026-06-25T21:55:46.2084570Z   brew reinstall pkgconf
2026-06-25T21:55:46.3729670Z ##[warning]The following taps are not trusted:
  aws/tap
  azure/bicep

Homebrew is currently ignoring formulae, casks and commands from these taps because tap trust is required.
Prefer trusting only the specific formulae, casks or commands you need.
Trust installed formulae from these taps with:
  brew trust --formula azure/bicep/bicep
Trust other specific casks and commands with:
  brew trust --cask <user>/<tap>/<cask>
  brew trust --command <user>/<tap>/<command>
Whole-tap trust is broader and includes all current and future formulae,
casks and commands from the listed taps. Trust whole taps with:
  brew trust aws/tap azure/bicep
Untap them with:
  brew untap aws/tap azure/bicep
To disable trust checks:
  export HOMEBREW_NO_REQUIRE_TAP_TRUST=1
This is not recommended and will be removed in a later release.
For more information, see:
  https://docs.brew.sh/Tap-Trust

2026-06-25T21:55:46.7737790Z [34m==>[0m [1mWould install 9 formulae:[0m
2026-06-25T21:55:46.7738470Z nasm yasm automake autoconf libtool cmake meson ldid coreutils
2026-06-25T21:55:46.7758330Z [34m==>[0m [1mDownloading https://ghcr.io/v2/homebrew/core/nasm/manifests/3.01[0m
2026-06-25T21:55:47.0126550Z [34m==>[0m [1mDownloading https://ghcr.io/v2/homebrew/core/yasm/manifests/1.3.0_2-1[0m
2026-06-25T21:55:47.3289810Z [34m==>[0m [1mDownloading https://ghcr.io/v2/homebrew/core/automake/manifests/1.18.1_1[0m
2026-06-25T21:55:47.7151180Z [34m==>[0m [1mWould install 2 dependencies for automake:[0m
2026-06-25T21:55:47.7151700Z m4
2026-06-25T21:55:47.7151940Z autoconf
2026-06-25T21:55:47.7160880Z [34m==>[0m [1mDownloading https://ghcr.io/v2/homebrew/core/autoconf/manifests/2.73[0m
2026-06-25T21:55:48.0387450Z [34m==>[0m [1mWould install 1 dependency for autoconf:[0m
2026-06-25T21:55:48.0387990Z m4
2026-06-25T21:55:48.0397830Z [34m==>[0m [1mDownloading https://ghcr.io/v2/homebrew/core/libtool/manifests/2.5.4[0m
2026-06-25T21:55:48.3389320Z [34m==>[0m [1mWould install 1 dependency for libtool:[0m
2026-06-25T21:55:48.3389760Z m4
2026-06-25T21:55:48.3398040Z [34m==>[0m [1mDownloading https://ghcr.io/v2/homebrew/core/cmake/manifests/4.3.4[0m
2026-06-25T21:55:48.5639790Z [34m==>[0m [1mDownloading https://ghcr.io/v2/homebrew/core/meson/manifests/1.11.1[0m
2026-06-25T21:55:48.8723140Z [34m==>[0m [1mWould install 1 dependency for meson:[0m
2026-06-25T21:55:48.8723490Z python@3.14
2026-06-25T21:55:48.8730620Z [34m==>[0m [1mDownloading https://ghcr.io/v2/homebrew/core/ldid/manifests/2.1.5_1-1[0m
2026-06-25T21:55:49.0972890Z [34m==>[0m [1mWould install 1 dependency for ldid:[0m
2026-06-25T21:55:49.0973240Z libplist
2026-06-25T21:55:49.0979240Z [34m==>[0m [1mDownloading https://ghcr.io/v2/homebrew/core/coreutils/manifests/9.11[0m
2026-06-25T21:55:49.3638360Z [32m==>[0m [1mFetching downloads for: [32mnasm[39m, [32myasm[39m, [32mautomake[39m, [32mautoconf[39m, [32mlibtool[39m, [32mcmake[39m, [32mmeson[39m, [32mldid[39m and [32mcoreutils[39m[0m
2026-06-25T21:55:49.6804230Z ✔︎ Bottle Manifest m4 (1.4.21)
2026-06-25T21:55:49.7355680Z ✔︎ Bottle autoconf (2.73)
2026-06-25T21:55:49.7993710Z ✔︎ Bottle nasm (3.01)
2026-06-25T21:55:49.8026270Z ✔︎ Bottle m4 (1.4.21)
2026-06-25T21:55:49.8061640Z ✔︎ Bottle automake (1.18.1_1)
2026-06-25T21:55:49.9587090Z ✔︎ Bottle yasm (1.3.0_2)
2026-06-25T21:55:50.0312410Z ✔︎ Bottle libtool (2.5.4)
2026-06-25T21:55:50.0993330Z ✔︎ Bottle Manifest python@3.14 (3.14.6)
2026-06-25T21:55:50.0999560Z ✔︎ Bottle Manifest libplist (2.7.0)
2026-06-25T21:55:50.2238110Z ✔︎ Bottle meson (1.11.1)
2026-06-25T21:55:50.3753280Z ✔︎ Bottle ldid (2.1.5_1)
2026-06-25T21:55:50.4546580Z ✔︎ Bottle libplist (2.7.0)
2026-06-25T21:55:50.5795150Z ✔︎ Bottle coreutils (9.11)
2026-06-25T21:55:51.1087370Z ✔︎ Bottle cmake (4.3.4)
2026-06-25T21:55:51.4245370Z ✔︎ Bottle python@3.14 (3.14.6)
2026-06-25T21:55:51.4832610Z [34m==>[0m [1mPouring nasm--3.01.arm64_sonoma.bottle.tar.gz[0m
2026-06-25T21:55:51.5336460Z 🍺  /opt/homebrew/Cellar/nasm/3.01: 12 files, 3.1MB
2026-06-25T21:55:51.5349830Z [34m==>[0m [1mPouring yasm--1.3.0_2.arm64_sonoma.bottle.1.tar.gz[0m
2026-06-25T21:55:51.5602360Z 🍺  /opt/homebrew/Cellar/yasm/1.3.0_2: 44 files, 3.5MB
2026-06-25T21:55:51.5641470Z [32m==>[0m [1mInstalling dependencies for automake: [32mm4[39m and [32mautoconf[39m[0m
2026-06-25T21:55:51.5642740Z [32m==>[0m [1mInstalling automake dependency: [32mm4[39m[0m
2026-06-25T21:55:51.5657830Z [34m==>[0m [1mPouring m4--1.4.21.arm64_sonoma.bottle.tar.gz[0m
2026-06-25T21:55:51.5835870Z 🍺  /opt/homebrew/Cellar/m4/1.4.21: 14 files, 814.5KB
2026-06-25T21:55:51.5837650Z [32m==>[0m [1mInstalling automake dependency: [32mautoconf[39m[0m
2026-06-25T21:55:51.5908980Z [34m==>[0m [1mPouring autoconf--2.73.arm64_sonoma.bottle.tar.gz[0m
2026-06-25T21:55:51.6304690Z 🍺  /opt/homebrew/Cellar/autoconf/2.73: 73 files, 3.8MB
2026-06-25T21:55:51.6309290Z [32m==>[0m [1mInstalling [32mautomake[39m[0m
2026-06-25T21:55:51.6310500Z [34m==>[0m [1mPouring automake--1.18.1_1.arm64_sonoma.bottle.tar.gz[0m
2026-06-25T21:55:51.6816450Z 🍺  /opt/homebrew/Cellar/automake/1.18.1_1: 134 files, 3.6MB
2026-06-25T21:55:51.6862480Z [34m==>[0m [1mPouring libtool--2.5.4.arm64_sonoma.bottle.tar.gz[0m
2026-06-25T21:55:51.7709740Z [34m==>[0m [1mCaveats[0m
2026-06-25T21:55:51.7710160Z All commands have been installed with the prefix "g".
2026-06-25T21:55:51.7710480Z If you need to use these commands with their normal names, you
2026-06-25T21:55:51.7710810Z can add a "gnubin" directory to your PATH from your bashrc like:
2026-06-25T21:55:51.7711220Z   PATH="/opt/homebrew/opt/libtool/libexec/gnubin:$PATH"
2026-06-25T21:55:51.7711520Z [34m==>[0m [1mSummary[0m
2026-06-25T21:55:51.7732360Z 🍺  /opt/homebrew/Cellar/libtool/2.5.4: 76 files, 4.1MB
2026-06-25T21:55:51.7741120Z [32m==>[0m [1mUpgrading [32mcmake[39m[0m
2026-06-25T21:55:51.7741380Z   4.3.3 -> 4.3.4 
2026-06-25T21:55:51.7817410Z [34m==>[0m [1mPouring cmake--4.3.4.arm64_sonoma.bottle.tar.gz[0m
2026-06-25T21:55:52.0261190Z [34m==>[0m [1mCaveats[0m
2026-06-25T21:55:52.0268600Z To install the CMake documentation, run:
2026-06-25T21:55:52.0268880Z   brew install cmake-docs
2026-06-25T21:55:52.0269110Z [34m==>[0m [1mSummary[0m
2026-06-25T21:55:52.0965570Z 🍺  /opt/homebrew/Cellar/cmake/4.3.4: 4,041 files, 66.4MB
2026-06-25T21:55:52.1373310Z [34m==>[0m [1mPouring meson--1.11.1.all.bottle.tar.gz[0m
2026-06-25T21:55:52.2778870Z 🍺  /opt/homebrew/Cellar/meson/1.11.1: 268 files, 4.3MB
2026-06-25T21:55:52.2897820Z [32m==>[0m [1mInstalling ldid dependency: [32mlibplist[39m[0m
2026-06-25T21:55:52.2950020Z [34m==>[0m [1mPouring libplist--2.7.0.arm64_sonoma.bottle.tar.gz[0m
2026-06-25T21:55:52.4130890Z 🍺  /opt/homebrew/Cellar/libplist/2.7.0: 32 files, 660.7KB
2026-06-25T21:55:52.4135430Z [34m==>[0m [1mPouring ldid--2.1.5_1.arm64_sonoma.bottle.1.tar.gz[0m
2026-06-25T21:55:52.4739510Z 🍺  /opt/homebrew/Cellar/ldid/2.1.5_1: 6 files, 288KB
2026-06-25T21:55:52.4849040Z [34m==>[0m [1mPouring coreutils--9.11.arm64_sonoma.bottle.tar.gz[0m
2026-06-25T21:55:52.7755300Z [34m==>[0m [1mCaveats[0m
2026-06-25T21:55:52.7755740Z Commands also provided by macOS and the commands dir, dircolors, vdir have been installed with the prefix "g".
2026-06-25T21:55:52.7756310Z If you need to use these commands with their normal names, you can add a "gnubin" directory to your PATH with:
2026-06-25T21:55:52.7756860Z   PATH="/opt/homebrew/opt/coreutils/libexec/gnubin:$PATH"
2026-06-25T21:55:52.7757150Z [34m==>[0m [1mSummary[0m
2026-06-25T21:55:52.7836350Z 🍺  /opt/homebrew/Cellar/coreutils/9.11: 457 files, 13.0MB
2026-06-25T21:55:52.7839940Z [32m==>[0m [1mCaveats[0m
2026-06-25T21:55:52.7840380Z Bash completion has been installed to:
2026-06-25T21:55:52.7840630Z   /opt/homebrew/etc/bash_completion.d
2026-06-25T21:55:52.7840850Z Emacs Lisp files have been installed to:
2026-06-25T21:55:52.7841080Z   /opt/homebrew/share/emacs/site-lisp/cmake
2026-06-25T21:55:52.7841330Z [34m==>[0m [1mlibtool[0m
2026-06-25T21:55:52.7841600Z All commands have been installed with the prefix "g".
2026-06-25T21:55:52.7841910Z If you need to use these commands with their normal names, you
2026-06-25T21:55:52.7842230Z can add a "gnubin" directory to your PATH from your bashrc like:
2026-06-25T21:55:52.7842550Z   PATH="/opt/homebrew/opt/libtool/libexec/gnubin:$PATH"
2026-06-25T21:55:52.7842820Z [34m==>[0m [1mcmake[0m
2026-06-25T21:55:52.7843000Z To install the CMake documentation, run:
2026-06-25T21:55:52.7843210Z   brew install cmake-docs
2026-06-25T21:55:52.7843430Z [34m==>[0m [1mcoreutils[0m
2026-06-25T21:55:52.7843810Z Commands also provided by macOS and the commands dir, dircolors, vdir have been installed with the prefix "g".
2026-06-25T21:55:52.7844390Z If you need to use these commands with their normal names, you can add a "gnubin" directory to your PATH with:
2026-06-25T21:55:52.7844830Z   PATH="/opt/homebrew/opt/coreutils/libexec/gnubin:$PATH"
2026-06-25T21:55:52.8025790Z ##[group]Run bash scripts/build-ffmpeg-ios.sh "8.1.2" "14.0"
2026-06-25T21:55:52.8026120Z [36;1mbash scripts/build-ffmpeg-ios.sh "8.1.2" "14.0"[0m
2026-06-25T21:55:52.8116030Z shell: /bin/bash -e {0}
2026-06-25T21:55:52.8116230Z ##[endgroup]
2026-06-25T21:55:55.3969250Z ==> FFmpeg 8.1.2 | iOS min 14.0 | 3 jobs
2026-06-25T21:55:55.3969970Z ==> SDK: /Applications/Xcode_15.4.app/Contents/Developer/Platforms/iPhoneOS.platform/Developer/SDKs/iPhoneOS17.5.sdk
2026-06-25T21:55:55.3971240Z ##[group]PREFLIGHT: toolchain facts
2026-06-25T21:55:55.3992400Z uname        : Darwin sjc22-bm205-325f3dfa-e234-4d73-8ce5-d68fea1b6b10-7E6AF075953A.local 23.6.0 Darwin Kernel Version 23.6.0: Tue Apr 21 20:17:41 PDT 2026; root:xnu-10063.141.1.712.16~1/RELEASE_ARM64_VMAPPLE arm64
2026-06-25T21:55:55.3993310Z host clang   :
2026-06-25T21:55:55.4218180Z     Apple clang version 15.0.0 (clang-1500.3.9.4)
2026-06-25T21:55:55.4218770Z     Target: arm64-apple-darwin23.6.0
2026-06-25T21:55:55.4219340Z     Thread model: posix
2026-06-25T21:55:55.4219880Z     InstalledDir: /Applications/Xcode_15.4.app/Contents/Developer/Toolchains/XcodeDefault.xctoolchain/usr/bin
2026-06-25T21:55:55.4220630Z target CC    : /Applications/Xcode_15.4.app/Contents/Developer/Toolchains/XcodeDefault.xctoolchain/usr/bin/clang
2026-06-25T21:55:55.4221150Z CC version   :
2026-06-25T21:55:55.4280400Z     Apple clang version 15.0.0 (clang-1500.3.9.4)
2026-06-25T21:55:55.4280740Z     Target: arm64-apple-darwin23.6.0
2026-06-25T21:55:55.4281000Z     Thread model: posix
2026-06-25T21:55:55.4281410Z     InstalledDir: /Applications/Xcode_15.4.app/Contents/Developer/Toolchains/XcodeDefault.xctoolchain/usr/bin
2026-06-25T21:55:55.4282850Z SDKPATH      : /Applications/Xcode_15.4.app/Contents/Developer/Platforms/iPhoneOS.platform/Developer/SDKs/iPhoneOS17.5.sdk
2026-06-25T21:55:55.4283380Z     (exists)
2026-06-25T21:55:55.4284330Z CFLAGS       : -arch arm64 -isysroot /Applications/Xcode_15.4.app/Contents/Developer/Platforms/iPhoneOS.platform/Developer/SDKs/iPhoneOS17.5.sdk -miphoneos-version-min=14.0 -I/Users/runner/work/LiteReplayd/LiteReplayd/build/prefix/include -fPIC -O2
2026-06-25T21:55:55.4285950Z LDFLAGS      : -arch arm64 -isysroot /Applications/Xcode_15.4.app/Contents/Developer/Platforms/iPhoneOS.platform/Developer/SDKs/iPhoneOS17.5.sdk -miphoneos-version-min=14.0 -L/Users/runner/work/LiteReplayd/LiteReplayd/build/prefix/lib
2026-06-25T21:55:55.4286860Z HOST_TRIPLE  : aarch64-apple-darwin
2026-06-25T21:55:55.4287220Z -- TEST 1: compile+link with target toolchain (verbose) --
2026-06-25T21:55:55.7024110Z [TEST1 = PASS] compile+link succeeded
2026-06-25T21:55:55.7305860Z /Users/runner/work/LiteReplayd/LiteReplayd/build/t.out: Mach-O 64-bit executable arm64
2026-06-25T21:55:55.7307130Z -- TEST 2: can the produced iOS binary RUN on this macOS host? --
2026-06-25T21:55:55.7317770Z scripts/build-ffmpeg-ios.sh: line 87:  9293 Killed: 9               "$WORK/t.out" 2> "$WORK/t.run.log"
2026-06-25T21:55:55.7318970Z [TEST2 = CANNOT RUN] rc=137 — expected for a cross build.
2026-06-25T21:55:55.7319550Z     => any configure that RUNS its test binary will wrongly report 'no working compiler'.
2026-06-25T21:55:55.7337110Z ##[endgroup]
2026-06-25T21:55:55.7340540Z ==> x264
2026-06-25T21:55:55.7384560Z Cloning into '/Users/runner/work/LiteReplayd/LiteReplayd/build/src/x264'...
2026-06-25T21:56:03.0165700Z platform:       AARCH64
2026-06-25T21:56:03.0165980Z byte order:     little-endian
2026-06-25T21:56:03.0166320Z system:         MACOSX
2026-06-25T21:56:03.0166610Z cli:            no
2026-06-25T21:56:03.0166900Z libx264:        internal
2026-06-25T21:56:03.0167290Z shared:         no
2026-06-25T21:56:03.0167570Z static:         yes
2026-06-25T21:56:03.0167820Z bashcompletion: no
2026-06-25T21:56:03.0168040Z asm:            yes
2026-06-25T21:56:03.0168200Z interlaced:     yes
2026-06-25T21:56:03.0168360Z avs:            no
2026-06-25T21:56:03.0168550Z lavf:           no
2026-06-25T21:56:03.0168870Z ffms:           no
2026-06-25T21:56:03.0169060Z mp4:            no
2026-06-25T21:56:03.0169970Z gpl:            yes
2026-06-25T21:56:03.0170230Z thread:         posix
2026-06-25T21:56:03.0170440Z opencl:         yes
2026-06-25T21:56:03.0170730Z filters:        crop select_every
2026-06-25T21:56:03.0171020Z lto:            no
2026-06-25T21:56:03.0171190Z debug:          no
2026-06-25T21:56:03.0171340Z gprof:          no
2026-06-25T21:56:03.0171560Z strip:          no
2026-06-25T21:56:03.0171850Z PIC:            yes
2026-06-25T21:56:03.0172160Z bit depth:      all
2026-06-25T21:56:03.0172320Z chroma format:  all
2026-06-25T21:56:03.0178850Z 
2026-06-25T21:56:03.0179060Z You can run 'make' or 'make fprofiled' now.
2026-06-25T21:56:03.0279010Z cat common/opencl/x264-cl.h common/opencl/bidir.cl common/opencl/downscale.cl common/opencl/intra.cl common/opencl/motionsearch.cl common/opencl/subpel.cl common/opencl/weightp.cl | ./tools/cltostr.sh common/oclobj.h
2026-06-25T21:56:03.0712060Z /Applications/Xcode_15.4.app/Contents/Developer/Toolchains/XcodeDefault.xctoolchain/usr/bin/clang -Wshadow -O3 -ffast-math -arch arm64 -isysroot /Applications/Xcode_15.4.app/Contents/Developer/Platforms/iPhoneOS.platform/Developer/SDKs/iPhoneOS17.5.sdk -miphoneos-version-min=14.0 -I/Users/runner/work/LiteReplayd/LiteReplayd/build/prefix/include -fPIC -O2 -Wall -I. -I. --sysroot=/Applications/Xcode_15.4.app/Contents/Developer/Platforms/iPhoneOS.platform/Developer/SDKs/iPhoneOS17.5.sdk -arch arm64 -isysroot /Applications/Xcode_15.4.app/Contents/Developer/Platforms/iPhoneOS.platform/Developer/SDKs/iPhoneOS17.5.sdk -miphoneos-version-min=14.0 -I/Users/runner/work/LiteReplayd/LiteReplayd/build/prefix/include -fPIC -O2 -arch arm64 -std=gnu99 -D_GNU_SOURCE -fPIC -fomit-frame-pointer -fno-tree-vectorize -fvisibility=hidden   -c common/osdep.c -o common/osdep.o -MMD -MF common/osdep.d
2026-06-25T21:56:03.0718120Z /Applications/Xcode_15.4.app/Contents/Developer/Toolchains/XcodeDefault.xctoolchain/usr/bin/clang -Wshadow -O3 -ffast-math -arch arm64 -isysroot /Applications/Xcode_15.4.app/Contents/Developer/Platforms/iPhoneOS.platform/Developer/SDKs/iPhoneOS17.5.sdk -miphoneos-version-min=14.0 -I/Users/runner/work/LiteReplayd/LiteReplayd/build/prefix/include -fPIC -O2 -Wall -I. -I. --sysroot=/Applications/Xcode_15.4.app/Contents/Developer/Platforms/iPhoneOS.platform/Developer/SDKs/iPhoneOS17.5.sdk -arch arm64 -isysroot /Applications/Xcode_15.4.app/Contents/Developer/Platforms/iPhoneOS.platform/Developer/SDKs/iPhoneOS17.5.sdk -miphoneos-version-min=14.0 -I/Users/runner/work/LiteReplayd/LiteReplayd/build/prefix/include -fPIC -O2 -arch arm64 -std=gnu99 -D_GNU_SOURCE -fPIC -fomit-frame-pointer -fno-tree-vectorize -fvisibility=hidden   -c common/base.c -o common/base.o -MMD -MF common/base.d
2026-06-25T21:56:03.0759850Z /Applications/Xcode_15.4.app/Contents/Developer/Toolchains/XcodeDefault.xctoolchain/usr/bin/clang -Wshadow -O3 -ffast-math -arch arm64 -isysroot /Applications/Xcode_15.4.app/Contents/Developer/Platforms/iPhoneOS.platform/Developer/SDKs/iPhoneOS17.5.sdk -miphoneos-version-min=14.0 -I/Users/runner/work/LiteReplayd/LiteReplayd/build/prefix/include -fPIC -O2 -Wall -I. -I. --sysroot=/Applications/Xcode_15.4.app/Contents/Developer/Platforms/iPhoneOS.platform/Developer/SDKs/iPhoneOS17.5.sdk -arch arm64 -isysroot /Applications/Xcode_15.4.app/Contents/Developer/Platforms/iPhoneOS.platform/Developer/SDKs/iPhoneOS17.5.sdk -miphoneos-version-min=14.0 -I/Users/runner/work/LiteReplayd/LiteReplayd/build/prefix/include -fPIC -O2 -arch arm64 -std=gnu99 -D_GNU_SOURCE -fPIC -fomit-frame-pointer -fno-tree-vectorize -fvisibility=hidden   -c common/cpu.c -o common/cpu.o -MMD -MF common/cpu.d
2026-06-25T21:56:03.1337630Z /Applications/Xcode_15.4.app/Contents/Developer/Toolchains/XcodeDefault.xctoolchain/usr/bin/clang -Wshadow -O3 -ffast-math -arch arm64 -isysroot /Applications/Xcode_15.4.app/Contents/Developer/Platforms/iPhoneOS.platform/Developer/SDKs/iPhoneOS17.5.sdk -miphoneos-version-min=14.0 -I/Users/runner/work/LiteReplayd/LiteReplayd/build/prefix/include -fPIC -O2 -Wall -I. -I. --sysroot=/Applications/Xcode_15.4.app/Contents/Developer/Platforms/iPhoneOS.platform/Developer/SDKs/iPhoneOS17.5.sdk -arch arm64 -isysroot /Applications/Xcode_15.4.app/Contents/Developer/Platforms/iPhoneOS.platform/Developer/SDKs/iPhoneOS17.5.sdk -miphoneos-version-min=14.0 -I/Users/runner/work/LiteReplayd/LiteReplayd/build/prefix/include -fPIC -O2 -arch arm64 -std=gnu99 -D_GNU_SOURCE -fPIC -fomit-frame-pointer -fno-tree-vectorize -fvisibility=hidden   -c common/tables.c -o common/tables.o -MMD -MF common/tables.d
2026-06-25T21:56:03.1571760Z common/cpu.c:113:22: warning: unused function 'x264_getauxval' [-Wunused-function]
2026-06-25T21:56:03.1575050Z static unsigned long x264_getauxval( unsigned long type )
2026-06-25T21:56:03.1625860Z                      ^
2026-06-25T21:56:03.1628590Z /Applications/Xcode_15.4.app/Contents/Developer/Toolchains/XcodeDefault.xctoolchain/usr/bin/clang -Wshadow -O3 -ffast-math -arch arm64 -isysroot /Applications/Xcode_15.4.app/Contents/Developer/Platforms/iPhoneOS.platform/Developer/SDKs/iPhoneOS17.5.sdk -miphoneos-version-min=14.0 -I/Users/runner/work/LiteReplayd/LiteReplayd/build/prefix/include -fPIC -O2 -Wall -I. -I. --sysroot=/Applications/Xcode_15.4.app/Contents/Developer/Platforms/iPhoneOS.platform/Developer/SDKs/iPhoneOS17.5.sdk -arch arm64 -isysroot /Applications/Xcode_15.4.app/Contents/Developer/Platforms/iPhoneOS.platform/Developer/SDKs/iPhoneOS17.5.sdk -miphoneos-version-min=14.0 -I/Users/runner/work/LiteReplayd/LiteReplayd/build/prefix/include -fPIC -O2 -arch arm64 -std=gnu99 -D_GNU_SOURCE -fPIC -fomit-frame-pointer -fno-tree-vectorize -fvisibility=hidden   -c encoder/api.c -o encoder/api.o -MMD -MF encoder/api.d
2026-06-25T21:56:03.1683680Z 1 warning generated.
2026-06-25T21:56:03.1804230Z /Applications/Xcode_15.4.app/Contents/Developer/Toolchains/XcodeDefault.xctoolchain/usr/bin/clang -Wshadow -O3 -ffast-math -arch arm64 -isysroot /Applications/Xcode_15.4.app/Contents/Developer/Platforms/iPhoneOS.platform/Developer/SDKs/iPhoneOS17.5.sdk -miphoneos-version-min=14.0 -I/Users/runner/work/LiteReplayd/LiteReplayd/build/prefix/include -fPIC -O2 -Wall -I. -I. --sysroot=/Applications/Xcode_15.4.app/Contents/Developer/Platforms/iPhoneOS.platform/Developer/SDKs/iPhoneOS17.5.sdk -arch arm64 -isysroot /Applications/Xcode_15.4.app/Contents/Developer/Platforms/iPhoneOS.platform/Developer/SDKs/iPhoneOS17.5.sdk -miphoneos-version-min=14.0 -I/Users/runner/work/LiteReplayd/LiteReplayd/build/prefix/include -fPIC -O2 -arch arm64 -std=gnu99 -D_GNU_SOURCE -fPIC -fomit-frame-pointer -fno-tree-vectorize -fvisibility=hidden   -c common/mc.c -o common/mc-8.o -MMD -MF common/mc-8.d -DHIGH_BIT_DEPTH=0 -DBIT_DEPTH=8
2026-06-25T21:56:03.1964950Z /Applications/Xcode_15.4.app/Contents/Developer/Toolchains/XcodeDefault.xctoolchain/usr/bin/clang -Wshadow -O3 -ffast-math -arch arm64 -isysroot /Applications/Xcode_15.4.app/Contents/Developer/Platforms/iPhoneOS.platform/Developer/SDKs/iPhoneOS17.5.sdk -miphoneos-version-min=14.0 -I/Users/runner/work/LiteReplayd/LiteReplayd/build/prefix/include -fPIC -O2 -Wall -I. -I. --sysroot=/Applications/Xcode_15.4.app/Contents/Developer/Platforms/iPhoneOS.platform/Developer/SDKs/iPhoneOS17.5.sdk -arch arm64 -isysroot /Applications/Xcode_15.4.app/Contents/Developer/Platforms/iPhoneOS.platform/Developer/SDKs/iPhoneOS17.5.sdk -miphoneos-version-min=14.0 -I/Users/runner/work/LiteReplayd/LiteReplayd/build/prefix/include -fPIC -O2 -arch arm64 -std=gnu99 -D_GNU_SOURCE -fPIC -fomit-frame-pointer -fno-tree-vectorize -fvisibility=hidden   -c common/predict.c -o common/predict-8.o -MMD -MF common/predict-8.d -DHIGH_BIT_DEPTH=0 -DBIT_DEPTH=8
2026-06-25T21:56:03.2704280Z /Applications/Xcode_15.4.app/Contents/Developer/Toolchains/XcodeDefault.xctoolchain/usr/bin/clang -Wshadow -O3 -ffast-math -arch arm64 -isysroot /Applications/Xcode_15.4.app/Contents/Developer/Platforms/iPhoneOS.platform/Developer/SDKs/iPhoneOS17.5.sdk -miphoneos-version-min=14.0 -I/Users/runner/work/LiteReplayd/LiteReplayd/build/prefix/include -fPIC -O2 -Wall -I. -I. --sysroot=/Applications/Xcode_15.4.app/Contents/Developer/Platforms/iPhoneOS.platform/Developer/SDKs/iPhoneOS17.5.sdk -arch arm64 -isysroot /Applications/Xcode_15.4.app/Contents/Developer/Platforms/iPhoneOS.platform/Developer/SDKs/iPhoneOS17.5.sdk -miphoneos-version-min=14.0 -I/Users/runner/work/LiteReplayd/LiteReplayd/build/prefix/include -fPIC -O2 -arch arm64 -std=gnu99 -D_GNU_SOURCE -fPIC -fomit-frame-pointer -fno-tree-vectorize -fvisibility=hidden   -c common/pixel.c -o common/pixel-8.o -MMD -MF common/pixel-8.d -DHIGH_BIT_DEPTH=0 -DBIT_DEPTH=8
2026-06-25T21:56:03.3577750Z /Applications/Xcode_15.4.app/Contents/Developer/Toolchains/XcodeDefault.xctoolchain/usr/bin/clang -Wshadow -O3 -ffast-math -arch arm64 -isysroot /Applications/Xcode_15.4.app/Contents/Developer/Platforms/iPhoneOS.platform/Developer/SDKs/iPhoneOS17.5.sdk -miphoneos-version-min=14.0 -I/Users/runner/work/LiteReplayd/LiteReplayd/build/prefix/include -fPIC -O2 -Wall -I. -I. --sysroot=/Applications/Xcode_15.4.app/Contents/Developer/Platforms/iPhoneOS.platform/Developer/SDKs/iPhoneOS17.5.sdk -arch arm64 -isysroot /Applications/Xcode_15.4.app/Contents/Developer/Platforms/iPhoneOS.platform/Developer/SDKs/iPhoneOS17.5.sdk -miphoneos-version-min=14.0 -I/Users/runner/work/LiteReplayd/LiteReplayd/build/prefix/include -fPIC -O2 -arch arm64 -std=gnu99 -D_GNU_SOURCE -fPIC -fomit-frame-pointer -fno-tree-vectorize -fvisibility=hidden   -c common/macroblock.c -o common/macroblock-8.o -MMD -MF common/macroblock-8.d -DHIGH_BIT_DEPTH=0 -DBIT_DEPTH=8
2026-06-25T21:56:03.3791380Z /Applications/Xcode_15.4.app/Contents/Developer/Toolchains/XcodeDefault.xctoolchain/usr/bin/clang -Wshadow -O3 -ffast-math -arch arm64 -isysroot /Applications/Xcode_15.4.app/Contents/Developer/Platforms/iPhoneOS.platform/Developer/SDKs/iPhoneOS17.5.sdk -miphoneos-version-min=14.0 -I/Users/runner/work/LiteReplayd/LiteReplayd/build/prefix/include -fPIC -O2 -Wall -I. -I. --sysroot=/Applications/Xcode_15.4.app/Contents/Developer/Platforms/iPhoneOS.platform/Developer/SDKs/iPhoneOS17.5.sdk -arch arm64 -isysroot /Applications/Xcode_15.4.app/Contents/Developer/Platforms/iPhoneOS.platform/Developer/SDKs/iPhoneOS17.5.sdk -miphoneos-version-min=14.0 -I/Users/runner/work/LiteReplayd/LiteReplayd/build/prefix/include -fPIC -O2 -arch arm64 -std=gnu99 -D_GNU_SOURCE -fPIC -fomit-frame-pointer -fno-tree-vectorize -fvisibility=hidden   -c common/frame.c -o common/frame-8.o -MMD -MF common/frame-8.d -DHIGH_BIT_DEPTH=0 -DBIT_DEPTH=8
2026-06-25T21:56:03.5402910Z /Applications/Xcode_15.4.app/Contents/Developer/Toolchains/XcodeDefault.xctoolchain/usr/bin/clang -Wshadow -O3 -ffast-math -arch arm64 -isysroot /Applications/Xcode_15.4.app/Contents/Developer/Platforms/iPhoneOS.platform/Developer/SDKs/iPhoneOS17.5.sdk -miphoneos-version-min=14.0 -I/Users/runner/work/LiteReplayd/LiteReplayd/build/prefix/include -fPIC -O2 -Wall -I. -I. --sysroot=/Applications/Xcode_15.4.app/Contents/Developer/Platforms/iPhoneOS.platform/Developer/SDKs/iPhoneOS17.5.sdk -arch arm64 -isysroot /Applications/Xcode_15.4.app/Contents/Developer/Platforms/iPhoneOS.platform/Developer/SDKs/iPhoneOS17.5.sdk -miphoneos-version-min=14.0 -I/Users/runner/work/LiteReplayd/LiteReplayd/build/prefix/include -fPIC -O2 -arch arm64 -std=gnu99 -D_GNU_SOURCE -fPIC -fomit-frame-pointer -fno-tree-vectorize -fvisibility=hidden   -c common/dct.c -o common/dct-8.o -MMD -MF common/dct-8.d -DHIGH_BIT_DEPTH=0 -DBIT_DEPTH=8
2026-06-25T21:56:03.6231800Z /Applications/Xcode_15.4.app/Contents/Developer/Toolchains/XcodeDefault.xctoolchain/usr/bin/clang -Wshadow -O3 -ffast-math -arch arm64 -isysroot /Applications/Xcode_15.4.app/Contents/Developer/Platforms/iPhoneOS.platform/Developer/SDKs/iPhoneOS17.5.sdk -miphoneos-version-min=14.0 -I/Users/runner/work/LiteReplayd/LiteReplayd/build/prefix/include -fPIC -O2 -Wall -I. -I. --sysroot=/Applications/Xcode_15.4.app/Contents/Developer/Platforms/iPhoneOS.platform/Developer/SDKs/iPhoneOS17.5.sdk -arch arm64 -isysroot /Applications/Xcode_15.4.app/Contents/Developer/Platforms/iPhoneOS.platform/Developer/SDKs/iPhoneOS17.5.sdk -miphoneos-version-min=14.0 -I/Users/runner/work/LiteReplayd/LiteReplayd/build/prefix/include -fPIC -O2 -arch arm64 -std=gnu99 -D_GNU_SOURCE -fPIC -fomit-frame-pointer -fno-tree-vectorize -fvisibility=hidden   -c common/cabac.c -o common/cabac-8.o -MMD -MF common/cabac-8.d -DHIGH_BIT_DEPTH=0 -DBIT_DEPTH=8
2026-06-25T21:56:03.6839550Z /Applications/Xcode_15.4.app/Contents/Developer/Toolchains/XcodeDefault.xctoolchain/usr/bin/clang -Wshadow -O3 -ffast-math -arch arm64 -isysroot /Applications/Xcode_15.4.app/Contents/Developer/Platforms/iPhoneOS.platform/Developer/SDKs/iPhoneOS17.5.sdk -miphoneos-version-min=14.0 -I/Users/runner/work/LiteReplayd/LiteReplayd/build/prefix/include -fPIC -O2 -Wall -I. -I. --sysroot=/Applications/Xcode_15.4.app/Contents/Developer/Platforms/iPhoneOS.platform/Developer/SDKs/iPhoneOS17.5.sdk -arch arm64 -isysroot /Applications/Xcode_15.4.app/Contents/Developer/Platforms/iPhoneOS.platform/Developer/SDKs/iPhoneOS17.5.sdk -miphoneos-version-min=14.0 -I/Users/runner/work/LiteReplayd/LiteReplayd/build/prefix/include -fPIC -O2 -arch arm64 -std=gnu99 -D_GNU_SOURCE -fPIC -fomit-frame-pointer -fno-tree-vectorize -fvisibility=hidden   -c common/common.c -o common/common-8.o -MMD -MF common/common-8.d -DHIGH_BIT_DEPTH=0 -DBIT_DEPTH=8
2026-06-25T21:56:03.7052990Z /Applications/Xcode_15.4.app/Contents/Developer/Toolchains/XcodeDefault.xctoolchain/usr/bin/clang -Wshadow -O3 -ffast-math -arch arm64 -isysroot /Applications/Xcode_15.4.app/Contents/Developer/Platforms/iPhoneOS.platform/Developer/SDKs/iPhoneOS17.5.sdk -miphoneos-version-min=14.0 -I/Users/runner/work/LiteReplayd/LiteReplayd/build/prefix/include -fPIC -O2 -Wall -I. -I. --sysroot=/Applications/Xcode_15.4.app/Contents/Developer/Platforms/iPhoneOS.platform/Developer/SDKs/iPhoneOS17.5.sdk -arch arm64 -isysroot /Applications/Xcode_15.4.app/Contents/Developer/Platforms/iPhoneOS.platform/Developer/SDKs/iPhoneOS17.5.sdk -miphoneos-version-min=14.0 -I/Users/runner/work/LiteReplayd/LiteReplayd/build/prefix/include -fPIC -O2 -arch arm64 -std=gnu99 -D_GNU_SOURCE -fPIC -fomit-frame-pointer -fno-tree-vectorize -fvisibility=hidden   -c common/rectangle.c -o common/rectangle-8.o -MMD -MF common/rectangle-8.d -DHIGH_BIT_DEPTH=0 -DBIT_DEPTH=8
2026-06-25T21:56:03.7275830Z /Applications/Xcode_15.4.app/Contents/Developer/Toolchains/XcodeDefault.xctoolchain/usr/bin/clang -Wshadow -O3 -ffast-math -arch arm64 -isysroot /Applications/Xcode_15.4.app/Contents/Developer/Platforms/iPhoneOS.platform/Developer/SDKs/iPhoneOS17.5.sdk -miphoneos-version-min=14.0 -I/Users/runner/work/LiteReplayd/LiteReplayd/build/prefix/include -fPIC -O2 -Wall -I. -I. --sysroot=/Applications/Xcode_15.4.app/Contents/Developer/Platforms/iPhoneOS.platform/Developer/SDKs/iPhoneOS17.5.sdk -arch arm64 -isysroot /Applications/Xcode_15.4.app/Contents/Developer/Platforms/iPhoneOS.platform/Developer/SDKs/iPhoneOS17.5.sdk -miphoneos-version-min=14.0 -I/Users/runner/work/LiteReplayd/LiteReplayd/build/prefix/include -fPIC -O2 -arch arm64 -std=gnu99 -D_GNU_SOURCE -fPIC -fomit-frame-pointer -fno-tree-vectorize -fvisibility=hidden   -c common/set.c -o common/set-8.o -MMD -MF common/set-8.d -DHIGH_BIT_DEPTH=0 -DBIT_DEPTH=8
2026-06-25T21:56:03.7482730Z /Applications/Xcode_15.4.app/Contents/Developer/Toolchains/XcodeDefault.xctoolchain/usr/bin/clang -Wshadow -O3 -ffast-math -arch arm64 -isysroot /Applications/Xcode_15.4.app/Contents/Developer/Platforms/iPhoneOS.platform/Developer/SDKs/iPhoneOS17.5.sdk -miphoneos-version-min=14.0 -I/Users/runner/work/LiteReplayd/LiteReplayd/build/prefix/include -fPIC -O2 -Wall -I. -I. --sysroot=/Applications/Xcode_15.4.app/Contents/Developer/Platforms/iPhoneOS.platform/Developer/SDKs/iPhoneOS17.5.sdk -arch arm64 -isysroot /Applications/Xcode_15.4.app/Contents/Developer/Platforms/iPhoneOS.platform/Developer/SDKs/iPhoneOS17.5.sdk -miphoneos-version-min=14.0 -I/Users/runner/work/LiteReplayd/LiteReplayd/build/prefix/include -fPIC -O2 -arch arm64 -std=gnu99 -D_GNU_SOURCE -fPIC -fomit-frame-pointer -fno-tree-vectorize -fvisibility=hidden   -c common/quant.c -o common/quant-8.o -MMD -MF common/quant-8.d -DHIGH_BIT_DEPTH=0 -DBIT_DEPTH=8
2026-06-25T21:56:03.7821480Z /Applications/Xcode_15.4.app/Contents/Developer/Toolchains/XcodeDefault.xctoolchain/usr/bin/clang -Wshadow -O3 -ffast-math -arch arm64 -isysroot /Applications/Xcode_15.4.app/Contents/Developer/Platforms/iPhoneOS.platform/Developer/SDKs/iPhoneOS17.5.sdk -miphoneos-version-min=14.0 -I/Users/runner/work/LiteReplayd/LiteReplayd/build/prefix/include -fPIC -O2 -Wall -I. -I. --sysroot=/Applications/Xcode_15.4.app/Contents/Developer/Platforms/iPhoneOS.platform/Developer/SDKs/iPhoneOS17.5.sdk -arch arm64 -isysroot /Applications/Xcode_15.4.app/Contents/Developer/Platforms/iPhoneOS.platform/Developer/SDKs/iPhoneOS17.5.sdk -miphoneos-version-min=14.0 -I/Users/runner/work/LiteReplayd/LiteReplayd/build/prefix/include -fPIC -O2 -arch arm64 -std=gnu99 -D_GNU_SOURCE -fPIC -fomit-frame-pointer -fno-tree-vectorize -fvisibility=hidden   -c common/deblock.c -o common/deblock-8.o -MMD -MF common/deblock-8.d -DHIGH_BIT_DEPTH=0 -DBIT_DEPTH=8
2026-06-25T21:56:03.8229410Z /Applications/Xcode_15.4.app/Contents/Developer/Toolchains/XcodeDefault.xctoolchain/usr/bin/clang -Wshadow -O3 -ffast-math -arch arm64 -isysroot /Applications/Xcode_15.4.app/Contents/Developer/Platforms/iPhoneOS.platform/Developer/SDKs/iPhoneOS17.5.sdk -miphoneos-version-min=14.0 -I/Users/runner/work/LiteReplayd/LiteReplayd/build/prefix/include -fPIC -O2 -Wall -I. -I. --sysroot=/Applications/Xcode_15.4.app/Contents/Developer/Platforms/iPhoneOS.platform/Developer/SDKs/iPhoneOS17.5.sdk -arch arm64 -isysroot /Applications/Xcode_15.4.app/Contents/Developer/Platforms/iPhoneOS.platform/Developer/SDKs/iPhoneOS17.5.sdk -miphoneos-version-min=14.0 -I/Users/runner/work/LiteReplayd/LiteReplayd/build/prefix/include -fPIC -O2 -arch arm64 -std=gnu99 -D_GNU_SOURCE -fPIC -fomit-frame-pointer -fno-tree-vectorize -fvisibility=hidden   -c common/vlc.c -o common/vlc-8.o -MMD -MF common/vlc-8.d -DHIGH_BIT_DEPTH=0 -DBIT_DEPTH=8
2026-06-25T21:56:03.8659900Z /Applications/Xcode_15.4.app/Contents/Developer/Toolchains/XcodeDefault.xctoolchain/usr/bin/clang -Wshadow -O3 -ffast-math -arch arm64 -isysroot /Applications/Xcode_15.4.app/Contents/Developer/Platforms/iPhoneOS.platform/Developer/SDKs/iPhoneOS17.5.sdk -miphoneos-version-min=14.0 -I/Users/runner/work/LiteReplayd/LiteReplayd/build/prefix/include -fPIC -O2 -Wall -I. -I. --sysroot=/Applications/Xcode_15.4.app/Contents/Developer/Platforms/iPhoneOS.platform/Developer/SDKs/iPhoneOS17.5.sdk -arch arm64 -isysroot /Applications/Xcode_15.4.app/Contents/Developer/Platforms/iPhoneOS.platform/Developer/SDKs/iPhoneOS17.5.sdk -miphoneos-version-min=14.0 -I/Users/runner/work/LiteReplayd/LiteReplayd/build/prefix/include -fPIC -O2 -arch arm64 -std=gnu99 -D_GNU_SOURCE -fPIC -fomit-frame-pointer -fno-tree-vectorize -fvisibility=hidden   -c common/mvpred.c -o common/mvpred-8.o -MMD -MF common/mvpred-8.d -DHIGH_BIT_DEPTH=0 -DBIT_DEPTH=8
2026-06-25T21:56:03.8868720Z /Applications/Xcode_15.4.app/Contents/Developer/Toolchains/XcodeDefault.xctoolchain/usr/bin/clang -Wshadow -O3 -ffast-math -arch arm64 -isysroot /Applications/Xcode_15.4.app/Contents/Developer/Platforms/iPhoneOS.platform/Developer/SDKs/iPhoneOS17.5.sdk -miphoneos-version-min=14.0 -I/Users/runner/work/LiteReplayd/LiteReplayd/build/prefix/include -fPIC -O2 -Wall -I. -I. --sysroot=/Applications/Xcode_15.4.app/Contents/Developer/Platforms/iPhoneOS.platform/Developer/SDKs/iPhoneOS17.5.sdk -arch arm64 -isysroot /Applications/Xcode_15.4.app/Contents/Developer/Platforms/iPhoneOS.platform/Developer/SDKs/iPhoneOS17.5.sdk -miphoneos-version-min=14.0 -I/Users/runner/work/LiteReplayd/LiteReplayd/build/prefix/include -fPIC -O2 -arch arm64 -std=gnu99 -D_GNU_SOURCE -fPIC -fomit-frame-pointer -fno-tree-vectorize -fvisibility=hidden   -c common/bitstream.c -o common/bitstream-8.o -MMD -MF common/bitstream-8.d -DHIGH_BIT_DEPTH=0 -DBIT_DEPTH=8
2026-06-25T21:56:03.9289530Z /Applications/Xcode_15.4.app/Contents/Developer/Toolchains/XcodeDefault.xctoolchain/usr/bin/clang -Wshadow -O3 -ffast-math -arch arm64 -isysroot /Applications/Xcode_15.4.app/Contents/Developer/Platforms/iPhoneOS.platform/Developer/SDKs/iPhoneOS17.5.sdk -miphoneos-version-min=14.0 -I/Users/runner/work/LiteReplayd/LiteReplayd/build/prefix/include -fPIC -O2 -Wall -I. -I. --sysroot=/Applications/Xcode_15.4.app/Contents/Developer/Platforms/iPhoneOS.platform/Developer/SDKs/iPhoneOS17.5.sdk -arch arm64 -isysroot /Applications/Xcode_15.4.app/Contents/Developer/Platforms/iPhoneOS.platform/Developer/SDKs/iPhoneOS17.5.sdk -miphoneos-version-min=14.0 -I/Users/runner/work/LiteReplayd/LiteReplayd/build/prefix/include -fPIC -O2 -arch arm64 -std=gnu99 -D_GNU_SOURCE -fPIC -fomit-frame-pointer -fno-tree-vectorize -fvisibility=hidden   -c encoder/analyse.c -o encoder/analyse-8.o -MMD -MF encoder/analyse-8.d -DHIGH_BIT_DEPTH=0 -DBIT_DEPTH=8
2026-06-25T21:56:03.9718040Z In file included from encoder/analyse.c:33:
2026-06-25T21:56:03.9821140Z In file included from encoder/rdo.c:53:
2026-06-25T21:56:03.9923180Z encoder/cavlc.c:128:18: warning: variable 'i_sign' set but not used [-Wunused-but-set-variable]
2026-06-25T21:56:04.0024810Z     unsigned int i_sign;
2026-06-25T21:56:04.0141030Z                  ^
2026-06-25T21:56:04.0245240Z /Applications/Xcode_15.4.app/Contents/Developer/Toolchains/XcodeDefault.xctoolchain/usr/bin/clang -Wshadow -O3 -ffast-math -arch arm64 -isysroot /Applications/Xcode_15.4.app/Contents/Developer/Platforms/iPhoneOS.platform/Developer/SDKs/iPhoneOS17.5.sdk -miphoneos-version-min=14.0 -I/Users/runner/work/LiteReplayd/LiteReplayd/build/prefix/include -fPIC -O2 -Wall -I. -I. --sysroot=/Applications/Xcode_15.4.app/Contents/Developer/Platforms/iPhoneOS.platform/Developer/SDKs/iPhoneOS17.5.sdk -arch arm64 -isysroot /Applications/Xcode_15.4.app/Contents/Developer/Platforms/iPhoneOS.platform/Developer/SDKs/iPhoneOS17.5.sdk -miphoneos-version-min=14.0 -I/Users/runner/work/LiteReplayd/LiteReplayd/build/prefix/include -fPIC -O2 -arch arm64 -std=gnu99 -D_GNU_SOURCE -fPIC -fomit-frame-pointer -fno-tree-vectorize -fvisibility=hidden   -c encoder/me.c -o encoder/me-8.o -MMD -MF encoder/me-8.d -DHIGH_BIT_DEPTH=0 -DBIT_DEPTH=8
2026-06-25T21:56:04.0465260Z /Applications/Xcode_15.4.app/Contents/Developer/Toolchains/XcodeDefault.xctoolchain/usr/bin/clang -Wshadow -O3 -ffast-math -arch arm64 -isysroot /Applications/Xcode_15.4.app/Contents/Developer/Platforms/iPhoneOS.platform/Developer/SDKs/iPhoneOS17.5.sdk -miphoneos-version-min=14.0 -I/Users/runner/work/LiteReplayd/LiteReplayd/build/prefix/include -fPIC -O2 -Wall -I. -I. --sysroot=/Applications/Xcode_15.4.app/Contents/Developer/Platforms/iPhoneOS.platform/Developer/SDKs/iPhoneOS17.5.sdk -arch arm64 -isysroot /Applications/Xcode_15.4.app/Contents/Developer/Platforms/iPhoneOS.platform/Developer/SDKs/iPhoneOS17.5.sdk -miphoneos-version-min=14.0 -I/Users/runner/work/LiteReplayd/LiteReplayd/build/prefix/include -fPIC -O2 -arch arm64 -std=gnu99 -D_GNU_SOURCE -fPIC -fomit-frame-pointer -fno-tree-vectorize -fvisibility=hidden   -c encoder/ratecontrol.c -o encoder/ratecontrol-8.o -MMD -MF encoder/ratecontrol-8.d -DHIGH_BIT_DEPTH=0 -DBIT_DEPTH=8
2026-06-25T21:56:04.1199110Z encoder/ratecontrol.c:2883:9: warning: variable 'iterations' set but not used [-Wunused-but-set-variable]
2026-06-25T21:56:04.1300670Z     int iterations = 0;
2026-06-25T21:56:04.1401120Z         ^
2026-06-25T21:56:04.4323680Z /Applications/Xcode_15.4.app/Contents/Developer/Toolchains/XcodeDefault.xctoolchain/usr/bin/clang -Wshadow -O3 -ffast-math -arch arm64 -isysroot /Applications/Xcode_15.4.app/Contents/Developer/Platforms/iPhoneOS.platform/Developer/SDKs/iPhoneOS17.5.sdk -miphoneos-version-min=14.0 -I/Users/runner/work/LiteReplayd/LiteReplayd/build/prefix/include -fPIC -O2 -Wall -I. -I. --sysroot=/Applications/Xcode_15.4.app/Contents/Developer/Platforms/iPhoneOS.platform/Developer/SDKs/iPhoneOS17.5.sdk -arch arm64 -isysroot /Applications/Xcode_15.4.app/Contents/Developer/Platforms/iPhoneOS.platform/Developer/SDKs/iPhoneOS17.5.sdk -miphoneos-version-min=14.0 -I/Users/runner/work/LiteReplayd/LiteReplayd/build/prefix/include -fPIC -O2 -arch arm64 -std=gnu99 -D_GNU_SOURCE -fPIC -fomit-frame-pointer -fno-tree-vectorize -fvisibility=hidden   -c encoder/set.c -o encoder/set-8.o -MMD -MF encoder/set-8.d -DHIGH_BIT_DEPTH=0 -DBIT_DEPTH=8
2026-06-25T21:56:04.4529120Z 1 warning generated.
2026-06-25T21:56:04.4532500Z /Applications/Xcode_15.4.app/Contents/Developer/Toolchains/XcodeDefault.xctoolchain/usr/bin/clang -Wshadow -O3 -ffast-math -arch arm64 -isysroot /Applications/Xcode_15.4.app/Contents/Developer/Platforms/iPhoneOS.platform/Developer/SDKs/iPhoneOS17.5.sdk -miphoneos-version-min=14.0 -I/Users/runner/work/LiteReplayd/LiteReplayd/build/prefix/include -fPIC -O2 -Wall -I. -I. --sysroot=/Applications/Xcode_15.4.app/Contents/Developer/Platforms/iPhoneOS.platform/Developer/SDKs/iPhoneOS17.5.sdk -arch arm64 -isysroot /Applications/Xcode_15.4.app/Contents/Developer/Platforms/iPhoneOS.platform/Developer/SDKs/iPhoneOS17.5.sdk -miphoneos-version-min=14.0 -I/Users/runner/work/LiteReplayd/LiteReplayd/build/prefix/include -fPIC -O2 -arch arm64 -std=gnu99 -D_GNU_SOURCE -fPIC -fomit-frame-pointer -fno-tree-vectorize -fvisibility=hidden   -c encoder/macroblock.c -o encoder/macroblock-8.o -MMD -MF encoder/macroblock-8.d -DHIGH_BIT_DEPTH=0 -DBIT_DEPTH=8
2026-06-25T21:56:04.7133500Z /Applications/Xcode_15.4.app/Contents/Developer/Toolchains/XcodeDefault.xctoolchain/usr/bin/clang -Wshadow -O3 -ffast-math -arch arm64 -isysroot /Applications/Xcode_15.4.app/Contents/Developer/Platforms/iPhoneOS.platform/Developer/SDKs/iPhoneOS17.5.sdk -miphoneos-version-min=14.0 -I/Users/runner/work/LiteReplayd/LiteReplayd/build/prefix/include -fPIC -O2 -Wall -I. -I. --sysroot=/Applications/Xcode_15.4.app/Contents/Developer/Platforms/iPhoneOS.platform/Developer/SDKs/iPhoneOS17.5.sdk -arch arm64 -isysroot /Applications/Xcode_15.4.app/Contents/Developer/Platforms/iPhoneOS.platform/Developer/SDKs/iPhoneOS17.5.sdk -miphoneos-version-min=14.0 -I/Users/runner/work/LiteReplayd/LiteReplayd/build/prefix/include -fPIC -O2 -arch arm64 -std=gnu99 -D_GNU_SOURCE -fPIC -fomit-frame-pointer -fno-tree-vectorize -fvisibility=hidden   -c encoder/cabac.c -o encoder/cabac-8.o -MMD -MF encoder/cabac-8.d -DHIGH_BIT_DEPTH=0 -DBIT_DEPTH=8
2026-06-25T21:56:04.8180730Z /Applications/Xcode_15.4.app/Contents/Developer/Toolchains/XcodeDefault.xctoolchain/usr/bin/clang -Wshadow -O3 -ffast-math -arch arm64 -isysroot /Applications/Xcode_15.4.app/Contents/Developer/Platforms/iPhoneOS.platform/Developer/SDKs/iPhoneOS17.5.sdk -miphoneos-version-min=14.0 -I/Users/runner/work/LiteReplayd/LiteReplayd/build/prefix/include -fPIC -O2 -Wall -I. -I. --sysroot=/Applications/Xcode_15.4.app/Contents/Developer/Platforms/iPhoneOS.platform/Developer/SDKs/iPhoneOS17.5.sdk -arch arm64 -isysroot /Applications/Xcode_15.4.app/Contents/Developer/Platforms/iPhoneOS.platform/Developer/SDKs/iPhoneOS17.5.sdk -miphoneos-version-min=14.0 -I/Users/runner/work/LiteReplayd/LiteReplayd/build/prefix/include -fPIC -O2 -arch arm64 -std=gnu99 -D_GNU_SOURCE -fPIC -fomit-frame-pointer -fno-tree-vectorize -fvisibility=hidden   -c encoder/cavlc.c -o encoder/cavlc-8.o -MMD -MF encoder/cavlc-8.d -DHIGH_BIT_DEPTH=0 -DBIT_DEPTH=8
2026-06-25T21:56:04.9273940Z /Applications/Xcode_15.4.app/Contents/Developer/Toolchains/XcodeDefault.xctoolchain/usr/bin/clang -Wshadow -O3 -ffast-math -arch arm64 -isysroot /Applications/Xcode_15.4.app/Contents/Developer/Platforms/iPhoneOS.platform/Developer/SDKs/iPhoneOS17.5.sdk -miphoneos-version-min=14.0 -I/Users/runner/work/LiteReplayd/LiteReplayd/build/prefix/include -fPIC -O2 -Wall -I. -I. --sysroot=/Applications/Xcode_15.4.app/Contents/Developer/Platforms/iPhoneOS.platform/Developer/SDKs/iPhoneOS17.5.sdk -arch arm64 -isysroot /Applications/Xcode_15.4.app/Contents/Developer/Platforms/iPhoneOS.platform/Developer/SDKs/iPhoneOS17.5.sdk -miphoneos-version-min=14.0 -I/Users/runner/work/LiteReplayd/LiteReplayd/build/prefix/include -fPIC -O2 -arch arm64 -std=gnu99 -D_GNU_SOURCE -fPIC -fomit-frame-pointer -fno-tree-vectorize -fvisibility=hidden   -c encoder/encoder.c -o encoder/encoder-8.o -MMD -MF encoder/encoder-8.d -DHIGH_BIT_DEPTH=0 -DBIT_DEPTH=8
2026-06-25T21:56:04.9606400Z /Applications/Xcode_15.4.app/Contents/Developer/Toolchains/XcodeDefault.xctoolchain/usr/bin/clang -Wshadow -O3 -ffast-math -arch arm64 -isysroot /Applications/Xcode_15.4.app/Contents/Developer/Platforms/iPhoneOS.platform/Developer/SDKs/iPhoneOS17.5.sdk -miphoneos-version-min=14.0 -I/Users/runner/work/LiteReplayd/LiteReplayd/build/prefix/include -fPIC -O2 -Wall -I. -I. --sysroot=/Applications/Xcode_15.4.app/Contents/Developer/Platforms/iPhoneOS.platform/Developer/SDKs/iPhoneOS17.5.sdk -arch arm64 -isysroot /Applications/Xcode_15.4.app/Contents/Developer/Platforms/iPhoneOS.platform/Developer/SDKs/iPhoneOS17.5.sdk -miphoneos-version-min=14.0 -I/Users/runner/work/LiteReplayd/LiteReplayd/build/prefix/include -fPIC -O2 -arch arm64 -std=gnu99 -D_GNU_SOURCE -fPIC -fomit-frame-pointer -fno-tree-vectorize -fvisibility=hidden   -c encoder/lookahead.c -o encoder/lookahead-8.o -MMD -MF encoder/lookahead-8.d -DHIGH_BIT_DEPTH=0 -DBIT_DEPTH=8
2026-06-25T21:56:05.0142120Z /Applications/Xcode_15.4.app/Contents/Developer/Toolchains/XcodeDefault.xctoolchain/usr/bin/clang -Wshadow -O3 -ffast-math -arch arm64 -isysroot /Applications/Xcode_15.4.app/Contents/Developer/Platforms/iPhoneOS.platform/Developer/SDKs/iPhoneOS17.5.sdk -miphoneos-version-min=14.0 -I/Users/runner/work/LiteReplayd/LiteReplayd/build/prefix/include -fPIC -O2 -Wall -I. -I. --sysroot=/Applications/Xcode_15.4.app/Contents/Developer/Platforms/iPhoneOS.platform/Developer/SDKs/iPhoneOS17.5.sdk -arch arm64 -isysroot /Applications/Xcode_15.4.app/Contents/Developer/Platforms/iPhoneOS.platform/Developer/SDKs/iPhoneOS17.5.sdk -miphoneos-version-min=14.0 -I/Users/runner/work/LiteReplayd/LiteReplayd/build/prefix/include -fPIC -O2 -arch arm64 -std=gnu99 -D_GNU_SOURCE -fPIC -fomit-frame-pointer -fno-tree-vectorize -fvisibility=hidden   -c common/threadpool.c -o common/threadpool-8.o -MMD -MF common/threadpool-8.d -DHIGH_BIT_DEPTH=0 -DBIT_DEPTH=8
2026-06-25T21:56:05.0643340Z /Applications/Xcode_15.4.app/Contents/Developer/Toolchains/XcodeDefault.xctoolchain/usr/bin/clang -Wshadow -O3 -ffast-math -arch arm64 -isysroot /Applications/Xcode_15.4.app/Contents/Developer/Platforms/iPhoneOS.platform/Developer/SDKs/iPhoneOS17.5.sdk -miphoneos-version-min=14.0 -I/Users/runner/work/LiteReplayd/LiteReplayd/build/prefix/include -fPIC -O2 -Wall -I. -I. --sysroot=/Applications/Xcode_15.4.app/Contents/Developer/Platforms/iPhoneOS.platform/Developer/SDKs/iPhoneOS17.5.sdk -arch arm64 -isysroot /Applications/Xcode_15.4.app/Contents/Developer/Platforms/iPhoneOS.platform/Developer/SDKs/iPhoneOS17.5.sdk -miphoneos-version-min=14.0 -I/Users/runner/work/LiteReplayd/LiteReplayd/build/prefix/include -fPIC -O2 -arch arm64 -std=gnu99 -D_GNU_SOURCE -fPIC -fomit-frame-pointer -fno-tree-vectorize -fvisibility=hidden   -c common/aarch64/asm-offsets.c -o common/aarch64/asm-offsets-8.o -MMD -MF common/aarch64/asm-offsets-8.d -DHIGH_BIT_DEPTH=0 -DBIT_DEPTH=8
2026-06-25T21:56:05.0995840Z /Applications/Xcode_15.4.app/Contents/Developer/Toolchains/XcodeDefault.xctoolchain/usr/bin/clang -Wshadow -O3 -ffast-math -arch arm64 -isysroot /Applications/Xcode_15.4.app/Contents/Developer/Platforms/iPhoneOS.platform/Developer/SDKs/iPhoneOS17.5.sdk -miphoneos-version-min=14.0 -I/Users/runner/work/LiteReplayd/LiteReplayd/build/prefix/include -fPIC -O2 -Wall -I. -I. --sysroot=/Applications/Xcode_15.4.app/Contents/Developer/Platforms/iPhoneOS.platform/Developer/SDKs/iPhoneOS17.5.sdk -arch arm64 -isysroot /Applications/Xcode_15.4.app/Contents/Developer/Platforms/iPhoneOS.platform/Developer/SDKs/iPhoneOS17.5.sdk -miphoneos-version-min=14.0 -I/Users/runner/work/LiteReplayd/LiteReplayd/build/prefix/include -fPIC -O2 -arch arm64 -std=gnu99 -D_GNU_SOURCE -fPIC -fomit-frame-pointer -fno-tree-vectorize -fvisibility=hidden   -c common/aarch64/mc-c.c -o common/aarch64/mc-c-8.o -MMD -MF common/aarch64/mc-c-8.d -DHIGH_BIT_DEPTH=0 -DBIT_DEPTH=8
2026-06-25T21:56:05.1615950Z /Applications/Xcode_15.4.app/Contents/Developer/Toolchains/XcodeDefault.xctoolchain/usr/bin/clang -Wshadow -O3 -ffast-math -arch arm64 -isysroot /Applications/Xcode_15.4.app/Contents/Developer/Platforms/iPhoneOS.platform/Developer/SDKs/iPhoneOS17.5.sdk -miphoneos-version-min=14.0 -I/Users/runner/work/LiteReplayd/LiteReplayd/build/prefix/include -fPIC -O2 -Wall -I. -I. --sysroot=/Applications/Xcode_15.4.app/Contents/Developer/Platforms/iPhoneOS.platform/Developer/SDKs/iPhoneOS17.5.sdk -arch arm64 -isysroot /Applications/Xcode_15.4.app/Contents/Developer/Platforms/iPhoneOS.platform/Developer/SDKs/iPhoneOS17.5.sdk -miphoneos-version-min=14.0 -I/Users/runner/work/LiteReplayd/LiteReplayd/build/prefix/include -fPIC -O2 -arch arm64 -std=gnu99 -D_GNU_SOURCE -fPIC -fomit-frame-pointer -fno-tree-vectorize -fvisibility=hidden   -c common/aarch64/predict-c.c -o common/aarch64/predict-c-8.o -MMD -MF common/aarch64/predict-c-8.d -DHIGH_BIT_DEPTH=0 -DBIT_DEPTH=8
2026-06-25T21:56:05.2122570Z /Applications/Xcode_15.4.app/Contents/Developer/Toolchains/XcodeDefault.xctoolchain/usr/bin/clang -Wshadow -O3 -ffast-math -arch arm64 -isysroot /Applications/Xcode_15.4.app/Contents/Developer/Platforms/iPhoneOS.platform/Developer/SDKs/iPhoneOS17.5.sdk -miphoneos-version-min=14.0 -I/Users/runner/work/LiteReplayd/LiteReplayd/build/prefix/include -fPIC -O2 -Wall -I. -I. --sysroot=/Applications/Xcode_15.4.app/Contents/Developer/Platforms/iPhoneOS.platform/Developer/SDKs/iPhoneOS17.5.sdk -arch arm64 -isysroot /Applications/Xcode_15.4.app/Contents/Developer/Platforms/iPhoneOS.platform/Developer/SDKs/iPhoneOS17.5.sdk -miphoneos-version-min=14.0 -I/Users/runner/work/LiteReplayd/LiteReplayd/build/prefix/include -fPIC -O2 -arch arm64 -std=gnu99 -D_GNU_SOURCE -fPIC -fomit-frame-pointer -fno-tree-vectorize -fvisibility=hidden   -c common/opencl.c -o common/opencl-8.o -MMD -MF common/opencl-8.d -DHIGH_BIT_DEPTH=0 -DBIT_DEPTH=8
2026-06-25T21:56:05.3390230Z /Applications/Xcode_15.4.app/Contents/Developer/Toolchains/XcodeDefault.xctoolchain/usr/bin/clang -Wshadow -O3 -ffast-math -arch arm64 -isysroot /Applications/Xcode_15.4.app/Contents/Developer/Platforms/iPhoneOS.platform/Developer/SDKs/iPhoneOS17.5.sdk -miphoneos-version-min=14.0 -I/Users/runner/work/LiteReplayd/LiteReplayd/build/prefix/include -fPIC -O2 -Wall -I. -I. --sysroot=/Applications/Xcode_15.4.app/Contents/Developer/Platforms/iPhoneOS.platform/Developer/SDKs/iPhoneOS17.5.sdk -arch arm64 -isysroot /Applications/Xcode_15.4.app/Contents/Developer/Platforms/iPhoneOS.platform/Developer/SDKs/iPhoneOS17.5.sdk -miphoneos-version-min=14.0 -I/Users/runner/work/LiteReplayd/LiteReplayd/build/prefix/include -fPIC -O2 -arch arm64 -std=gnu99 -D_GNU_SOURCE -fPIC -fomit-frame-pointer -fno-tree-vectorize -fvisibility=hidden   -c encoder/slicetype-cl.c -o encoder/slicetype-cl-8.o -MMD -MF encoder/slicetype-cl-8.d -DHIGH_BIT_DEPTH=0 -DBIT_DEPTH=8
2026-06-25T21:56:05.4740040Z /Applications/Xcode_15.4.app/Contents/Developer/Toolchains/XcodeDefault.xctoolchain/usr/bin/clang -Wshadow -O3 -ffast-math -arch arm64 -isysroot /Applications/Xcode_15.4.app/Contents/Developer/Platforms/iPhoneOS.platform/Developer/SDKs/iPhoneOS17.5.sdk -miphoneos-version-min=14.0 -I/Users/runner/work/LiteReplayd/LiteReplayd/build/prefix/include -fPIC -O2 -Wall -I. -I. --sysroot=/Applications/Xcode_15.4.app/Contents/Developer/Platforms/iPhoneOS.platform/Developer/SDKs/iPhoneOS17.5.sdk -arch arm64 -isysroot /Applications/Xcode_15.4.app/Contents/Developer/Platforms/iPhoneOS.platform/Developer/SDKs/iPhoneOS17.5.sdk -miphoneos-version-min=14.0 -I/Users/runner/work/LiteReplayd/LiteReplayd/build/prefix/include -fPIC -O2 -arch arm64 -std=gnu99 -D_GNU_SOURCE -fPIC -fomit-frame-pointer -fno-tree-vectorize -fvisibility=hidden   -c common/mc.c -o common/mc-10.o -MMD -MF common/mc-10.d -DHIGH_BIT_DEPTH=1 -DBIT_DEPTH=10
2026-06-25T21:56:05.6001610Z /Applications/Xcode_15.4.app/Contents/Developer/Toolchains/XcodeDefault.xctoolchain/usr/bin/clang -Wshadow -O3 -ffast-math -arch arm64 -isysroot /Applications/Xcode_15.4.app/Contents/Developer/Platforms/iPhoneOS.platform/Developer/SDKs/iPhoneOS17.5.sdk -miphoneos-version-min=14.0 -I/Users/runner/work/LiteReplayd/LiteReplayd/build/prefix/include -fPIC -O2 -Wall -I. -I. --sysroot=/Applications/Xcode_15.4.app/Contents/Developer/Platforms/iPhoneOS.platform/Developer/SDKs/iPhoneOS17.5.sdk -arch arm64 -isysroot /Applications/Xcode_15.4.app/Contents/Developer/Platforms/iPhoneOS.platform/Developer/SDKs/iPhoneOS17.5.sdk -miphoneos-version-min=14.0 -I/Users/runner/work/LiteReplayd/LiteReplayd/build/prefix/include -fPIC -O2 -arch arm64 -std=gnu99 -D_GNU_SOURCE -fPIC -fomit-frame-pointer -fno-tree-vectorize -fvisibility=hidden   -c common/predict.c -o common/predict-10.o -MMD -MF common/predict-10.d -DHIGH_BIT_DEPTH=1 -DBIT_DEPTH=10
2026-06-25T21:56:05.6411390Z 1 warning generated.
2026-06-25T21:56:05.6414220Z /Applications/Xcode_15.4.app/Contents/Developer/Toolchains/XcodeDefault.xctoolchain/usr/bin/clang -Wshadow -O3 -ffast-math -arch arm64 -isysroot /Applications/Xcode_15.4.app/Contents/Developer/Platforms/iPhoneOS.platform/Developer/SDKs/iPhoneOS17.5.sdk -miphoneos-version-min=14.0 -I/Users/runner/work/LiteReplayd/LiteReplayd/build/prefix/include -fPIC -O2 -Wall -I. -I. --sysroot=/Applications/Xcode_15.4.app/Contents/Developer/Platforms/iPhoneOS.platform/Developer/SDKs/iPhoneOS17.5.sdk -arch arm64 -isysroot /Applications/Xcode_15.4.app/Contents/Developer/Platforms/iPhoneOS.platform/Developer/SDKs/iPhoneOS17.5.sdk -miphoneos-version-min=14.0 -I/Users/runner/work/LiteReplayd/LiteReplayd/build/prefix/include -fPIC -O2 -arch arm64 -std=gnu99 -D_GNU_SOURCE -fPIC -fomit-frame-pointer -fno-tree-vectorize -fvisibility=hidden   -c common/pixel.c -o common/pixel-10.o -MMD -MF common/pixel-10.d -DHIGH_BIT_DEPTH=1 -DBIT_DEPTH=10
2026-06-25T21:56:05.6831510Z /Applications/Xcode_15.4.app/Contents/Developer/Toolchains/XcodeDefault.xctoolchain/usr/bin/clang -Wshadow -O3 -ffast-math -arch arm64 -isysroot /Applications/Xcode_15.4.app/Contents/Developer/Platforms/iPhoneOS.platform/Developer/SDKs/iPhoneOS17.5.sdk -miphoneos-version-min=14.0 -I/Users/runner/work/LiteReplayd/LiteReplayd/build/prefix/include -fPIC -O2 -Wall -I. -I. --sysroot=/Applications/Xcode_15.4.app/Contents/Developer/Platforms/iPhoneOS.platform/Developer/SDKs/iPhoneOS17.5.sdk -arch arm64 -isysroot /Applications/Xcode_15.4.app/Contents/Developer/Platforms/iPhoneOS.platform/Developer/SDKs/iPhoneOS17.5.sdk -miphoneos-version-min=14.0 -I/Users/runner/work/LiteReplayd/LiteReplayd/build/prefix/include -fPIC -O2 -arch arm64 -std=gnu99 -D_GNU_SOURCE -fPIC -fomit-frame-pointer -fno-tree-vectorize -fvisibility=hidden   -c common/macroblock.c -o common/macroblock-10.o -MMD -MF common/macroblock-10.d -DHIGH_BIT_DEPTH=1 -DBIT_DEPTH=10
2026-06-25T21:56:05.7570250Z /Applications/Xcode_15.4.app/Contents/Developer/Toolchains/XcodeDefault.xctoolchain/usr/bin/clang -Wshadow -O3 -ffast-math -arch arm64 -isysroot /Applications/Xcode_15.4.app/Contents/Developer/Platforms/iPhoneOS.platform/Developer/SDKs/iPhoneOS17.5.sdk -miphoneos-version-min=14.0 -I/Users/runner/work/LiteReplayd/LiteReplayd/build/prefix/include -fPIC -O2 -Wall -I. -I. --sysroot=/Applications/Xcode_15.4.app/Contents/Developer/Platforms/iPhoneOS.platform/Developer/SDKs/iPhoneOS17.5.sdk -arch arm64 -isysroot /Applications/Xcode_15.4.app/Contents/Developer/Platforms/iPhoneOS.platform/Developer/SDKs/iPhoneOS17.5.sdk -miphoneos-version-min=14.0 -I/Users/runner/work/LiteReplayd/LiteReplayd/build/prefix/include -fPIC -O2 -arch arm64 -std=gnu99 -D_GNU_SOURCE -fPIC -fomit-frame-pointer -fno-tree-vectorize -fvisibility=hidden   -c common/frame.c -o common/frame-10.o -MMD -MF common/frame-10.d -DHIGH_BIT_DEPTH=1 -DBIT_DEPTH=10
2026-06-25T21:56:05.9034040Z /Applications/Xcode_15.4.app/Contents/Developer/Toolchains/XcodeDefault.xctoolchain/usr/bin/clang -Wshadow -O3 -ffast-math -arch arm64 -isysroot /Applications/Xcode_15.4.app/Contents/Developer/Platforms/iPhoneOS.platform/Developer/SDKs/iPhoneOS17.5.sdk -miphoneos-version-min=14.0 -I/Users/runner/work/LiteReplayd/LiteReplayd/build/prefix/include -fPIC -O2 -Wall -I. -I. --sysroot=/Applications/Xcode_15.4.app/Contents/Developer/Platforms/iPhoneOS.platform/Developer/SDKs/iPhoneOS17.5.sdk -arch arm64 -isysroot /Applications/Xcode_15.4.app/Contents/Developer/Platforms/iPhoneOS.platform/Developer/SDKs/iPhoneOS17.5.sdk -miphoneos-version-min=14.0 -I/Users/runner/work/LiteReplayd/LiteReplayd/build/prefix/include -fPIC -O2 -arch arm64 -std=gnu99 -D_GNU_SOURCE -fPIC -fomit-frame-pointer -fno-tree-vectorize -fvisibility=hidden   -c common/dct.c -o common/dct-10.o -MMD -MF common/dct-10.d -DHIGH_BIT_DEPTH=1 -DBIT_DEPTH=10
2026-06-25T21:56:05.9751130Z /Applications/Xcode_15.4.app/Contents/Developer/Toolchains/XcodeDefault.xctoolchain/usr/bin/clang -Wshadow -O3 -ffast-math -arch arm64 -isysroot /Applications/Xcode_15.4.app/Contents/Developer/Platforms/iPhoneOS.platform/Developer/SDKs/iPhoneOS17.5.sdk -miphoneos-version-min=14.0 -I/Users/runner/work/LiteReplayd/LiteReplayd/build/prefix/include -fPIC -O2 -Wall -I. -I. --sysroot=/Applications/Xcode_15.4.app/Contents/Developer/Platforms/iPhoneOS.platform/Developer/SDKs/iPhoneOS17.5.sdk -arch arm64 -isysroot /Applications/Xcode_15.4.app/Contents/Developer/Platforms/iPhoneOS.platform/Developer/SDKs/iPhoneOS17.5.sdk -miphoneos-version-min=14.0 -I/Users/runner/work/LiteReplayd/LiteReplayd/build/prefix/include -fPIC -O2 -arch arm64 -std=gnu99 -D_GNU_SOURCE -fPIC -fomit-frame-pointer -fno-tree-vectorize -fvisibility=hidden   -c common/cabac.c -o common/cabac-10.o -MMD -MF common/cabac-10.d -DHIGH_BIT_DEPTH=1 -DBIT_DEPTH=10
2026-06-25T21:56:06.0192410Z /Applications/Xcode_15.4.app/Contents/Developer/Toolchains/XcodeDefault.xctoolchain/usr/bin/clang -Wshadow -O3 -ffast-math -arch arm64 -isysroot /Applications/Xcode_15.4.app/Contents/Developer/Platforms/iPhoneOS.platform/Developer/SDKs/iPhoneOS17.5.sdk -miphoneos-version-min=14.0 -I/Users/runner/work/LiteReplayd/LiteReplayd/build/prefix/include -fPIC -O2 -Wall -I. -I. --sysroot=/Applications/Xcode_15.4.app/Contents/Developer/Platforms/iPhoneOS.platform/Developer/SDKs/iPhoneOS17.5.sdk -arch arm64 -isysroot /Applications/Xcode_15.4.app/Contents/Developer/Platforms/iPhoneOS.platform/Developer/SDKs/iPhoneOS17.5.sdk -miphoneos-version-min=14.0 -I/Users/runner/work/LiteReplayd/LiteReplayd/build/prefix/include -fPIC -O2 -arch arm64 -std=gnu99 -D_GNU_SOURCE -fPIC -fomit-frame-pointer -fno-tree-vectorize -fvisibility=hidden   -c common/common.c -o common/common-10.o -MMD -MF common/common-10.d -DHIGH_BIT_DEPTH=1 -DBIT_DEPTH=10
2026-06-25T21:56:06.0414860Z /Applications/Xcode_15.4.app/Contents/Developer/Toolchains/XcodeDefault.xctoolchain/usr/bin/clang -Wshadow -O3 -ffast-math -arch arm64 -isysroot /Applications/Xcode_15.4.app/Contents/Developer/Platforms/iPhoneOS.platform/Developer/SDKs/iPhoneOS17.5.sdk -miphoneos-version-min=14.0 -I/Users/runner/work/LiteReplayd/LiteReplayd/build/prefix/include -fPIC -O2 -Wall -I. -I. --sysroot=/Applications/Xcode_15.4.app/Contents/Developer/Platforms/iPhoneOS.platform/Developer/SDKs/iPhoneOS17.5.sdk -arch arm64 -isysroot /Applications/Xcode_15.4.app/Contents/Developer/Platforms/iPhoneOS.platform/Developer/SDKs/iPhoneOS17.5.sdk -miphoneos-version-min=14.0 -I/Users/runner/work/LiteReplayd/LiteReplayd/build/prefix/include -fPIC -O2 -arch arm64 -std=gnu99 -D_GNU_SOURCE -fPIC -fomit-frame-pointer -fno-tree-vectorize -fvisibility=hidden   -c common/rectangle.c -o common/rectangle-10.o -MMD -MF common/rectangle-10.d -DHIGH_BIT_DEPTH=1 -DBIT_DEPTH=10
2026-06-25T21:56:06.0674300Z /Applications/Xcode_15.4.app/Contents/Developer/Toolchains/XcodeDefault.xctoolchain/usr/bin/clang -Wshadow -O3 -ffast-math -arch arm64 -isysroot /Applications/Xcode_15.4.app/Contents/Developer/Platforms/iPhoneOS.platform/Developer/SDKs/iPhoneOS17.5.sdk -miphoneos-version-min=14.0 -I/Users/runner/work/LiteReplayd/LiteReplayd/build/prefix/include -fPIC -O2 -Wall -I. -I. --sysroot=/Applications/Xcode_15.4.app/Contents/Developer/Platforms/iPhoneOS.platform/Developer/SDKs/iPhoneOS17.5.sdk -arch arm64 -isysroot /Applications/Xcode_15.4.app/Contents/Developer/Platforms/iPhoneOS.platform/Developer/SDKs/iPhoneOS17.5.sdk -miphoneos-version-min=14.0 -I/Users/runner/work/LiteReplayd/LiteReplayd/build/prefix/include -fPIC -O2 -arch arm64 -std=gnu99 -D_GNU_SOURCE -fPIC -fomit-frame-pointer -fno-tree-vectorize -fvisibility=hidden   -c common/set.c -o common/set-10.o -MMD -MF common/set-10.d -DHIGH_BIT_DEPTH=1 -DBIT_DEPTH=10
2026-06-25T21:56:06.0910470Z /Applications/Xcode_15.4.app/Contents/Developer/Toolchains/XcodeDefault.xctoolchain/usr/bin/clang -Wshadow -O3 -ffast-math -arch arm64 -isysroot /Applications/Xcode_15.4.app/Contents/Developer/Platforms/iPhoneOS.platform/Developer/SDKs/iPhoneOS17.5.sdk -miphoneos-version-min=14.0 -I/Users/runner/work/LiteReplayd/LiteReplayd/build/prefix/include -fPIC -O2 -Wall -I. -I. --sysroot=/Applications/Xcode_15.4.app/Contents/Developer/Platforms/iPhoneOS.platform/Developer/SDKs/iPhoneOS17.5.sdk -arch arm64 -isysroot /Applications/Xcode_15.4.app/Contents/Developer/Platforms/iPhoneOS.platform/Developer/SDKs/iPhoneOS17.5.sdk -miphoneos-version-min=14.0 -I/Users/runner/work/LiteReplayd/LiteReplayd/build/prefix/include -fPIC -O2 -arch arm64 -std=gnu99 -D_GNU_SOURCE -fPIC -fomit-frame-pointer -fno-tree-vectorize -fvisibility=hidden   -c common/quant.c -o common/quant-10.o -MMD -MF common/quant-10.d -DHIGH_BIT_DEPTH=1 -DBIT_DEPTH=10
2026-06-25T21:56:06.1618680Z /Applications/Xcode_15.4.app/Contents/Developer/Toolchains/XcodeDefault.xctoolchain/usr/bin/clang -Wshadow -O3 -ffast-math -arch arm64 -isysroot /Applications/Xcode_15.4.app/Contents/Developer/Platforms/iPhoneOS.platform/Developer/SDKs/iPhoneOS17.5.sdk -miphoneos-version-min=14.0 -I/Users/runner/work/LiteReplayd/LiteReplayd/build/prefix/include -fPIC -O2 -Wall -I. -I. --sysroot=/Applications/Xcode_15.4.app/Contents/Developer/Platforms/iPhoneOS.platform/Developer/SDKs/iPhoneOS17.5.sdk -arch arm64 -isysroot /Applications/Xcode_15.4.app/Contents/Developer/Platforms/iPhoneOS.platform/Developer/SDKs/iPhoneOS17.5.sdk -miphoneos-version-min=14.0 -I/Users/runner/work/LiteReplayd/LiteReplayd/build/prefix/include -fPIC -O2 -arch arm64 -std=gnu99 -D_GNU_SOURCE -fPIC -fomit-frame-pointer -fno-tree-vectorize -fvisibility=hidden   -c common/deblock.c -o common/deblock-10.o -MMD -MF common/deblock-10.d -DHIGH_BIT_DEPTH=1 -DBIT_DEPTH=10
2026-06-25T21:56:06.1819220Z /Applications/Xcode_15.4.app/Contents/Developer/Toolchains/XcodeDefault.xctoolchain/usr/bin/clang -Wshadow -O3 -ffast-math -arch arm64 -isysroot /Applications/Xcode_15.4.app/Contents/Developer/Platforms/iPhoneOS.platform/Developer/SDKs/iPhoneOS17.5.sdk -miphoneos-version-min=14.0 -I/Users/runner/work/LiteReplayd/LiteReplayd/build/prefix/include -fPIC -O2 -Wall -I. -I. --sysroot=/Applications/Xcode_15.4.app/Contents/Developer/Platforms/iPhoneOS.platform/Developer/SDKs/iPhoneOS17.5.sdk -arch arm64 -isysroot /Applications/Xcode_15.4.app/Contents/Developer/Platforms/iPhoneOS.platform/Developer/SDKs/iPhoneOS17.5.sdk -miphoneos-version-min=14.0 -I/Users/runner/work/LiteReplayd/LiteReplayd/build/prefix/include -fPIC -O2 -arch arm64 -std=gnu99 -D_GNU_SOURCE -fPIC -fomit-frame-pointer -fno-tree-vectorize -fvisibility=hidden   -c common/vlc.c -o common/vlc-10.o -MMD -MF common/vlc-10.d -DHIGH_BIT_DEPTH=1 -DBIT_DEPTH=10
2026-06-25T21:56:06.2026170Z /Applications/Xcode_15.4.app/Contents/Developer/Toolchains/XcodeDefault.xctoolchain/usr/bin/clang -Wshadow -O3 -ffast-math -arch arm64 -isysroot /Applications/Xcode_15.4.app/Contents/Developer/Platforms/iPhoneOS.platform/Developer/SDKs/iPhoneOS17.5.sdk -miphoneos-version-min=14.0 -I/Users/runner/work/LiteReplayd/LiteReplayd/build/prefix/include -fPIC -O2 -Wall -I. -I. --sysroot=/Applications/Xcode_15.4.app/Contents/Developer/Platforms/iPhoneOS.platform/Developer/SDKs/iPhoneOS17.5.sdk -arch arm64 -isysroot /Applications/Xcode_15.4.app/Contents/Developer/Platforms/iPhoneOS.platform/Developer/SDKs/iPhoneOS17.5.sdk -miphoneos-version-min=14.0 -I/Users/runner/work/LiteReplayd/LiteReplayd/build/prefix/include -fPIC -O2 -arch arm64 -std=gnu99 -D_GNU_SOURCE -fPIC -fomit-frame-pointer -fno-tree-vectorize -fvisibility=hidden   -c common/mvpred.c -o common/mvpred-10.o -MMD -MF common/mvpred-10.d -DHIGH_BIT_DEPTH=1 -DBIT_DEPTH=10
2026-06-25T21:56:06.2227850Z /Applications/Xcode_15.4.app/Contents/Developer/Toolchains/XcodeDefault.xctoolchain/usr/bin/clang -Wshadow -O3 -ffast-math -arch arm64 -isysroot /Applications/Xcode_15.4.app/Contents/Developer/Platforms/iPhoneOS.platform/Developer/SDKs/iPhoneOS17.5.sdk -miphoneos-version-min=14.0 -I/Users/runner/work/LiteReplayd/LiteReplayd/build/prefix/include -fPIC -O2 -Wall -I. -I. --sysroot=/Applications/Xcode_15.4.app/Contents/Developer/Platforms/iPhoneOS.platform/Developer/SDKs/iPhoneOS17.5.sdk -arch arm64 -isysroot /Applications/Xcode_15.4.app/Contents/Developer/Platforms/iPhoneOS.platform/Developer/SDKs/iPhoneOS17.5.sdk -miphoneos-version-min=14.0 -I/Users/runner/work/LiteReplayd/LiteReplayd/build/prefix/include -fPIC -O2 -arch arm64 -std=gnu99 -D_GNU_SOURCE -fPIC -fomit-frame-pointer -fno-tree-vectorize -fvisibility=hidden   -c common/bitstream.c -o common/bitstream-10.o -MMD -MF common/bitstream-10.d -DHIGH_BIT_DEPTH=1 -DBIT_DEPTH=10
2026-06-25T21:56:06.2650490Z /Applications/Xcode_15.4.app/Contents/Developer/Toolchains/XcodeDefault.xctoolchain/usr/bin/clang -Wshadow -O3 -ffast-math -arch arm64 -isysroot /Applications/Xcode_15.4.app/Contents/Developer/Platforms/iPhoneOS.platform/Developer/SDKs/iPhoneOS17.5.sdk -miphoneos-version-min=14.0 -I/Users/runner/work/LiteReplayd/LiteReplayd/build/prefix/include -fPIC -O2 -Wall -I. -I. --sysroot=/Applications/Xcode_15.4.app/Contents/Developer/Platforms/iPhoneOS.platform/Developer/SDKs/iPhoneOS17.5.sdk -arch arm64 -isysroot /Applications/Xcode_15.4.app/Contents/Developer/Platforms/iPhoneOS.platform/Developer/SDKs/iPhoneOS17.5.sdk -miphoneos-version-min=14.0 -I/Users/runner/work/LiteReplayd/LiteReplayd/build/prefix/include -fPIC -O2 -arch arm64 -std=gnu99 -D_GNU_SOURCE -fPIC -fomit-frame-pointer -fno-tree-vectorize -fvisibility=hidden   -c encoder/analyse.c -o encoder/analyse-10.o -MMD -MF encoder/analyse-10.d -DHIGH_BIT_DEPTH=1 -DBIT_DEPTH=10
2026-06-25T21:56:06.2978660Z In file included from encoder/analyse.c:33:
2026-06-25T21:56:06.3078970Z In file included from encoder/rdo.c:53:
2026-06-25T21:56:06.3190050Z encoder/cavlc.c:128:18: warning: variable 'i_sign' set but not used [-Wunused-but-set-variable]
2026-06-25T21:56:06.3291170Z     unsigned int i_sign;
2026-06-25T21:56:06.3294120Z /Applications/Xcode_15.4.app/Contents/Developer/Toolchains/XcodeDefault.xctoolchain/usr/bin/clang -Wshadow -O3 -ffast-math -arch arm64 -isysroot /Applications/Xcode_15.4.app/Contents/Developer/Platforms/iPhoneOS.platform/Developer/SDKs/iPhoneOS17.5.sdk -miphoneos-version-min=14.0 -I/Users/runner/work/LiteReplayd/LiteReplayd/build/prefix/include -fPIC -O2 -Wall -I. -I. --sysroot=/Applications/Xcode_15.4.app/Contents/Developer/Platforms/iPhoneOS.platform/Developer/SDKs/iPhoneOS17.5.sdk -arch arm64 -isysroot /Applications/Xcode_15.4.app/Contents/Developer/Platforms/iPhoneOS.platform/Developer/SDKs/iPhoneOS17.5.sdk -miphoneos-version-min=14.0 -I/Users/runner/work/LiteReplayd/LiteReplayd/build/prefix/include -fPIC -O2 -arch arm64 -std=gnu99 -D_GNU_SOURCE -fPIC -fomit-frame-pointer -fno-tree-vectorize -fvisibility=hidden   -c encoder/me.c -o encoder/me-10.o -MMD -MF encoder/me-10.d -DHIGH_BIT_DEPTH=1 -DBIT_DEPTH=10
2026-06-25T21:56:06.3405390Z                  ^
2026-06-25T21:56:06.3824260Z /Applications/Xcode_15.4.app/Contents/Developer/Toolchains/XcodeDefault.xctoolchain/usr/bin/clang -Wshadow -O3 -ffast-math -arch arm64 -isysroot /Applications/Xcode_15.4.app/Contents/Developer/Platforms/iPhoneOS.platform/Developer/SDKs/iPhoneOS17.5.sdk -miphoneos-version-min=14.0 -I/Users/runner/work/LiteReplayd/LiteReplayd/build/prefix/include -fPIC -O2 -Wall -I. -I. --sysroot=/Applications/Xcode_15.4.app/Contents/Developer/Platforms/iPhoneOS.platform/Developer/SDKs/iPhoneOS17.5.sdk -arch arm64 -isysroot /Applications/Xcode_15.4.app/Contents/Developer/Platforms/iPhoneOS.platform/Developer/SDKs/iPhoneOS17.5.sdk -miphoneos-version-min=14.0 -I/Users/runner/work/LiteReplayd/LiteReplayd/build/prefix/include -fPIC -O2 -arch arm64 -std=gnu99 -D_GNU_SOURCE -fPIC -fomit-frame-pointer -fno-tree-vectorize -fvisibility=hidden   -c encoder/ratecontrol.c -o encoder/ratecontrol-10.o -MMD -MF encoder/ratecontrol-10.d -DHIGH_BIT_DEPTH=1 -DBIT_DEPTH=10
2026-06-25T21:56:06.4223020Z encoder/ratecontrol.c:2883:9: warning: variable 'iterations' set but not used [-Wunused-but-set-variable]
2026-06-25T21:56:06.4324120Z     int iterations = 0;
2026-06-25T21:56:06.4426000Z         ^
2026-06-25T21:56:06.7030200Z /Applications/Xcode_15.4.app/Contents/Developer/Toolchains/XcodeDefault.xctoolchain/usr/bin/clang -Wshadow -O3 -ffast-math -arch arm64 -isysroot /Applications/Xcode_15.4.app/Contents/Developer/Platforms/iPhoneOS.platform/Developer/SDKs/iPhoneOS17.5.sdk -miphoneos-version-min=14.0 -I/Users/runner/work/LiteReplayd/LiteReplayd/build/prefix/include -fPIC -O2 -Wall -I. -I. --sysroot=/Applications/Xcode_15.4.app/Contents/Developer/Platforms/iPhoneOS.platform/Developer/SDKs/iPhoneOS17.5.sdk -arch arm64 -isysroot /Applications/Xcode_15.4.app/Contents/Developer/Platforms/iPhoneOS.platform/Developer/SDKs/iPhoneOS17.5.sdk -miphoneos-version-min=14.0 -I/Users/runner/work/LiteReplayd/LiteReplayd/build/prefix/include -fPIC -O2 -arch arm64 -std=gnu99 -D_GNU_SOURCE -fPIC -fomit-frame-pointer -fno-tree-vectorize -fvisibility=hidden   -c encoder/set.c -o encoder/set-10.o -MMD -MF encoder/set-10.d -DHIGH_BIT_DEPTH=1 -DBIT_DEPTH=10
2026-06-25T21:56:06.7547130Z 1 warning generated.
2026-06-25T21:56:06.7591060Z /Applications/Xcode_15.4.app/Contents/Developer/Toolchains/XcodeDefault.xctoolchain/usr/bin/clang -Wshadow -O3 -ffast-math -arch arm64 -isysroot /Applications/Xcode_15.4.app/Contents/Developer/Platforms/iPhoneOS.platform/Developer/SDKs/iPhoneOS17.5.sdk -miphoneos-version-min=14.0 -I/Users/runner/work/LiteReplayd/LiteReplayd/build/prefix/include -fPIC -O2 -Wall -I. -I. --sysroot=/Applications/Xcode_15.4.app/Contents/Developer/Platforms/iPhoneOS.platform/Developer/SDKs/iPhoneOS17.5.sdk -arch arm64 -isysroot /Applications/Xcode_15.4.app/Contents/Developer/Platforms/iPhoneOS.platform/Developer/SDKs/iPhoneOS17.5.sdk -miphoneos-version-min=14.0 -I/Users/runner/work/LiteReplayd/LiteReplayd/build/prefix/include -fPIC -O2 -arch arm64 -std=gnu99 -D_GNU_SOURCE -fPIC -fomit-frame-pointer -fno-tree-vectorize -fvisibility=hidden   -c encoder/macroblock.c -o encoder/macroblock-10.o -MMD -MF encoder/macroblock-10.d -DHIGH_BIT_DEPTH=1 -DBIT_DEPTH=10
2026-06-25T21:56:07.0204390Z /Applications/Xcode_15.4.app/Contents/Developer/Toolchains/XcodeDefault.xctoolchain/usr/bin/clang -Wshadow -O3 -ffast-math -arch arm64 -isysroot /Applications/Xcode_15.4.app/Contents/Developer/Platforms/iPhoneOS.platform/Developer/SDKs/iPhoneOS17.5.sdk -miphoneos-version-min=14.0 -I/Users/runner/work/LiteReplayd/LiteReplayd/build/prefix/include -fPIC -O2 -Wall -I. -I. --sysroot=/Applications/Xcode_15.4.app/Contents/Developer/Platforms/iPhoneOS.platform/Developer/SDKs/iPhoneOS17.5.sdk -arch arm64 -isysroot /Applications/Xcode_15.4.app/Contents/Developer/Platforms/iPhoneOS.platform/Developer/SDKs/iPhoneOS17.5.sdk -miphoneos-version-min=14.0 -I/Users/runner/work/LiteReplayd/LiteReplayd/build/prefix/include -fPIC -O2 -arch arm64 -std=gnu99 -D_GNU_SOURCE -fPIC -fomit-frame-pointer -fno-tree-vectorize -fvisibility=hidden   -c encoder/cabac.c -o encoder/cabac-10.o -MMD -MF encoder/cabac-10.d -DHIGH_BIT_DEPTH=1 -DBIT_DEPTH=10
2026-06-25T21:56:07.1775050Z /Applications/Xcode_15.4.app/Contents/Developer/Toolchains/XcodeDefault.xctoolchain/usr/bin/clang -Wshadow -O3 -ffast-math -arch arm64 -isysroot /Applications/Xcode_15.4.app/Contents/Developer/Platforms/iPhoneOS.platform/Developer/SDKs/iPhoneOS17.5.sdk -miphoneos-version-min=14.0 -I/Users/runner/work/LiteReplayd/LiteReplayd/build/prefix/include -fPIC -O2 -Wall -I. -I. --sysroot=/Applications/Xcode_15.4.app/Contents/Developer/Platforms/iPhoneOS.platform/Developer/SDKs/iPhoneOS17.5.sdk -arch arm64 -isysroot /Applications/Xcode_15.4.app/Contents/Developer/Platforms/iPhoneOS.platform/Developer/SDKs/iPhoneOS17.5.sdk -miphoneos-version-min=14.0 -I/Users/runner/work/LiteReplayd/LiteReplayd/build/prefix/include -fPIC -O2 -arch arm64 -std=gnu99 -D_GNU_SOURCE -fPIC -fomit-frame-pointer -fno-tree-vectorize -fvisibility=hidden   -c encoder/cavlc.c -o encoder/cavlc-10.o -MMD -MF encoder/cavlc-10.d -DHIGH_BIT_DEPTH=1 -DBIT_DEPTH=10
2026-06-25T21:56:07.2707610Z /Applications/Xcode_15.4.app/Contents/Developer/Toolchains/XcodeDefault.xctoolchain/usr/bin/clang -Wshadow -O3 -ffast-math -arch arm64 -isysroot /Applications/Xcode_15.4.app/Contents/Developer/Platforms/iPhoneOS.platform/Developer/SDKs/iPhoneOS17.5.sdk -miphoneos-version-min=14.0 -I/Users/runner/work/LiteReplayd/LiteReplayd/build/prefix/include -fPIC -O2 -Wall -I. -I. --sysroot=/Applications/Xcode_15.4.app/Contents/Developer/Platforms/iPhoneOS.platform/Developer/SDKs/iPhoneOS17.5.sdk -arch arm64 -isysroot /Applications/Xcode_15.4.app/Contents/Developer/Platforms/iPhoneOS.platform/Developer/SDKs/iPhoneOS17.5.sdk -miphoneos-version-min=14.0 -I/Users/runner/work/LiteReplayd/LiteReplayd/build/prefix/include -fPIC -O2 -arch arm64 -std=gnu99 -D_GNU_SOURCE -fPIC -fomit-frame-pointer -fno-tree-vectorize -fvisibility=hidden   -c encoder/encoder.c -o encoder/encoder-10.o -MMD -MF encoder/encoder-10.d -DHIGH_BIT_DEPTH=1 -DBIT_DEPTH=10
2026-06-25T21:56:07.3421510Z /Applications/Xcode_15.4.app/Contents/Developer/Toolchains/XcodeDefault.xctoolchain/usr/bin/clang -Wshadow -O3 -ffast-math -arch arm64 -isysroot /Applications/Xcode_15.4.app/Contents/Developer/Platforms/iPhoneOS.platform/Developer/SDKs/iPhoneOS17.5.sdk -miphoneos-version-min=14.0 -I/Users/runner/work/LiteReplayd/LiteReplayd/build/prefix/include -fPIC -O2 -Wall -I. -I. --sysroot=/Applications/Xcode_15.4.app/Contents/Developer/Platforms/iPhoneOS.platform/Developer/SDKs/iPhoneOS17.5.sdk -arch arm64 -isysroot /Applications/Xcode_15.4.app/Contents/Developer/Platforms/iPhoneOS.platform/Developer/SDKs/iPhoneOS17.5.sdk -miphoneos-version-min=14.0 -I/Users/runner/work/LiteReplayd/LiteReplayd/build/prefix/include -fPIC -O2 -arch arm64 -std=gnu99 -D_GNU_SOURCE -fPIC -fomit-frame-pointer -fno-tree-vectorize -fvisibility=hidden   -c encoder/lookahead.c -o encoder/lookahead-10.o -MMD -MF encoder/lookahead-10.d -DHIGH_BIT_DEPTH=1 -DBIT_DEPTH=10
2026-06-25T21:56:07.4054300Z /Applications/Xcode_15.4.app/Contents/Developer/Toolchains/XcodeDefault.xctoolchain/usr/bin/clang -Wshadow -O3 -ffast-math -arch arm64 -isysroot /Applications/Xcode_15.4.app/Contents/Developer/Platforms/iPhoneOS.platform/Developer/SDKs/iPhoneOS17.5.sdk -miphoneos-version-min=14.0 -I/Users/runner/work/LiteReplayd/LiteReplayd/build/prefix/include -fPIC -O2 -Wall -I. -I. --sysroot=/Applications/Xcode_15.4.app/Contents/Developer/Platforms/iPhoneOS.platform/Developer/SDKs/iPhoneOS17.5.sdk -arch arm64 -isysroot /Applications/Xcode_15.4.app/Contents/Developer/Platforms/iPhoneOS.platform/Developer/SDKs/iPhoneOS17.5.sdk -miphoneos-version-min=14.0 -I/Users/runner/work/LiteReplayd/LiteReplayd/build/prefix/include -fPIC -O2 -arch arm64 -std=gnu99 -D_GNU_SOURCE -fPIC -fomit-frame-pointer -fno-tree-vectorize -fvisibility=hidden   -c common/threadpool.c -o common/threadpool-10.o -MMD -MF common/threadpool-10.d -DHIGH_BIT_DEPTH=1 -DBIT_DEPTH=10
2026-06-25T21:56:07.4691990Z /Applications/Xcode_15.4.app/Contents/Developer/Toolchains/XcodeDefault.xctoolchain/usr/bin/clang -Wshadow -O3 -ffast-math -arch arm64 -isysroot /Applications/Xcode_15.4.app/Contents/Developer/Platforms/iPhoneOS.platform/Developer/SDKs/iPhoneOS17.5.sdk -miphoneos-version-min=14.0 -I/Users/runner/work/LiteReplayd/LiteReplayd/build/prefix/include -fPIC -O2 -Wall -I. -I. --sysroot=/Applications/Xcode_15.4.app/Contents/Developer/Platforms/iPhoneOS.platform/Developer/SDKs/iPhoneOS17.5.sdk -arch arm64 -isysroot /Applications/Xcode_15.4.app/Contents/Developer/Platforms/iPhoneOS.platform/Developer/SDKs/iPhoneOS17.5.sdk -miphoneos-version-min=14.0 -I/Users/runner/work/LiteReplayd/LiteReplayd/build/prefix/include -fPIC -O2 -arch arm64 -std=gnu99 -D_GNU_SOURCE -fPIC -fomit-frame-pointer -fno-tree-vectorize -fvisibility=hidden   -c common/aarch64/asm-offsets.c -o common/aarch64/asm-offsets-10.o -MMD -MF common/aarch64/asm-offsets-10.d -DHIGH_BIT_DEPTH=1 -DBIT_DEPTH=10
2026-06-25T21:56:07.5101060Z /Applications/Xcode_15.4.app/Contents/Developer/Toolchains/XcodeDefault.xctoolchain/usr/bin/clang -Wshadow -O3 -ffast-math -arch arm64 -isysroot /Applications/Xcode_15.4.app/Contents/Developer/Platforms/iPhoneOS.platform/Developer/SDKs/iPhoneOS17.5.sdk -miphoneos-version-min=14.0 -I/Users/runner/work/LiteReplayd/LiteReplayd/build/prefix/include -fPIC -O2 -Wall -I. -I. --sysroot=/Applications/Xcode_15.4.app/Contents/Developer/Platforms/iPhoneOS.platform/Developer/SDKs/iPhoneOS17.5.sdk -arch arm64 -isysroot /Applications/Xcode_15.4.app/Contents/Developer/Platforms/iPhoneOS.platform/Developer/SDKs/iPhoneOS17.5.sdk -miphoneos-version-min=14.0 -I/Users/runner/work/LiteReplayd/LiteReplayd/build/prefix/include -fPIC -O2 -arch arm64 -std=gnu99 -D_GNU_SOURCE -fPIC -fomit-frame-pointer -fno-tree-vectorize -fvisibility=hidden   -c common/aarch64/mc-c.c -o common/aarch64/mc-c-10.o -MMD -MF common/aarch64/mc-c-10.d -DHIGH_BIT_DEPTH=1 -DBIT_DEPTH=10
2026-06-25T21:56:07.5732660Z /Applications/Xcode_15.4.app/Contents/Developer/Toolchains/XcodeDefault.xctoolchain/usr/bin/clang -Wshadow -O3 -ffast-math -arch arm64 -isysroot /Applications/Xcode_15.4.app/Contents/Developer/Platforms/iPhoneOS.platform/Developer/SDKs/iPhoneOS17.5.sdk -miphoneos-version-min=14.0 -I/Users/runner/work/LiteReplayd/LiteReplayd/build/prefix/include -fPIC -O2 -Wall -I. -I. --sysroot=/Applications/Xcode_15.4.app/Contents/Developer/Platforms/iPhoneOS.platform/Developer/SDKs/iPhoneOS17.5.sdk -arch arm64 -isysroot /Applications/Xcode_15.4.app/Contents/Developer/Platforms/iPhoneOS.platform/Developer/SDKs/iPhoneOS17.5.sdk -miphoneos-version-min=14.0 -I/Users/runner/work/LiteReplayd/LiteReplayd/build/prefix/include -fPIC -O2 -arch arm64 -std=gnu99 -D_GNU_SOURCE -fPIC -fomit-frame-pointer -fno-tree-vectorize -fvisibility=hidden   -c common/aarch64/predict-c.c -o common/aarch64/predict-c-10.o -MMD -MF common/aarch64/predict-c-10.d -DHIGH_BIT_DEPTH=1 -DBIT_DEPTH=10
2026-06-25T21:56:07.6178420Z /Applications/Xcode_15.4.app/Contents/Developer/Toolchains/XcodeDefault.xctoolchain/usr/bin/clang -I. -I. -arch arm64 -isysroot /Applications/Xcode_15.4.app/Contents/Developer/Platforms/iPhoneOS.platform/Developer/SDKs/iPhoneOS17.5.sdk -miphoneos-version-min=14.0 -I/Users/runner/work/LiteReplayd/LiteReplayd/build/prefix/include -fPIC -O2 -DPREFIX -DPIC -arch arm64 -c -DSTACK_ALIGNMENT=16 -o common/aarch64/bitstream-a-8.o common/aarch64/bitstream-a.S -MMD -MF common/aarch64/bitstream-a-8.d -DHIGH_BIT_DEPTH=0 -DBIT_DEPTH=8
2026-06-25T21:56:07.6690310Z /Applications/Xcode_15.4.app/Contents/Developer/Toolchains/XcodeDefault.xctoolchain/usr/bin/clang -I. -I. -arch arm64 -isysroot /Applications/Xcode_15.4.app/Contents/Developer/Platforms/iPhoneOS.platform/Developer/SDKs/iPhoneOS17.5.sdk -miphoneos-version-min=14.0 -I/Users/runner/work/LiteReplayd/LiteReplayd/build/prefix/include -fPIC -O2 -DPREFIX -DPIC -arch arm64 -c -DSTACK_ALIGNMENT=16 -o common/aarch64/cabac-a-8.o common/aarch64/cabac-a.S -MMD -MF common/aarch64/cabac-a-8.d -DHIGH_BIT_DEPTH=0 -DBIT_DEPTH=8
2026-06-25T21:56:07.7120080Z /Applications/Xcode_15.4.app/Contents/Developer/Toolchains/XcodeDefault.xctoolchain/usr/bin/clang -I. -I. -arch arm64 -isysroot /Applications/Xcode_15.4.app/Contents/Developer/Platforms/iPhoneOS.platform/Developer/SDKs/iPhoneOS17.5.sdk -miphoneos-version-min=14.0 -I/Users/runner/work/LiteReplayd/LiteReplayd/build/prefix/include -fPIC -O2 -DPREFIX -DPIC -arch arm64 -c -DSTACK_ALIGNMENT=16 -o common/aarch64/dct-a-8.o common/aarch64/dct-a.S -MMD -MF common/aarch64/dct-a-8.d -DHIGH_BIT_DEPTH=0 -DBIT_DEPTH=8
2026-06-25T21:56:07.7563250Z /Applications/Xcode_15.4.app/Contents/Developer/Toolchains/XcodeDefault.xctoolchain/usr/bin/clang -I. -I. -arch arm64 -isysroot /Applications/Xcode_15.4.app/Contents/Developer/Platforms/iPhoneOS.platform/Developer/SDKs/iPhoneOS17.5.sdk -miphoneos-version-min=14.0 -I/Users/runner/work/LiteReplayd/LiteReplayd/build/prefix/include -fPIC -O2 -DPREFIX -DPIC -arch arm64 -c -DSTACK_ALIGNMENT=16 -o common/aarch64/deblock-a-8.o common/aarch64/deblock-a.S -MMD -MF common/aarch64/deblock-a-8.d -DHIGH_BIT_DEPTH=0 -DBIT_DEPTH=8
2026-06-25T21:56:07.7965410Z /Applications/Xcode_15.4.app/Contents/Developer/Toolchains/XcodeDefault.xctoolchain/usr/bin/clang -I. -I. -arch arm64 -isysroot /Applications/Xcode_15.4.app/Contents/Developer/Platforms/iPhoneOS.platform/Developer/SDKs/iPhoneOS17.5.sdk -miphoneos-version-min=14.0 -I/Users/runner/work/LiteReplayd/LiteReplayd/build/prefix/include -fPIC -O2 -DPREFIX -DPIC -arch arm64 -c -DSTACK_ALIGNMENT=16 -o common/aarch64/mc-a-8.o common/aarch64/mc-a.S -MMD -MF common/aarch64/mc-a-8.d -DHIGH_BIT_DEPTH=0 -DBIT_DEPTH=8
2026-06-25T21:56:07.8469890Z /Applications/Xcode_15.4.app/Contents/Developer/Toolchains/XcodeDefault.xctoolchain/usr/bin/clang -I. -I. -arch arm64 -isysroot /Applications/Xcode_15.4.app/Contents/Developer/Platforms/iPhoneOS.platform/Developer/SDKs/iPhoneOS17.5.sdk -miphoneos-version-min=14.0 -I/Users/runner/work/LiteReplayd/LiteReplayd/build/prefix/include -fPIC -O2 -DPREFIX -DPIC -arch arm64 -c -DSTACK_ALIGNMENT=16 -o common/aarch64/pixel-a-8.o common/aarch64/pixel-a.S -MMD -MF common/aarch64/pixel-a-8.d -DHIGH_BIT_DEPTH=0 -DBIT_DEPTH=8
2026-06-25T21:56:07.8999430Z /Applications/Xcode_15.4.app/Contents/Developer/Toolchains/XcodeDefault.xctoolchain/usr/bin/clang -I. -I. -arch arm64 -isysroot /Applications/Xcode_15.4.app/Contents/Developer/Platforms/iPhoneOS.platform/Developer/SDKs/iPhoneOS17.5.sdk -miphoneos-version-min=14.0 -I/Users/runner/work/LiteReplayd/LiteReplayd/build/prefix/include -fPIC -O2 -DPREFIX -DPIC -arch arm64 -c -DSTACK_ALIGNMENT=16 -o common/aarch64/predict-a-8.o common/aarch64/predict-a.S -MMD -MF common/aarch64/predict-a-8.d -DHIGH_BIT_DEPTH=0 -DBIT_DEPTH=8
2026-06-25T21:56:07.9409050Z /Applications/Xcode_15.4.app/Contents/Developer/Toolchains/XcodeDefault.xctoolchain/usr/bin/clang -I. -I. -arch arm64 -isysroot /Applications/Xcode_15.4.app/Contents/Developer/Platforms/iPhoneOS.platform/Developer/SDKs/iPhoneOS17.5.sdk -miphoneos-version-min=14.0 -I/Users/runner/work/LiteReplayd/LiteReplayd/build/prefix/include -fPIC -O2 -DPREFIX -DPIC -arch arm64 -c -DSTACK_ALIGNMENT=16 -o common/aarch64/quant-a-8.o common/aarch64/quant-a.S -MMD -MF common/aarch64/quant-a-8.d -DHIGH_BIT_DEPTH=0 -DBIT_DEPTH=8
2026-06-25T21:56:07.9820090Z /Applications/Xcode_15.4.app/Contents/Developer/Toolchains/XcodeDefault.xctoolchain/usr/bin/clang -I. -I. -arch arm64 -isysroot /Applications/Xcode_15.4.app/Contents/Developer/Platforms/iPhoneOS.platform/Developer/SDKs/iPhoneOS17.5.sdk -miphoneos-version-min=14.0 -I/Users/runner/work/LiteReplayd/LiteReplayd/build/prefix/include -fPIC -O2 -DPREFIX -DPIC -arch arm64 -c -DSTACK_ALIGNMENT=16 -o common/aarch64/dct-a-sve-8.o common/aarch64/dct-a-sve.S -MMD -MF common/aarch64/dct-a-sve-8.d -DHIGH_BIT_DEPTH=0 -DBIT_DEPTH=8
2026-06-25T21:56:08.0123490Z /Applications/Xcode_15.4.app/Contents/Developer/Toolchains/XcodeDefault.xctoolchain/usr/bin/clang -I. -I. -arch arm64 -isysroot /Applications/Xcode_15.4.app/Contents/Developer/Platforms/iPhoneOS.platform/Developer/SDKs/iPhoneOS17.5.sdk -miphoneos-version-min=14.0 -I/Users/runner/work/LiteReplayd/LiteReplayd/build/prefix/include -fPIC -O2 -DPREFIX -DPIC -arch arm64 -c -DSTACK_ALIGNMENT=16 -o common/aarch64/deblock-a-sve-8.o common/aarch64/deblock-a-sve.S -MMD -MF common/aarch64/deblock-a-sve-8.d -DHIGH_BIT_DEPTH=0 -DBIT_DEPTH=8
2026-06-25T21:56:08.0263900Z /Applications/Xcode_15.4.app/Contents/Developer/Toolchains/XcodeDefault.xctoolchain/usr/bin/clang -I. -I. -arch arm64 -isysroot /Applications/Xcode_15.4.app/Contents/Developer/Platforms/iPhoneOS.platform/Developer/SDKs/iPhoneOS17.5.sdk -miphoneos-version-min=14.0 -I/Users/runner/work/LiteReplayd/LiteReplayd/build/prefix/include -fPIC -O2 -DPREFIX -DPIC -arch arm64 -c -DSTACK_ALIGNMENT=16 -o common/aarch64/mc-a-sve-8.o common/aarch64/mc-a-sve.S -MMD -MF common/aarch64/mc-a-sve-8.d -DHIGH_BIT_DEPTH=0 -DBIT_DEPTH=8
2026-06-25T21:56:08.0450430Z 1 warning generated.
2026-06-25T21:56:08.0452340Z /Applications/Xcode_15.4.app/Contents/Developer/Toolchains/XcodeDefault.xctoolchain/usr/bin/clang -I. -I. -arch arm64 -isysroot /Applications/Xcode_15.4.app/Contents/Developer/Platforms/iPhoneOS.platform/Developer/SDKs/iPhoneOS17.5.sdk -miphoneos-version-min=14.0 -I/Users/runner/work/LiteReplayd/LiteReplayd/build/prefix/include -fPIC -O2 -DPREFIX -DPIC -arch arm64 -c -DSTACK_ALIGNMENT=16 -o common/aarch64/pixel-a-sve-8.o common/aarch64/pixel-a-sve.S -MMD -MF common/aarch64/pixel-a-sve-8.d -DHIGH_BIT_DEPTH=0 -DBIT_DEPTH=8
2026-06-25T21:56:08.0554840Z /Applications/Xcode_15.4.app/Contents/Developer/Toolchains/XcodeDefault.xctoolchain/usr/bin/clang -I. -I. -arch arm64 -isysroot /Applications/Xcode_15.4.app/Contents/Developer/Platforms/iPhoneOS.platform/Developer/SDKs/iPhoneOS17.5.sdk -miphoneos-version-min=14.0 -I/Users/runner/work/LiteReplayd/LiteReplayd/build/prefix/include -fPIC -O2 -DPREFIX -DPIC -arch arm64 -c -DSTACK_ALIGNMENT=16 -o common/aarch64/dct-a-sve2-8.o common/aarch64/dct-a-sve2.S -MMD -MF common/aarch64/dct-a-sve2-8.d -DHIGH_BIT_DEPTH=0 -DBIT_DEPTH=8
2026-06-25T21:56:08.0658910Z /Applications/Xcode_15.4.app/Contents/Developer/Toolchains/XcodeDefault.xctoolchain/usr/bin/clang -I. -I. -arch arm64 -isysroot /Applications/Xcode_15.4.app/Contents/Developer/Platforms/iPhoneOS.platform/Developer/SDKs/iPhoneOS17.5.sdk -miphoneos-version-min=14.0 -I/Users/runner/work/LiteReplayd/LiteReplayd/build/prefix/include -fPIC -O2 -DPREFIX -DPIC -arch arm64 -c -DSTACK_ALIGNMENT=16 -o common/aarch64/bitstream-a-10.o common/aarch64/bitstream-a.S -MMD -MF common/aarch64/bitstream-a-10.d -DHIGH_BIT_DEPTH=1 -DBIT_DEPTH=10
2026-06-25T21:56:08.0865250Z /Applications/Xcode_15.4.app/Contents/Developer/Toolchains/XcodeDefault.xctoolchain/usr/bin/clang -I. -I. -arch arm64 -isysroot /Applications/Xcode_15.4.app/Contents/Developer/Platforms/iPhoneOS.platform/Developer/SDKs/iPhoneOS17.5.sdk -miphoneos-version-min=14.0 -I/Users/runner/work/LiteReplayd/LiteReplayd/build/prefix/include -fPIC -O2 -DPREFIX -DPIC -arch arm64 -c -DSTACK_ALIGNMENT=16 -o common/aarch64/cabac-a-10.o common/aarch64/cabac-a.S -MMD -MF common/aarch64/cabac-a-10.d -DHIGH_BIT_DEPTH=1 -DBIT_DEPTH=10
2026-06-25T21:56:08.0969610Z /Applications/Xcode_15.4.app/Contents/Developer/Toolchains/XcodeDefault.xctoolchain/usr/bin/clang -I. -I. -arch arm64 -isysroot /Applications/Xcode_15.4.app/Contents/Developer/Platforms/iPhoneOS.platform/Developer/SDKs/iPhoneOS17.5.sdk -miphoneos-version-min=14.0 -I/Users/runner/work/LiteReplayd/LiteReplayd/build/prefix/include -fPIC -O2 -DPREFIX -DPIC -arch arm64 -c -DSTACK_ALIGNMENT=16 -o common/aarch64/dct-a-10.o common/aarch64/dct-a.S -MMD -MF common/aarch64/dct-a-10.d -DHIGH_BIT_DEPTH=1 -DBIT_DEPTH=10
2026-06-25T21:56:08.1073550Z /Applications/Xcode_15.4.app/Contents/Developer/Toolchains/XcodeDefault.xctoolchain/usr/bin/clang -I. -I. -arch arm64 -isysroot /Applications/Xcode_15.4.app/Contents/Developer/Platforms/iPhoneOS.platform/Developer/SDKs/iPhoneOS17.5.sdk -miphoneos-version-min=14.0 -I/Users/runner/work/LiteReplayd/LiteReplayd/build/prefix/include -fPIC -O2 -DPREFIX -DPIC -arch arm64 -c -DSTACK_ALIGNMENT=16 -o common/aarch64/deblock-a-10.o common/aarch64/deblock-a.S -MMD -MF common/aarch64/deblock-a-10.d -DHIGH_BIT_DEPTH=1 -DBIT_DEPTH=10
2026-06-25T21:56:08.1175360Z /Applications/Xcode_15.4.app/Contents/Developer/Toolchains/XcodeDefault.xctoolchain/usr/bin/clang -I. -I. -arch arm64 -isysroot /Applications/Xcode_15.4.app/Contents/Developer/Platforms/iPhoneOS.platform/Developer/SDKs/iPhoneOS17.5.sdk -miphoneos-version-min=14.0 -I/Users/runner/work/LiteReplayd/LiteReplayd/build/prefix/include -fPIC -O2 -DPREFIX -DPIC -arch arm64 -c -DSTACK_ALIGNMENT=16 -o common/aarch64/mc-a-10.o common/aarch64/mc-a.S -MMD -MF common/aarch64/mc-a-10.d -DHIGH_BIT_DEPTH=1 -DBIT_DEPTH=10
2026-06-25T21:56:08.1379900Z /Applications/Xcode_15.4.app/Contents/Developer/Toolchains/XcodeDefault.xctoolchain/usr/bin/clang -I. -I. -arch arm64 -isysroot /Applications/Xcode_15.4.app/Contents/Developer/Platforms/iPhoneOS.platform/Developer/SDKs/iPhoneOS17.5.sdk -miphoneos-version-min=14.0 -I/Users/runner/work/LiteReplayd/LiteReplayd/build/prefix/include -fPIC -O2 -DPREFIX -DPIC -arch arm64 -c -DSTACK_ALIGNMENT=16 -o common/aarch64/pixel-a-10.o common/aarch64/pixel-a.S -MMD -MF common/aarch64/pixel-a-10.d -DHIGH_BIT_DEPTH=1 -DBIT_DEPTH=10
2026-06-25T21:56:08.1483940Z /Applications/Xcode_15.4.app/Contents/Developer/Toolchains/XcodeDefault.xctoolchain/usr/bin/clang -I. -I. -arch arm64 -isysroot /Applications/Xcode_15.4.app/Contents/Developer/Platforms/iPhoneOS.platform/Developer/SDKs/iPhoneOS17.5.sdk -miphoneos-version-min=14.0 -I/Users/runner/work/LiteReplayd/LiteReplayd/build/prefix/include -fPIC -O2 -DPREFIX -DPIC -arch arm64 -c -DSTACK_ALIGNMENT=16 -o common/aarch64/predict-a-10.o common/aarch64/predict-a.S -MMD -MF common/aarch64/predict-a-10.d -DHIGH_BIT_DEPTH=1 -DBIT_DEPTH=10
2026-06-25T21:56:08.1692530Z /Applications/Xcode_15.4.app/Contents/Developer/Toolchains/XcodeDefault.xctoolchain/usr/bin/clang -I. -I. -arch arm64 -isysroot /Applications/Xcode_15.4.app/Contents/Developer/Platforms/iPhoneOS.platform/Developer/SDKs/iPhoneOS17.5.sdk -miphoneos-version-min=14.0 -I/Users/runner/work/LiteReplayd/LiteReplayd/build/prefix/include -fPIC -O2 -DPREFIX -DPIC -arch arm64 -c -DSTACK_ALIGNMENT=16 -o common/aarch64/quant-a-10.o common/aarch64/quant-a.S -MMD -MF common/aarch64/quant-a-10.d -DHIGH_BIT_DEPTH=1 -DBIT_DEPTH=10
2026-06-25T21:56:08.1796240Z /Applications/Xcode_15.4.app/Contents/Developer/Toolchains/XcodeDefault.xctoolchain/usr/bin/clang -I. -I. -arch arm64 -isysroot /Applications/Xcode_15.4.app/Contents/Developer/Platforms/iPhoneOS.platform/Developer/SDKs/iPhoneOS17.5.sdk -miphoneos-version-min=14.0 -I/Users/runner/work/LiteReplayd/LiteReplayd/build/prefix/include -fPIC -O2 -DPREFIX -DPIC -arch arm64 -c -DSTACK_ALIGNMENT=16 -o common/aarch64/dct-a-sve-10.o common/aarch64/dct-a-sve.S -MMD -MF common/aarch64/dct-a-sve-10.d -DHIGH_BIT_DEPTH=1 -DBIT_DEPTH=10
2026-06-25T21:56:08.1903390Z /Applications/Xcode_15.4.app/Contents/Developer/Toolchains/XcodeDefault.xctoolchain/usr/bin/clang -I. -I. -arch arm64 -isysroot /Applications/Xcode_15.4.app/Contents/Developer/Platforms/iPhoneOS.platform/Developer/SDKs/iPhoneOS17.5.sdk -miphoneos-version-min=14.0 -I/Users/runner/work/LiteReplayd/LiteReplayd/build/prefix/include -fPIC -O2 -DPREFIX -DPIC -arch arm64 -c -DSTACK_ALIGNMENT=16 -o common/aarch64/deblock-a-sve-10.o common/aarch64/deblock-a-sve.S -MMD -MF common/aarch64/deblock-a-sve-10.d -DHIGH_BIT_DEPTH=1 -DBIT_DEPTH=10
2026-06-25T21:56:08.2101620Z /Applications/Xcode_15.4.app/Contents/Developer/Toolchains/XcodeDefault.xctoolchain/usr/bin/clang -I. -I. -arch arm64 -isysroot /Applications/Xcode_15.4.app/Contents/Developer/Platforms/iPhoneOS.platform/Developer/SDKs/iPhoneOS17.5.sdk -miphoneos-version-min=14.0 -I/Users/runner/work/LiteReplayd/LiteReplayd/build/prefix/include -fPIC -O2 -DPREFIX -DPIC -arch arm64 -c -DSTACK_ALIGNMENT=16 -o common/aarch64/mc-a-sve-10.o common/aarch64/mc-a-sve.S -MMD -MF common/aarch64/mc-a-sve-10.d -DHIGH_BIT_DEPTH=1 -DBIT_DEPTH=10
2026-06-25T21:56:08.2207550Z /Applications/Xcode_15.4.app/Contents/Developer/Toolchains/XcodeDefault.xctoolchain/usr/bin/clang -I. -I. -arch arm64 -isysroot /Applications/Xcode_15.4.app/Contents/Developer/Platforms/iPhoneOS.platform/Developer/SDKs/iPhoneOS17.5.sdk -miphoneos-version-min=14.0 -I/Users/runner/work/LiteReplayd/LiteReplayd/build/prefix/include -fPIC -O2 -DPREFIX -DPIC -arch arm64 -c -DSTACK_ALIGNMENT=16 -o common/aarch64/pixel-a-sve-10.o common/aarch64/pixel-a-sve.S -MMD -MF common/aarch64/pixel-a-sve-10.d -DHIGH_BIT_DEPTH=1 -DBIT_DEPTH=10
2026-06-25T21:56:08.2314180Z /Applications/Xcode_15.4.app/Contents/Developer/Toolchains/XcodeDefault.xctoolchain/usr/bin/clang -I. -I. -arch arm64 -isysroot /Applications/Xcode_15.4.app/Contents/Developer/Platforms/iPhoneOS.platform/Developer/SDKs/iPhoneOS17.5.sdk -miphoneos-version-min=14.0 -I/Users/runner/work/LiteReplayd/LiteReplayd/build/prefix/include -fPIC -O2 -DPREFIX -DPIC -arch arm64 -c -DSTACK_ALIGNMENT=16 -o common/aarch64/dct-a-sve2-10.o common/aarch64/dct-a-sve2.S -MMD -MF common/aarch64/dct-a-sve2-10.d -DHIGH_BIT_DEPTH=1 -DBIT_DEPTH=10
2026-06-25T21:56:08.2602520Z rm -f libx264.a
2026-06-25T21:56:08.2809750Z /Applications/Xcode_15.4.app/Contents/Developer/Toolchains/XcodeDefault.xctoolchain/usr/bin/ar rc libx264.a  common/osdep.o common/base.o common/cpu.o common/tables.o encoder/api.o common/mc-8.o common/predict-8.o common/pixel-8.o common/macroblock-8.o common/frame-8.o common/dct-8.o common/cabac-8.o common/common-8.o common/rectangle-8.o common/set-8.o common/quant-8.o common/deblock-8.o common/vlc-8.o common/mvpred-8.o common/bitstream-8.o encoder/analyse-8.o encoder/me-8.o encoder/ratecontrol-8.o encoder/set-8.o encoder/macroblock-8.o encoder/cabac-8.o encoder/cavlc-8.o encoder/encoder-8.o encoder/lookahead-8.o common/threadpool-8.o common/aarch64/asm-offsets-8.o common/aarch64/mc-c-8.o common/aarch64/predict-c-8.o common/opencl-8.o encoder/slicetype-cl-8.o common/mc-10.o common/predict-10.o common/pixel-10.o common/macroblock-10.o common/frame-10.o common/dct-10.o common/cabac-10.o common/common-10.o common/rectangle-10.o common/set-10.o common/quant-10.o common/deblock-10.o common/vlc-10.o common/mvpred-10.o common/bitstream-10.o encoder/analyse-10.o encoder/me-10.o encoder/ratecontrol-10.o encoder/set-10.o encoder/macroblock-10.o encoder/cabac-10.o encoder/cavlc-10.o encoder/encoder-10.o encoder/lookahead-10.o common/threadpool-10.o common/aarch64/asm-offsets-10.o common/aarch64/mc-c-10.o common/aarch64/predict-c-10.o   common/aarch64/bitstream-a-8.o common/aarch64/cabac-a-8.o common/aarch64/dct-a-8.o common/aarch64/deblock-a-8.o common/aarch64/mc-a-8.o common/aarch64/pixel-a-8.o common/aarch64/predict-a-8.o common/aarch64/quant-a-8.o common/aarch64/dct-a-sve-8.o common/aarch64/deblock-a-sve-8.o common/aarch64/mc-a-sve-8.o common/aarch64/pixel-a-sve-8.o common/aarch64/dct-a-sve2-8.o common/aarch64/bitstream-a-10.o common/aarch64/cabac-a-10.o common/aarch64/dct-a-10.o common/aarch64/deblock-a-10.o common/aarch64/mc-a-10.o common/aarch64/pixel-a-10.o common/aarch64/predict-a-10.o common/aarch64/quant-a-10.o common/aarch64/dct-a-sve-10.o common/aarch64/deblock-a-sve-10.o common/aarch64/mc-a-sve-10.o common/aarch64/pixel-a-sve-10.o common/aarch64/dct-a-sve2-10.o
2026-06-25T21:56:08.3112600Z /Applications/Xcode_15.4.app/Contents/Developer/Toolchains/XcodeDefault.xctoolchain/usr/bin/ranlib libx264.a
2026-06-25T21:56:08.3722480Z install -d /Users/runner/work/LiteReplayd/LiteReplayd/build/prefix/include
2026-06-25T21:56:08.3747280Z install -d /Users/runner/work/LiteReplayd/LiteReplayd/build/prefix/lib/pkgconfig
2026-06-25T21:56:08.3762720Z install -m 644 ./x264.h x264_config.h /Users/runner/work/LiteReplayd/LiteReplayd/build/prefix/include
2026-06-25T21:56:08.3778850Z install -m 644 x264.pc /Users/runner/work/LiteReplayd/LiteReplayd/build/prefix/lib/pkgconfig
2026-06-25T21:56:08.3812980Z install -d /Users/runner/work/LiteReplayd/LiteReplayd/build/prefix/lib
2026-06-25T21:56:08.3827420Z install -m 644 libx264.a /Users/runner/work/LiteReplayd/LiteReplayd/build/prefix/lib
2026-06-25T21:56:08.3857450Z /Applications/Xcode_15.4.app/Contents/Developer/Toolchains/XcodeDefault.xctoolchain/usr/bin/ranlib /Users/runner/work/LiteReplayd/LiteReplayd/build/prefix/lib/libx264.a
2026-06-25T21:56:08.3936050Z ==> x265 (cmake)
2026-06-25T21:56:08.3971190Z Cloning into '/Users/runner/work/LiteReplayd/LiteReplayd/build/src/x265'...
2026-06-25T21:56:09.9621750Z -- cmake version 4.3.4
2026-06-25T21:56:10.0624530Z -- The C compiler identification is AppleClang 15.0.0.15000309
2026-06-25T21:56:10.1393130Z -- The CXX compiler identification is AppleClang 15.0.0.15000309
2026-06-25T21:56:10.1475380Z -- Detecting C compiler ABI info
2026-06-25T21:56:10.2384860Z -- Detecting C compiler ABI info - done
2026-06-25T21:56:10.2502100Z -- Check for working C compiler: /Applications/Xcode_15.4.app/Contents/Developer/Toolchains/XcodeDefault.xctoolchain/usr/bin/clang - skipped
2026-06-25T21:56:10.2503410Z -- Detecting C compile features
2026-06-25T21:56:10.2506540Z -- Detecting C compile features - done
2026-06-25T21:56:10.2554750Z -- Detecting CXX compiler ABI info
2026-06-25T21:56:10.3453560Z -- Detecting CXX compiler ABI info - done
2026-06-25T21:56:10.3570710Z -- Check for working CXX compiler: /Applications/Xcode_15.4.app/Contents/Developer/Toolchains/XcodeDefault.xctoolchain/usr/bin/clang++ - skipped
2026-06-25T21:56:10.3572130Z -- Detecting CXX compile features
2026-06-25T21:56:10.3576600Z -- Detecting CXX compile features - done
2026-06-25T21:56:10.3616680Z -- Detected ARM64 target processor
2026-06-25T21:56:10.3617280Z -- Run-time CPU feature detection unsupported on this platform
2026-06-25T21:56:11.4722030Z -- Could NOT find Numa (missing: NUMA_ROOT_DIR NUMA_INCLUDE_DIR NUMA_LIBRARY) 
2026-06-25T21:56:11.4740550Z -- Looking for include file inttypes.h
2026-06-25T21:56:11.5620280Z -- Looking for include file inttypes.h - found
2026-06-25T21:56:11.5621130Z -- Performing Test SVE_COMPILATION_C_TEST_COMPILED
2026-06-25T21:56:11.7176480Z -- Performing Test SVE_COMPILATION_C_TEST_COMPILED - Failed
2026-06-25T21:56:11.7176830Z -- Performing Test SVE_COMPILATION_CXX_TEST_COMPILED
2026-06-25T21:56:11.9054230Z -- Performing Test SVE_COMPILATION_CXX_TEST_COMPILED - Failed
2026-06-25T21:56:11.9054840Z -- Performing Test SVE_HEADER_C_TEST_COMPILED
2026-06-25T21:56:12.0333700Z -- Performing Test SVE_HEADER_C_TEST_COMPILED - Failed
2026-06-25T21:56:12.0334350Z -- Performing Test SVE_HEADER_CXX_TEST_COMPILED
2026-06-25T21:56:12.1881920Z -- Performing Test SVE_HEADER_CXX_TEST_COMPILED - Failed
2026-06-25T21:56:12.1882730Z -- Disabling SVE and SVE2
2026-06-25T21:56:12.1883020Z -- Disabling SVE
2026-06-25T21:56:12.1883260Z -- Disabling SVE2
2026-06-25T21:56:12.1883500Z -- Disabling SVE2 BitPerm
2026-06-25T21:56:12.1883760Z -- Found Neon
2026-06-25T21:56:12.1884040Z -- Found Neon DotProd
2026-06-25T21:56:12.1884290Z -- Found Neon I8MM
2026-06-25T21:56:12.1886540Z -- Performing Test CC_HAS_FLAX_VEC_CONV_NONE
2026-06-25T21:56:12.2977480Z -- Performing Test CC_HAS_FLAX_VEC_CONV_NONE - Success
2026-06-25T21:56:12.2982080Z -- Performing Test CC_HAS_NO_STRICT_OVERFLOW
2026-06-25T21:56:12.4008630Z -- Performing Test CC_HAS_NO_STRICT_OVERFLOW - Success
2026-06-25T21:56:12.4012820Z -- Performing Test CC_HAS_NO_NARROWING
2026-06-25T21:56:12.4940230Z -- Performing Test CC_HAS_NO_NARROWING - Success
2026-06-25T21:56:12.4943990Z -- Performing Test CC_HAS_NO_ARRAY_BOUNDS
2026-06-25T21:56:12.6286220Z -- Performing Test CC_HAS_NO_ARRAY_BOUNDS - Success
2026-06-25T21:56:12.6291190Z -- Performing Test CC_HAS_FAST_MATH
2026-06-25T21:56:12.7368990Z -- Performing Test CC_HAS_FAST_MATH - Success
2026-06-25T21:56:12.7373220Z -- Performing Test CC_HAS_FNO_EXCEPTIONS_FLAG
2026-06-25T21:56:12.8580100Z -- Performing Test CC_HAS_FNO_EXCEPTIONS_FLAG - Success
2026-06-25T21:56:12.8763190Z -- Found Nasm: /opt/homebrew/bin/nasm (found version "3.01")
2026-06-25T21:56:12.8764720Z -- Looking for getauxval
2026-06-25T21:56:12.9338260Z -- Looking for getauxval - not found
2026-06-25T21:56:12.9339400Z -- Looking for elf_aux_info
2026-06-25T21:56:12.9886250Z -- Looking for elf_aux_info - not found
2026-06-25T21:56:13.0033900Z -- GIT_EXECUTABLE /opt/homebrew/bin/git
2026-06-25T21:56:13.0175700Z -- GIT LIVE REPO VERSION RETRIEVED
2026-06-25T21:56:13.0175960Z -- X265 RELEASE VERSION unknown
2026-06-25T21:56:13.0188490Z -- Detected CXX compiler using -O3 optimization level
2026-06-25T21:56:13.0333430Z -- The ASM compiler identification is AppleClang
2026-06-25T21:56:13.0425130Z -- Found assembler: /Applications/Xcode_15.4.app/Contents/Developer/Toolchains/XcodeDefault.xctoolchain/usr/bin/clang
2026-06-25T21:56:13.0451570Z -- Looking for strtok_r
2026-06-25T21:56:13.1695220Z -- Looking for strtok_r - found
2026-06-25T21:56:13.1897380Z -- Configuring done (3.2s)
2026-06-25T21:56:13.2199970Z -- Generating done (0.0s)
2026-06-25T21:56:13.2300320Z -- Build files have been written to: /Users/runner/work/LiteReplayd/LiteReplayd/build/src/x265/build-ios
2026-06-25T21:56:13.2802090Z [  1%] Building CXX object encoder/CMakeFiles/encoder.dir/analysis.cpp.o
2026-06-25T21:56:13.2903400Z [  3%] Building CXX object encoder/CMakeFiles/encoder.dir/search.cpp.o
2026-06-25T21:56:13.3005130Z [  3%] Building CXX object common/CMakeFiles/common.dir/aarch64/asm-primitives.cpp.o
2026-06-25T21:56:14.0751140Z [  5%] Building CXX object common/CMakeFiles/common.dir/aarch64/pixel-prim.cpp.o
2026-06-25T21:56:14.6794200Z [  6%] Building CXX object encoder/CMakeFiles/encoder.dir/bitcost.cpp.o
2026-06-25T21:56:14.7817320Z [  7%] Building CXX object encoder/CMakeFiles/encoder.dir/motion.cpp.o
2026-06-25T21:56:14.8765380Z [  8%] Building CXX object encoder/CMakeFiles/encoder.dir/slicetype.cpp.o
2026-06-25T21:56:15.1035910Z [ 10%] Building CXX object common/CMakeFiles/common.dir/aarch64/filter-prim.cpp.o
2026-06-25T21:56:15.3858510Z [ 11%] Building CXX object encoder/CMakeFiles/encoder.dir/frameencoder.cpp.o
2026-06-25T21:56:15.8341320Z [ 12%] Building CXX object encoder/CMakeFiles/encoder.dir/framefilter.cpp.o
2026-06-25T21:56:16.2437400Z [ 13%] Building CXX object encoder/CMakeFiles/encoder.dir/level.cpp.o
2026-06-25T21:56:16.3342340Z [ 15%] Building CXX object common/CMakeFiles/common.dir/aarch64/dct-prim.cpp.o
2026-06-25T21:56:16.4860970Z [ 16%] Building CXX object encoder/CMakeFiles/encoder.dir/nal.cpp.o
2026-06-25T21:56:16.6572540Z [ 17%] Building CXX object encoder/CMakeFiles/encoder.dir/sei.cpp.o
2026-06-25T21:56:16.8544680Z [ 18%] Building CXX object encoder/CMakeFiles/encoder.dir/sao.cpp.o
2026-06-25T21:56:16.9402920Z [ 20%] Building CXX object common/CMakeFiles/common.dir/aarch64/loopfilter-prim.cpp.o
2026-06-25T21:56:17.2418730Z [ 21%] Building CXX object common/CMakeFiles/common.dir/aarch64/intrapred-prim.cpp.o
2026-06-25T21:56:17.3539300Z [ 22%] Building CXX object encoder/CMakeFiles/encoder.dir/entropy.cpp.o
2026-06-25T21:56:17.6259420Z [ 24%] Building CXX object common/CMakeFiles/common.dir/aarch64/arm64-utils.cpp.o
2026-06-25T21:56:17.8567780Z [ 25%] Building CXX object encoder/CMakeFiles/encoder.dir/dpb.cpp.o
2026-06-25T21:56:17.8769940Z [ 26%] Building CXX object common/CMakeFiles/common.dir/aarch64/sao-prim.cpp.o
2026-06-25T21:56:18.1017310Z [ 27%] Building CXX object encoder/CMakeFiles/encoder.dir/ratecontrol.cpp.o
2026-06-25T21:56:18.1625640Z [ 29%] Building CXX object common/CMakeFiles/common.dir/aarch64/filter-neon-dotprod.cpp.o
2026-06-25T21:56:18.8074260Z [ 30%] Building CXX object encoder/CMakeFiles/encoder.dir/reference.cpp.o
2026-06-25T21:56:19.0036930Z [ 31%] Building CXX object encoder/CMakeFiles/encoder.dir/encoder.cpp.o
2026-06-25T21:56:19.8537620Z [ 32%] Building CXX object encoder/CMakeFiles/encoder.dir/api.cpp.o
2026-06-25T21:56:20.5191390Z [ 34%] Building CXX object common/CMakeFiles/common.dir/aarch64/pixel-prim-neon-dotprod.cpp.o
2026-06-25T21:56:20.5491940Z [ 35%] Building CXX object encoder/CMakeFiles/encoder.dir/weightPrediction.cpp.o
2026-06-25T21:56:20.8409430Z [ 36%] Building CXX object encoder/CMakeFiles/encoder.dir/threadedme.cpp.o
2026-06-25T21:56:20.8911830Z [ 37%] Building CXX object common/CMakeFiles/common.dir/aarch64/filter-neon-i8mm.cpp.o
2026-06-25T21:56:21.4128000Z [ 37%] Built target encoder
2026-06-25T21:56:21.4228790Z [ 39%] Building CXX object common/CMakeFiles/common.dir/primitives.cpp.o
2026-06-25T21:56:21.7195730Z [ 40%] Building CXX object common/CMakeFiles/common.dir/pixel.cpp.o
2026-06-25T21:56:24.8952640Z [ 41%] Building CXX object common/CMakeFiles/common.dir/dct.cpp.o
2026-06-25T21:56:25.7396100Z [ 43%] Building CXX object common/CMakeFiles/common.dir/lowpassdct.cpp.o
2026-06-25T21:56:26.0235640Z [ 44%] Building CXX object common/CMakeFiles/common.dir/ipfilter.cpp.o
2026-06-25T21:56:26.2649290Z [ 45%] Building CXX object common/CMakeFiles/common.dir/intrapred.cpp.o
2026-06-25T21:56:26.9069620Z [ 46%] Building CXX object common/CMakeFiles/common.dir/loopfilter.cpp.o
2026-06-25T21:56:27.1478150Z [ 48%] Building CXX object common/CMakeFiles/common.dir/constants.cpp.o
2026-06-25T21:56:27.3391040Z [ 49%] Building CXX object common/CMakeFiles/common.dir/cpu.cpp.o
2026-06-25T21:56:27.5303950Z [ 50%] Building CXX object common/CMakeFiles/common.dir/version.cpp.o
2026-06-25T21:56:27.6978030Z [ 51%] Building CXX object common/CMakeFiles/common.dir/threading.cpp.o
2026-06-25T21:56:27.8697800Z [ 53%] Building CXX object common/CMakeFiles/common.dir/threadpool.cpp.o
2026-06-25T21:56:28.1536470Z [ 54%] Building CXX object common/CMakeFiles/common.dir/wavefront.cpp.o
2026-06-25T21:56:28.3476820Z [ 55%] Building CXX object common/CMakeFiles/common.dir/md5.cpp.o
2026-06-25T21:56:28.5285180Z [ 56%] Building CXX object common/CMakeFiles/common.dir/bitstream.cpp.o
2026-06-25T21:56:28.7010400Z [ 58%] Building CXX object common/CMakeFiles/common.dir/yuv.cpp.o
2026-06-25T21:56:28.8953700Z [ 59%] Building CXX object common/CMakeFiles/common.dir/shortyuv.cpp.o
2026-06-25T21:56:29.0737600Z [ 60%] Building CXX object common/CMakeFiles/common.dir/picyuv.cpp.o
2026-06-25T21:56:29.3247420Z [ 62%] Building CXX object common/CMakeFiles/common.dir/common.cpp.o
2026-06-25T21:56:29.5151800Z [ 63%] Building CXX object common/CMakeFiles/common.dir/param.cpp.o
2026-06-25T21:56:30.0045620Z [ 64%] Building CXX object common/CMakeFiles/common.dir/frame.cpp.o
2026-06-25T21:56:30.2276310Z [ 65%] Building CXX object common/CMakeFiles/common.dir/framedata.cpp.o
2026-06-25T21:56:30.4953570Z [ 67%] Building CXX object common/CMakeFiles/common.dir/cudata.cpp.o
2026-06-25T21:56:30.5809100Z [ 68%] Building CXX object common/CMakeFiles/common.dir/slice.cpp.o
2026-06-25T21:56:30.7926720Z [ 69%] Building CXX object common/CMakeFiles/common.dir/lowres.cpp.o
2026-06-25T21:56:30.9711700Z [ 70%] Building CXX object common/CMakeFiles/common.dir/piclist.cpp.o
2026-06-25T21:56:30.9913260Z [ 72%] Building CXX object common/CMakeFiles/common.dir/predict.cpp.o
2026-06-25T21:56:31.0326680Z [ 73%] Building CXX object common/CMakeFiles/common.dir/scalinglist.cpp.o
2026-06-25T21:56:31.1669480Z [ 74%] Building CXX object common/CMakeFiles/common.dir/quant.cpp.o
2026-06-25T21:56:31.2907410Z [ 75%] Building CXX object common/CMakeFiles/common.dir/deblock.cpp.o
2026-06-25T21:56:31.5204250Z [ 77%] Building CXX object common/CMakeFiles/common.dir/scaler.cpp.o
2026-06-25T21:56:31.7818570Z [ 78%] Building CXX object common/CMakeFiles/common.dir/ringmem.cpp.o
2026-06-25T21:56:31.8333060Z [ 79%] Building CXX object common/CMakeFiles/common.dir/temporalfilter.cpp.o
2026-06-25T21:56:32.2038210Z [ 79%] Built target common
2026-06-25T21:56:32.2243890Z [ 81%] Generating ssd-neon-dotprod.S.o
2026-06-25T21:56:32.2344950Z [ 82%] Generating asm.S.o
2026-06-25T21:56:32.2445250Z [ 83%] Generating blockcopy8.S.o
2026-06-25T21:56:32.2546400Z [ 84%] Generating dct.S.o
2026-06-25T21:56:32.2662590Z [ 86%] Generating intrapred.S.o
2026-06-25T21:56:32.2763690Z [ 87%] Generating mc-a-common.S.o
2026-06-25T21:56:32.2864740Z [ 88%] Generating mc-a.S.o
2026-06-25T21:56:32.2973800Z [ 89%] Generating p2s-common.S.o
2026-06-25T21:56:32.3074970Z [ 91%] Generating p2s.S.o
2026-06-25T21:56:32.3175940Z [ 92%] Generating pixel-util-common.S.o
2026-06-25T21:56:32.3277010Z [ 93%] Generating pixel-util.S.o
2026-06-25T21:56:32.3386010Z [ 94%] Generating sad-a.S.o
2026-06-25T21:56:32.3487140Z [ 96%] Generating sad-neon-dotprod.S.o
2026-06-25T21:56:32.3588110Z [ 97%] Generating ssd-a-common.S.o
2026-06-25T21:56:32.3890980Z [ 98%] Generating ssd-a.S.o
2026-06-25T21:56:32.4392510Z [100%] Linking CXX static library libx265.a
2026-06-25T21:56:32.5096120Z [100%] Built target x265-static
2026-06-25T21:56:32.8214930Z [ 55%] Built target common
2026-06-25T21:56:32.9721780Z [ 79%] Built target encoder
2026-06-25T21:56:33.0127800Z [100%] Built target x265-static
2026-06-25T21:56:33.0211310Z Install the project...
2026-06-25T21:56:33.0247370Z -- Install configuration: "Release"
2026-06-25T21:56:33.0247740Z -- Installing: /Users/runner/work/LiteReplayd/LiteReplayd/build/prefix/lib/libx265.a
2026-06-25T21:56:33.0391000Z -- Installing: /Users/runner/work/LiteReplayd/LiteReplayd/build/prefix/include/x265.h
2026-06-25T21:56:33.0392350Z -- Installing: /Users/runner/work/LiteReplayd/LiteReplayd/build/prefix/include/x265_config.h
2026-06-25T21:56:33.0495200Z [+] generated x265.pc (version 0)
2026-06-25T21:56:33.0495420Z ==> libvpx
2026-06-25T21:56:33.0539600Z Cloning into '/Users/runner/work/LiteReplayd/LiteReplayd/build/src/libvpx'...
2026-06-25T21:56:34.5583410Z   disabling examples
2026-06-25T21:56:34.5655260Z   disabling tools
2026-06-25T21:56:34.5719800Z   disabling docs
2026-06-25T21:56:34.5781170Z   disabling unit_tests
2026-06-25T21:56:34.5843420Z   enabling pic
2026-06-25T21:56:34.5896420Z   enabling vp9_highbitdepth
2026-06-25T21:56:34.6041050Z   disabling shared
2026-06-25T21:56:34.6046180Z   enabling vp8_encoder
2026-06-25T21:56:34.6046980Z   enabling vp8_decoder
2026-06-25T21:56:34.6047930Z   enabling vp9_encoder
2026-06-25T21:56:34.6048850Z   enabling vp9_decoder
2026-06-25T21:56:34.6055910Z Configuring for target 'arm64-darwin-gcc'
2026-06-25T21:56:34.6142880Z   enabling arm64
2026-06-25T21:56:34.6493260Z   enabling runtime_cpu_detect
2026-06-25T21:56:35.7021870Z *** Terminating app due to uncaught exception 'NSFileHandleOperationException', reason: '*** -[_NSStdIOFileHandle writeData:]: Broken pipe'
2026-06-25T21:56:35.7125210Z *** First throw call stack:
2026-06-25T21:56:35.7240440Z (
2026-06-25T21:56:35.7341570Z 	0   CoreFoundation                      0x0000000185efb1cc __exceptionPreprocess + 176
2026-06-25T21:56:35.7442290Z 	1   libobjc.A.dylib                     0x00000001859de158 objc_exception_throw + 60
2026-06-25T21:56:35.7535930Z 	2   Foundation                          0x0000000187681524 -[NSConcreteFileHandle readDataUpToLength:error:] + 0
2026-06-25T21:56:35.7542600Z 	3   Foundation                          0x0000000186fac454 -[NSConcreteFileHandle writeData:] + 300
2026-06-25T21:56:35.7545460Z 	4   xcodebuild                          0x0000000100664a38 -[XcodebuildPreIDEHandler handleVersionWithArguments:] + 660
2026-06-25T21:56:35.7566210Z 	5   xcodebuild                          0x00000001006644e8 -[XcodebuildPreIDEHandler runWithArguments:] + 108
2026-06-25T21:56:35.7570530Z 	6   xcodebuild                          0x0000000100664088 main + 380
2026-06-25T21:56:35.7590520Z 	7   dyld                                0x0000000185a1b154 start + 2476
2026-06-25T21:56:35.7600090Z )
2026-06-25T21:56:35.7607810Z libc++abi: terminating due to uncaught exception of type NSException
2026-06-25T21:56:35.8354110Z   enabling neon
2026-06-25T21:56:35.8658330Z   enabling neon_dotprod
2026-06-25T21:56:35.9277440Z   enabling neon_i8mm
2026-06-25T21:56:35.9616340Z   enabling sve
2026-06-25T21:56:35.9918110Z   enabling sve2
2026-06-25T21:56:36.0672810Z   disabling sve: arm_neon_sve_bridge.h not supported by compiler
2026-06-25T21:56:36.0725850Z   disabling sve2: arm_neon_sve_bridge.h not supported by compiler
2026-06-25T21:56:40.1366110Z Creating makefiles for arm64-darwin-gcc libs
2026-06-25T21:56:40.2832150Z     [CREATE] vp8_rtcd.h
2026-06-25T21:56:40.2832620Z     [CREATE] vpx_dsp_rtcd.h
2026-06-25T21:56:40.2832870Z     [CREATE] vpx_scale_rtcd.h
2026-06-25T21:56:40.3157700Z     [CREATE] vp9_rtcd.h
2026-06-25T21:56:40.3624550Z     [DEP] vp9/ratectrl_rtc.cc.d
2026-06-25T21:56:40.3625060Z     [DEP] vp8/vp8_ratectrl_rtc.cc.d
2026-06-25T21:56:40.3625590Z     [DEP] vp8/encoder/arm/neon/vp8_shortwalsh4x4_neon.c.d
2026-06-25T21:56:40.4031250Z     [DEP] vp8/encoder/arm/neon/shortfdct_neon.c.d
2026-06-25T21:56:40.4330780Z     [DEP] vp8/encoder/arm/neon/fastquantizeb_neon.c.d
2026-06-25T21:56:40.4524330Z     [DEP] vp8/encoder/arm/neon/denoising_neon.c.d
2026-06-25T21:56:40.4706240Z     [DEP] vp8/encoder/temporal_filter.c.d
2026-06-25T21:56:40.4721300Z     [DEP] vp8/encoder/treewriter.c.d
2026-06-25T21:56:40.4955260Z     [DEP] vp8/encoder/tokenize.c.d
2026-06-25T21:56:40.4984990Z     [DEP] vp8/common/vp8_skin_detection.c.d
2026-06-25T21:56:40.5085900Z     [DEP] vp8/encoder/segmentation.c.d
2026-06-25T21:56:40.5335080Z     [DEP] vp8/encoder/rdopt.c.d
2026-06-25T21:56:40.5378560Z     [DEP] vp8/encoder/ratectrl.c.d
2026-06-25T21:56:40.5446620Z     [DEP] vp8/encoder/vp8_quantize.c.d
2026-06-25T21:56:40.5731670Z     [DEP] vp8/encoder/picklpf.c.d
2026-06-25T21:56:40.5759430Z     [DEP] vp8/encoder/pickinter.c.d
2026-06-25T21:56:40.5813390Z     [DEP] vp8/encoder/onyx_if.c.d
2026-06-25T21:56:40.6143140Z     [DEP] vp8/encoder/modecosts.c.d
2026-06-25T21:56:40.6144410Z     [DEP] vp8/encoder/mcomp.c.d
2026-06-25T21:56:40.6418660Z     [DEP] vp8/encoder/lookahead.c.d
2026-06-25T21:56:40.6552760Z     [DEP] vp8/encoder/denoising.c.d
2026-06-25T21:56:40.6560720Z     [DEP] vp8/encoder/firstpass.c.d
2026-06-25T21:56:40.6926290Z     [DEP] vp8/encoder/ethreading.c.d
2026-06-25T21:56:40.6938030Z     [DEP] vp8/encoder/encodemv.c.d
2026-06-25T21:56:40.6983500Z     [DEP] vp8/encoder/encodemb.c.d
2026-06-25T21:56:40.7385220Z     [DEP] vp8/encoder/encodeintra.c.d
2026-06-25T21:56:40.7417570Z     [DEP] vp8/encoder/encodeframe.c.d
2026-06-25T21:56:40.7456450Z     [DEP] vp8/encoder/dct.c.d
2026-06-25T21:56:40.7795930Z     [DEP] vp8/encoder/copy_c.c.d
2026-06-25T21:56:40.7838160Z     [DEP] vp8/encoder/boolhuff.c.d
2026-06-25T21:56:40.7849200Z     [DEP] vp8/encoder/bitstream.c.d
2026-06-25T21:56:40.8146270Z     [DEP] vp8/vp8_cx_iface.c.d
2026-06-25T21:56:40.8156270Z     [DEP] vp8/common/arm/neon/sixtappredict_neon.c.d
2026-06-25T21:56:40.8212320Z     [DEP] vp8/common/arm/neon/shortidct4x4llm_neon.c.d
2026-06-25T21:56:40.8551760Z     [DEP] vp8/common/arm/neon/mbloopfilter_neon.c.d
2026-06-25T21:56:40.8585090Z     [DEP] vp8/common/arm/neon/loopfiltersimpleverticaledge_neon.c.d
2026-06-25T21:56:40.8586530Z     [DEP] vp8/common/arm/neon/loopfiltersimplehorizontaledge_neon.c.d
2026-06-25T21:56:40.8983480Z     [DEP] vp8/common/arm/neon/vp8_loopfilter_neon.c.d
2026-06-25T21:56:40.8984500Z     [DEP] vp8/common/arm/neon/iwalsh_neon.c.d
2026-06-25T21:56:40.9023020Z     [DEP] vp8/common/arm/neon/idct_blk_neon.c.d
2026-06-25T21:56:40.9341970Z     [DEP] vp8/common/arm/neon/dequantizeb_neon.c.d
2026-06-25T21:56:40.9442480Z     [DEP] vp8/common/arm/neon/dequant_idct_neon.c.d
2026-06-25T21:56:40.9483040Z     [DEP] vp8/common/arm/neon/dc_only_idct_add_neon.c.d
2026-06-25T21:56:40.9856110Z     [DEP] vp8/common/arm/neon/copymem_neon.c.d
2026-06-25T21:56:40.9866940Z     [DEP] vp8/common/arm/neon/bilinearpredict_neon.c.d
2026-06-25T21:56:40.9879810Z     [DEP] vp8/common/arm/loopfilter_arm.c.d
2026-06-25T21:56:41.0259920Z     [DEP] vp8/common/treecoder.c.d
2026-06-25T21:56:41.0295070Z     [DEP] vp8/common/swapyv12buffer.c.d
2026-06-25T21:56:41.0304990Z     [DEP] vp8/common/setupintrarecon.c.d
2026-06-25T21:56:41.0591630Z     [DEP] vp8/common/reconintra4x4.c.d
2026-06-25T21:56:41.0592980Z     [DEP] vp8/common/reconintra.c.d
2026-06-25T21:56:41.0639060Z     [DEP] vp8/common/reconinter.c.d
2026-06-25T21:56:41.0959550Z     [DEP] vp8/common/quant_common.c.d
2026-06-25T21:56:41.0960950Z     [DEP] vp8/common/modecont.c.d
2026-06-25T21:56:41.0961940Z     [DEP] vp8/common/mbpitch.c.d
2026-06-25T21:56:41.1333160Z     [DEP] vp8/common/loopfilter_filters.c.d
2026-06-25T21:56:41.1361020Z     [DEP] vp8/common/vp8_loopfilter.c.d
2026-06-25T21:56:41.1361850Z     [DEP] vp8/common/rtcd.c.d
2026-06-25T21:56:41.1839200Z     [DEP] vp8/common/idctllm.c.d
2026-06-25T21:56:41.1958030Z     [DEP] vp8/common/idct_blk.c.d
2026-06-25T21:56:41.2094050Z     [DEP] vp8/common/generic/systemdependent.c.d
2026-06-25T21:56:41.2095520Z     [DEP] vp8/common/findnearmv.c.d
2026-06-25T21:56:41.2239280Z     [DEP] vp8/common/filter.c.d
2026-06-25T21:56:41.2465920Z     [DEP] vp8/common/extend.c.d
2026-06-25T21:56:41.2561430Z     [DEP] vp8/common/entropymv.c.d
2026-06-25T21:56:41.2625210Z     [DEP] vp8/common/entropymode.c.d
2026-06-25T21:56:41.2909290Z     [DEP] vp8/common/entropy.c.d
2026-06-25T21:56:41.3109940Z     [DEP] vp8/common/dequantize.c.d
2026-06-25T21:56:41.3292120Z     [DEP] vp8/common/blockd.c.d
2026-06-25T21:56:41.3362670Z     [DEP] vp8/common/alloccommon.c.d
2026-06-25T21:56:41.3611530Z     [DEP] vp9/encoder/arm/neon/vp9_highbd_error_neon.c.d
2026-06-25T21:56:41.3675840Z     [DEP] vp9/encoder/arm/neon/vp9_quantize_neon.c.d
2026-06-25T21:56:41.3697420Z     [DEP] vp9/encoder/arm/neon/vp9_frame_scale_neon.c.d
2026-06-25T21:56:41.4084180Z     [DEP] vp9/encoder/arm/neon/vp9_error_neon.c.d
2026-06-25T21:56:41.4145490Z     [DEP] vp9/encoder/arm/neon/vp9_dct_neon.c.d
2026-06-25T21:56:41.4147540Z     [DEP] vp9/encoder/arm/neon/vp9_highbd_temporal_filter_neon.c.d
2026-06-25T21:56:41.4573210Z     [DEP] vp9/encoder/arm/neon/vp9_diamond_search_sad_neon.c.d
2026-06-25T21:56:41.4577320Z     [DEP] vp9/encoder/arm/neon/vp9_temporal_filter_neon_i8mm.c.d
2026-06-25T21:56:41.4620290Z     [DEP] vp9/encoder/arm/neon/vp9_temporal_filter_neon_dotprod.c.d
2026-06-25T21:56:41.5042520Z     [DEP] vp9/encoder/arm/neon/vp9_temporal_filter_neon.c.d
2026-06-25T21:56:41.5043990Z     [DEP] vp9/encoder/vp9_mbgraph.c.d
2026-06-25T21:56:41.5079450Z     [DEP] vp9/encoder/vp9_tpl_model.c.d
2026-06-25T21:56:41.5392780Z     [DEP] vp9/encoder/vp9_temporal_filter.c.d
2026-06-25T21:56:41.5468220Z     [DEP] vp9/encoder/vp9_ext_ratectrl.c.d
2026-06-25T21:56:41.5523400Z     [DEP] vp9/encoder/vp9_noise_estimate.c.d
2026-06-25T21:56:41.5881230Z     [DEP] vp9/encoder/vp9_skin_detection.c.d
2026-06-25T21:56:41.5882390Z     [DEP] vp9/encoder/vp9_alt_ref_aq.c.d
2026-06-25T21:56:41.5883250Z     [DEP] vp9/encoder/vp9_aq_complexity.c.d
2026-06-25T21:56:41.6248990Z     [DEP] vp9/encoder/vp9_aq_cyclicrefresh.c.d
2026-06-25T21:56:41.6294110Z     [DEP] vp9/encoder/vp9_aq_360.c.d
2026-06-25T21:56:41.6295460Z     [DEP] vp9/encoder/vp9_aq_variance.c.d
2026-06-25T21:56:41.6657200Z     [DEP] vp9/encoder/vp9_treewriter.c.d
2026-06-25T21:56:41.6697860Z     [DEP] vp9/encoder/vp9_tokenize.c.d
2026-06-25T21:56:41.6699450Z     [DEP] vp9/encoder/vp9_resize.c.d
2026-06-25T21:56:41.7068070Z     [DEP] vp9/encoder/vp9_svc_layercontext.c.d
2026-06-25T21:56:41.7070490Z     [DEP] vp9/encoder/vp9_subexp.c.d
2026-06-25T21:56:41.7104890Z     [DEP] vp9/encoder/vp9_speed_features.c.d
2026-06-25T21:56:41.7432710Z     [DEP] vp9/encoder/vp9_segmentation.c.d
2026-06-25T21:56:41.7483240Z     [DEP] vp9/encoder/vp9_pickmode.c.d
2026-06-25T21:56:41.7483910Z     [DEP] vp9/encoder/vp9_rdopt.c.d
2026-06-25T21:56:41.7872840Z     [DEP] vp9/encoder/vp9_rd.c.d
2026-06-25T21:56:41.7873700Z     [DEP] vp9/encoder/vp9_ratectrl.c.d
2026-06-25T21:56:41.7874410Z     [DEP] vp9/encoder/vp9_quantize.c.d
2026-06-25T21:56:41.8240720Z     [DEP] vp9/encoder/vp9_picklpf.c.d
2026-06-25T21:56:41.8282250Z     [DEP] vp9/encoder/vp9_encoder.c.d
2026-06-25T21:56:41.8282510Z     [DEP] vp9/encoder/vp9_mcomp.c.d
2026-06-25T21:56:41.8650200Z     [DEP] vp9/encoder/vp9_multi_thread.c.d
2026-06-25T21:56:41.8707310Z     [DEP] vp9/encoder/vp9_lookahead.c.d
2026-06-25T21:56:41.8708930Z     [DEP] vp9/encoder/vp9_frame_scale.c.d
2026-06-25T21:56:41.9155470Z     [DEP] vp9/encoder/vp9_firstpass.c.d
2026-06-25T21:56:41.9250890Z     [DEP] vp9/encoder/vp9_extend.c.d
2026-06-25T21:56:41.9251250Z     [DEP] vp9/encoder/vp9_ethread.c.d
2026-06-25T21:56:41.9619450Z     [DEP] vp9/encoder/vp9_encodemv.c.d
2026-06-25T21:56:41.9727040Z     [DEP] vp9/encoder/vp9_encodemb.c.d
2026-06-25T21:56:41.9732190Z     [DEP] vp9/encoder/vp9_encodeframe.c.d
2026-06-25T21:56:42.0199220Z     [DEP] vp9/encoder/vp9_dct.c.d
2026-06-25T21:56:42.0216130Z     [DEP] vp9/encoder/vp9_cost.c.d
2026-06-25T21:56:42.0268110Z     [DEP] vp9/encoder/vp9_context_tree.c.d
2026-06-25T21:56:42.0610690Z     [DEP] vp9/encoder/vp9_bitstream.c.d
2026-06-25T21:56:42.0657470Z     [DEP] vp9/vp9_cx_iface.c.d
2026-06-25T21:56:42.0670090Z     [DEP] vp9/common/arm/neon/vp9_highbd_iht16x16_add_neon.c.d
2026-06-25T21:56:42.1077150Z     [DEP] vp9/common/arm/neon/vp9_highbd_iht8x8_add_neon.c.d
2026-06-25T21:56:42.1078740Z     [DEP] vp9/common/arm/neon/vp9_highbd_iht4x4_add_neon.c.d
2026-06-25T21:56:42.1122060Z     [DEP] vp9/common/arm/neon/vp9_iht16x16_add_neon.c.d
2026-06-25T21:56:42.1582530Z     [DEP] vp9/common/arm/neon/vp9_iht8x8_add_neon.c.d
2026-06-25T21:56:42.1584020Z     [DEP] vp9/common/arm/neon/vp9_iht4x4_add_neon.c.d
2026-06-25T21:56:42.1584990Z     [DEP] vp9/common/vp9_scan.c.d
2026-06-25T21:56:42.1901300Z     [DEP] vp9/common/vp9_common_data.c.d
2026-06-25T21:56:42.2019950Z     [DEP] vp9/common/vp9_reconintra.c.d
2026-06-25T21:56:42.2032820Z     [DEP] vp9/common/vp9_reconinter.c.d
2026-06-25T21:56:42.2306500Z     [DEP] vp9/common/vp9_quant_common.c.d
2026-06-25T21:56:42.2389890Z     [DEP] vp9/common/vp9_mvref_common.c.d
2026-06-25T21:56:42.2391710Z     [DEP] vp9/common/vp9_thread_common.c.d
2026-06-25T21:56:42.2717910Z     [DEP] vp9/common/vp9_loopfilter.c.d
2026-06-25T21:56:42.2718940Z     [DEP] vp9/common/vp9_tile_common.c.d
2026-06-25T21:56:42.2772600Z     [DEP] vp9/common/vp9_seg_common.c.d
2026-06-25T21:56:42.3089330Z     [DEP] vp9/common/vp9_scale.c.d
2026-06-25T21:56:42.3090370Z     [DEP] vp9/common/vp9_rtcd.c.d
2026-06-25T21:56:42.3093370Z     [DEP] vp9/common/vp9_pred_common.c.d
2026-06-25T21:56:42.3452470Z     [DEP] vp9/common/vp9_filter.c.d
2026-06-25T21:56:42.3453010Z     [DEP] vp9/common/vp9_idct.c.d
2026-06-25T21:56:42.3453580Z     [DEP] vp9/common/vp9_frame_buffers.c.d
2026-06-25T21:56:42.3791820Z     [DEP] vp9/common/vp9_entropymv.c.d
2026-06-25T21:56:42.3792450Z     [DEP] vp9/common/vp9_entropymode.c.d
2026-06-25T21:56:42.3828470Z     [DEP] vp9/common/vp9_entropy.c.d
2026-06-25T21:56:42.4144490Z     [DEP] vp9/common/vp9_blockd.c.d
2026-06-25T21:56:42.4146260Z     [DEP] vp9/common/vp9_alloccommon.c.d
2026-06-25T21:56:42.4147410Z     [DEP] vp9/vp9_iface_common.c.d
2026-06-25T21:56:42.4496730Z     [DEP] vpx_config.c.d
2026-06-25T21:56:42.4498190Z     [DEP] vp9/decoder/vp9_job_queue.c.d
2026-06-25T21:56:42.4499250Z     [DEP] vp9/decoder/vp9_dsubexp.c.d
2026-06-25T21:56:42.4848970Z     [DEP] vp9/decoder/vp9_decoder.c.d
2026-06-25T21:56:42.4849500Z     [DEP] vp9/decoder/vp9_detokenize.c.d
2026-06-25T21:56:42.4849850Z     [DEP] vp9/decoder/vp9_decodeframe.c.d
2026-06-25T21:56:42.5184000Z     [DEP] vp9/decoder/vp9_decodemv.c.d
2026-06-25T21:56:42.5233440Z     [DEP] vp9/vp9_dx_iface.c.d
2026-06-25T21:56:42.5233750Z     [DEP] vp8/decoder/threading.c.d
2026-06-25T21:56:42.5575360Z     [DEP] vp8/decoder/onyxd_if.c.d
2026-06-25T21:56:42.5628700Z     [DEP] vp8/decoder/detokenize.c.d
2026-06-25T21:56:42.5662290Z     [DEP] vp8/decoder/decodeframe.c.d
2026-06-25T21:56:42.5991060Z     [DEP] vp8/decoder/decodemv.c.d
2026-06-25T21:56:42.6042880Z     [DEP] vp8/decoder/dboolhuff.c.d
2026-06-25T21:56:42.6044310Z     [DEP] vp8/vp8_dx_iface.c.d
2026-06-25T21:56:42.6363760Z     [DEP] vpx_util/vpx_write_yuv_frame.c.d
2026-06-25T21:56:42.6467070Z     [DEP] vpx_util/vpx_thread.c.d
2026-06-25T21:56:42.6468090Z     [DEP] vpx_dsp/vpx_dsp_rtcd.c.d
2026-06-25T21:56:42.6769410Z     [DEP] vpx_dsp/arm/highbd_subpel_variance_neon.c.d
2026-06-25T21:56:42.6770930Z     [DEP] vpx_dsp/arm/highbd_variance_neon_dotprod.c.d
2026-06-25T21:56:42.6771870Z     [DEP] vpx_dsp/arm/highbd_variance_neon.c.d
2026-06-25T21:56:42.7163870Z     [DEP] vpx_dsp/arm/highbd_sse_neon.c.d
2026-06-25T21:56:42.7210340Z     [DEP] vpx_dsp/arm/highbd_avg_pred_neon.c.d
2026-06-25T21:56:42.7210900Z     [DEP] vpx_dsp/arm/variance_neon_dotprod.c.d
2026-06-25T21:56:42.7591780Z     [DEP] vpx_dsp/arm/variance_neon.c.d
2026-06-25T21:56:42.7635820Z     [DEP] vpx_dsp/arm/subpel_variance_neon_dotprod.c.d
2026-06-25T21:56:42.7637360Z     [DEP] vpx_dsp/arm/subpel_variance_neon.c.d
2026-06-25T21:56:42.8022480Z     [DEP] vpx_dsp/arm/sad_neon.c.d
2026-06-25T21:56:42.8070210Z     [DEP] vpx_dsp/arm/sad_neon_dotprod.c.d
2026-06-25T21:56:42.8073230Z     [DEP] vpx_dsp/arm/avg_pred_neon.c.d
2026-06-25T21:56:42.8490530Z     [DEP] vpx_dsp/variance.c.d
2026-06-25T21:56:42.8574470Z     [DEP] vpx_dsp/sad.c.d
2026-06-25T21:56:42.8575300Z     [DEP] vpx_dsp/arm/highbd_sad_neon.c.d
2026-06-25T21:56:42.9133640Z     [DEP] vpx_dsp/arm/highbd_sad4d_neon.c.d
2026-06-25T21:56:42.9225830Z     [DEP] vpx_dsp/arm/subtract_neon.c.d
2026-06-25T21:56:42.9227280Z     [DEP] vpx_dsp/arm/sad4d_neon_dotprod.c.d
2026-06-25T21:56:42.9794330Z     [DEP] vpx_dsp/arm/sad4d_neon.c.d
2026-06-25T21:56:42.9891900Z     [DEP] vpx_dsp/arm/sum_squares_neon.c.d
2026-06-25T21:56:42.9983460Z     [DEP] vpx_dsp/sum_squares.c.d
2026-06-25T21:56:43.0339320Z     [DEP] vpx_dsp/subtract.c.d
2026-06-25T21:56:43.0552250Z     [DEP] vpx_dsp/skin_detection.c.d
2026-06-25T21:56:43.0733810Z     [DEP] vpx_dsp/arm/highbd_avg_neon.c.d
2026-06-25T21:56:43.0813230Z     [DEP] vpx_dsp/arm/highbd_hadamard_neon.c.d
2026-06-25T21:56:43.1086230Z     [DEP] vpx_dsp/arm/hadamard_neon.c.d
2026-06-25T21:56:43.1388190Z     [DEP] vpx_dsp/arm/avg_neon.c.d
2026-06-25T21:56:43.1568700Z     [DEP] vpx_dsp/avg.c.d
2026-06-25T21:56:43.1897750Z     [DEP] vpx_dsp/arm/highbd_quantize_neon.c.d
2026-06-25T21:56:43.2001260Z     [DEP] vpx_dsp/arm/quantize_neon.c.d
2026-06-25T21:56:43.2102920Z     [DEP] vpx_dsp/quantize.c.d
2026-06-25T21:56:43.2519560Z     [DEP] vpx_dsp/arm/idct32x32_add_neon.c.d
2026-06-25T21:56:43.2685980Z     [DEP] vpx_dsp/arm/idct32x32_135_add_neon.c.d
2026-06-25T21:56:43.2894150Z     [DEP] vpx_dsp/arm/idct32x32_34_add_neon.c.d
2026-06-25T21:56:43.3247170Z     [DEP] vpx_dsp/arm/idct32x32_1_add_neon.c.d
2026-06-25T21:56:43.3251260Z     [DEP] vpx_dsp/arm/idct16x16_add_neon.c.d
2026-06-25T21:56:43.3829800Z     [DEP] vpx_dsp/arm/idct16x16_1_add_neon.c.d
2026-06-25T21:56:43.3908000Z     [DEP] vpx_dsp/arm/idct8x8_add_neon.c.d
2026-06-25T21:56:43.3964580Z     [DEP] vpx_dsp/arm/idct8x8_1_add_neon.c.d
2026-06-25T21:56:43.4380060Z     [DEP] vpx_dsp/arm/idct4x4_add_neon.c.d
2026-06-25T21:56:43.4393380Z     [DEP] vpx_dsp/arm/idct4x4_1_add_neon.c.d
2026-06-25T21:56:43.4925050Z     [DEP] vpx_dsp/arm/highbd_idct32x32_1024_add_neon.c.d
2026-06-25T21:56:43.4998340Z     [DEP] vpx_dsp/arm/highbd_idct32x32_135_add_neon.c.d
2026-06-25T21:56:43.5154080Z     [DEP] vpx_dsp/arm/highbd_idct32x32_34_add_neon.c.d
2026-06-25T21:56:43.5512540Z     [DEP] vpx_dsp/arm/highbd_idct32x32_add_neon.c.d
2026-06-25T21:56:43.5525150Z     [DEP] vpx_dsp/arm/highbd_idct16x16_add_neon.c.d
2026-06-25T21:56:43.6150310Z     [DEP] vpx_dsp/arm/highbd_idct8x8_add_neon.c.d
2026-06-25T21:56:43.6236170Z     [DEP] vpx_dsp/arm/highbd_idct4x4_add_neon.c.d
2026-06-25T21:56:43.6239580Z     [DEP] vpx_dsp/inv_txfm.c.d
2026-06-25T21:56:43.6788100Z     [DEP] vpx_dsp/arm/fdct_partial_neon.c.d
2026-06-25T21:56:43.6858690Z     [DEP] vpx_dsp/arm/fdct32x32_neon.c.d
2026-06-25T21:56:43.6999350Z     [DEP] vpx_dsp/arm/fdct16x16_neon.c.d
2026-06-25T21:56:43.7244840Z     [DEP] vpx_dsp/arm/fdct8x8_neon.c.d
2026-06-25T21:56:43.7322800Z     [DEP] vpx_dsp/arm/fdct4x4_neon.c.d
2026-06-25T21:56:43.7565400Z     [DEP] vpx_dsp/fwd_txfm.c.d
2026-06-25T21:56:43.7629590Z     [DEP] vpx_dsp/arm/highbd_loopfilter_neon.c.d
2026-06-25T21:56:43.7705680Z     [DEP] vpx_dsp/arm/loopfilter_neon.c.d
2026-06-25T21:56:43.7886810Z     [DEP] vpx_dsp/loopfilter.c.d
2026-06-25T21:56:43.8098500Z     [DEP] vpx_dsp/arm/vpx_convolve8_neon_i8mm.c.d
2026-06-25T21:56:43.8169090Z     [DEP] vpx_dsp/arm/vpx_convolve8_neon_dotprod.c.d
2026-06-25T21:56:43.8172880Z     [DEP] vpx_dsp/arm/vpx_convolve_neon.c.d
2026-06-25T21:56:43.8519140Z     [DEP] vpx_dsp/arm/vpx_convolve_avg_neon.c.d
2026-06-25T21:56:43.8555440Z     [DEP] vpx_dsp/arm/vpx_convolve8_neon.c.d
2026-06-25T21:56:43.8567660Z     [DEP] vpx_dsp/arm/vpx_convolve_copy_neon.c.d
2026-06-25T21:56:43.8969010Z     [DEP] vpx_dsp/arm/vpx_scaled_convolve8_neon.c.d
2026-06-25T21:56:43.8970210Z     [DEP] vpx_dsp/arm/highbd_vpx_convolve8_neon.c.d
2026-06-25T21:56:43.8971090Z     [DEP] vpx_dsp/arm/highbd_vpx_convolve_avg_neon.c.d
2026-06-25T21:56:43.9359130Z     [DEP] vpx_dsp/arm/highbd_vpx_convolve_copy_neon.c.d
2026-06-25T21:56:43.9403090Z     [DEP] vpx_dsp/vpx_convolve.c.d
2026-06-25T21:56:43.9404280Z     [DEP] vpx_dsp/arm/intrapred_neon.c.d
2026-06-25T21:56:43.9753950Z     [DEP] vpx_dsp/arm/highbd_intrapred_neon.c.d
2026-06-25T21:56:43.9843540Z     [DEP] vpx_dsp/intrapred.c.d
2026-06-25T21:56:43.9969420Z     [DEP] vpx_dsp/bitreader_buffer.c.d
2026-06-25T21:56:44.0203370Z     [DEP] vpx_dsp/bitreader.c.d
2026-06-25T21:56:44.0230940Z     [DEP] vpx_dsp/arm/sse_neon_dotprod.c.d
2026-06-25T21:56:44.0234490Z     [DEP] vpx_dsp/arm/sse_neon.c.d
2026-06-25T21:56:44.0543560Z     [DEP] vpx_dsp/sse.c.d
2026-06-25T21:56:44.0629910Z     [DEP] vpx_dsp/psnr.c.d
2026-06-25T21:56:44.0642480Z     [DEP] vpx_dsp/bitwriter_buffer.c.d
2026-06-25T21:56:44.0943450Z     [DEP] vpx_dsp/bitwriter.c.d
2026-06-25T21:56:44.0943740Z     [DEP] vpx_dsp/prob.c.d
2026-06-25T21:56:44.0944150Z     [DEP] vpx_ports/aarch64_cpudetect.c.d
2026-06-25T21:56:44.1272230Z     [DEP] vpx_scale/vpx_scale_rtcd.c.d
2026-06-25T21:56:44.1273610Z     [DEP] vpx_scale/generic/gen_scalers.c.d
2026-06-25T21:56:44.1317080Z     [DEP] vpx_scale/generic/yv12extend.c.d
2026-06-25T21:56:44.1610820Z     [DEP] vpx_scale/generic/yv12config.c.d
2026-06-25T21:56:44.1612080Z     [DEP] vpx_scale/generic/vpx_scale.c.d
2026-06-25T21:56:44.1612920Z     [DEP] vpx_mem/vpx_mem.c.d
2026-06-25T21:56:44.1989160Z     [DEP] vpx/src/vpx_image.c.d
2026-06-25T21:56:44.1990380Z     [DEP] vpx/src/vpx_codec.c.d
2026-06-25T21:56:44.1991110Z     [DEP] vpx/src/vpx_encoder.c.d
2026-06-25T21:56:44.2356450Z     [DEP] vpx/src/vpx_decoder.c.d
2026-06-25T21:56:44.4180190Z     [CC] vpx/src/vpx_decoder.c.o
2026-06-25T21:56:44.4194320Z     [CC] vpx/src/vpx_codec.c.o
2026-06-25T21:56:44.4194560Z     [CC] vpx/src/vpx_encoder.c.o
2026-06-25T21:56:44.4673020Z     [CC] vpx/src/vpx_image.c.o
2026-06-25T21:56:44.4774060Z     [CC] vpx_mem/vpx_mem.c.o
2026-06-25T21:56:44.4876570Z     [CC] vpx_scale/generic/vpx_scale.c.o
2026-06-25T21:56:44.5178600Z     [CC] vpx_scale/generic/yv12config.c.o
2026-06-25T21:56:44.5288510Z     [CC] vpx_scale/generic/yv12extend.c.o
2026-06-25T21:56:44.5590620Z     [CC] vpx_scale/generic/gen_scalers.c.o
2026-06-25T21:56:44.5692150Z     [CC] vpx_scale/vpx_scale_rtcd.c.o
2026-06-25T21:56:44.5893720Z     [CC] vpx_ports/aarch64_cpudetect.c.o
2026-06-25T21:56:44.6129900Z     [CC] vpx_dsp/prob.c.o
2026-06-25T21:56:44.6295770Z     [CC] vpx_dsp/bitwriter.c.o
2026-06-25T21:56:44.6346830Z     [CC] vpx_dsp/bitwriter_buffer.c.o
2026-06-25T21:56:44.6497890Z     [CC] vpx_dsp/psnr.c.o
2026-06-25T21:56:44.6705570Z     [CC] vpx_dsp/sse.c.o
2026-06-25T21:56:44.6726800Z     [CC] vpx_dsp/arm/sse_neon.c.o
2026-06-25T21:56:44.7168650Z     [CC] vpx_dsp/arm/sse_neon_dotprod.c.o
2026-06-25T21:56:44.7186790Z     [CC] vpx_dsp/bitreader.c.o
2026-06-25T21:56:44.7601140Z     [CC] vpx_dsp/bitreader_buffer.c.o
2026-06-25T21:56:44.7653600Z     [CC] vpx_dsp/intrapred.c.o
2026-06-25T21:56:44.7994170Z     [CC] vpx_dsp/arm/highbd_intrapred_neon.c.o
2026-06-25T21:56:44.8065730Z     [CC] vpx_dsp/arm/intrapred_neon.c.o
2026-06-25T21:56:45.0200410Z     [CC] vpx_dsp/vpx_convolve.c.o
2026-06-25T21:56:45.0589270Z     [CC] vpx_dsp/arm/highbd_vpx_convolve_copy_neon.c.o
2026-06-25T21:56:45.1367580Z     [CC] vpx_dsp/arm/highbd_vpx_convolve_avg_neon.c.o
2026-06-25T21:56:45.1555900Z     [CC] vpx_dsp/arm/highbd_vpx_convolve8_neon.c.o
2026-06-25T21:56:45.2477550Z     [CC] vpx_dsp/arm/vpx_scaled_convolve8_neon.c.o
2026-06-25T21:56:45.3409790Z     [CC] vpx_dsp/arm/vpx_convolve_copy_neon.c.o
2026-06-25T21:56:45.3756660Z     [CC] vpx_dsp/arm/vpx_convolve8_neon.c.o
2026-06-25T21:56:45.4380430Z     [CC] vpx_dsp/arm/vpx_convolve_avg_neon.c.o
2026-06-25T21:56:45.4482380Z     [CC] vpx_dsp/arm/vpx_convolve_neon.c.o
2026-06-25T21:56:45.4885020Z     [CC] vpx_dsp/arm/vpx_convolve8_neon_dotprod.c.o
2026-06-25T21:56:45.5339330Z     [CC] vpx_dsp/arm/vpx_convolve8_neon_i8mm.c.o
2026-06-25T21:56:45.5747360Z     [CC] vpx_dsp/loopfilter.c.o
2026-06-25T21:56:45.6931230Z     [CC] vpx_dsp/arm/loopfilter_neon.c.o
2026-06-25T21:56:45.7333720Z     [CC] vpx_dsp/arm/highbd_loopfilter_neon.c.o
2026-06-25T21:56:45.7534070Z     [CC] vpx_dsp/fwd_txfm.c.o
2026-06-25T21:56:45.8757420Z     [CC] vpx_dsp/arm/fdct4x4_neon.c.o
2026-06-25T21:56:45.8941060Z     [CC] vpx_dsp/arm/fdct8x8_neon.c.o
2026-06-25T21:56:45.9031170Z     [CC] vpx_dsp/arm/fdct16x16_neon.c.o
2026-06-25T21:56:45.9733730Z     [CC] vpx_dsp/arm/fdct32x32_neon.c.o
2026-06-25T21:56:46.0097150Z     [CC] vpx_dsp/arm/fdct_partial_neon.c.o
2026-06-25T21:56:46.0688280Z     [CC] vpx_dsp/inv_txfm.c.o
2026-06-25T21:56:46.0966760Z     [CC] vpx_dsp/arm/highbd_idct4x4_add_neon.c.o
2026-06-25T21:56:46.1897590Z     [CC] vpx_dsp/arm/highbd_idct8x8_add_neon.c.o
2026-06-25T21:56:46.3431600Z     [CC] vpx_dsp/arm/highbd_idct16x16_add_neon.c.o
2026-06-25T21:56:46.4370510Z     [CC] vpx_dsp/arm/highbd_idct32x32_add_neon.c.o
2026-06-25T21:56:46.5248900Z     [CC] vpx_dsp/arm/highbd_idct32x32_34_add_neon.c.o
2026-06-25T21:56:46.5556740Z     [CC] vpx_dsp/arm/highbd_idct32x32_135_add_neon.c.o
2026-06-25T21:56:46.7109550Z     [CC] vpx_dsp/arm/highbd_idct32x32_1024_add_neon.c.o
2026-06-25T21:56:46.7883940Z     [CC] vpx_dsp/arm/idct4x4_1_add_neon.c.o
2026-06-25T21:56:46.8672720Z     [CC] vpx_dsp/arm/idct4x4_add_neon.c.o
2026-06-25T21:56:46.9407820Z     [CC] vpx_dsp/arm/idct8x8_1_add_neon.c.o
2026-06-25T21:56:46.9518880Z     [CC] vpx_dsp/arm/idct8x8_add_neon.c.o
2026-06-25T21:56:47.0197330Z     [CC] vpx_dsp/arm/idct16x16_1_add_neon.c.o
2026-06-25T21:56:47.0411020Z     [CC] vpx_dsp/arm/idct16x16_add_neon.c.o
2026-06-25T21:56:47.0515700Z     [CC] vpx_dsp/arm/idct32x32_1_add_neon.c.o
2026-06-25T21:56:47.1129410Z     [CC] vpx_dsp/arm/idct32x32_34_add_neon.c.o
2026-06-25T21:56:47.1346930Z     [CC] vpx_dsp/arm/idct32x32_135_add_neon.c.o
2026-06-25T21:56:47.1755310Z     [CC] vpx_dsp/arm/idct32x32_add_neon.c.o
2026-06-25T21:56:47.2831770Z     [CC] vpx_dsp/quantize.c.o
2026-06-25T21:56:47.3471630Z     [CC] vpx_dsp/arm/quantize_neon.c.o
2026-06-25T21:56:47.3699530Z     [CC] vpx_dsp/arm/highbd_quantize_neon.c.o
2026-06-25T21:56:47.3980920Z     [CC] vpx_dsp/avg.c.o
2026-06-25T21:56:47.4404370Z     [CC] vpx_dsp/arm/avg_neon.c.o
2026-06-25T21:56:47.4632340Z     [CC] vpx_dsp/arm/hadamard_neon.c.o
2026-06-25T21:56:47.5072530Z     [CC] vpx_dsp/arm/highbd_hadamard_neon.c.o
2026-06-25T21:56:47.5397030Z     [CC] vpx_dsp/arm/highbd_avg_neon.c.o
2026-06-25T21:56:47.5667030Z     [CC] vpx_dsp/skin_detection.c.o
2026-06-25T21:56:47.5980680Z     [CC] vpx_dsp/subtract.c.o
2026-06-25T21:56:47.6015230Z     [CC] vpx_dsp/sum_squares.c.o
2026-06-25T21:56:47.6241970Z     [CC] vpx_dsp/arm/sum_squares_neon.c.o
2026-06-25T21:56:47.6421810Z     [CC] vpx_dsp/arm/sad4d_neon.c.o
2026-06-25T21:56:47.6453400Z     [CC] vpx_dsp/arm/sad4d_neon_dotprod.c.o
2026-06-25T21:56:47.7052090Z     [CC] vpx_dsp/arm/subtract_neon.c.o
2026-06-25T21:56:47.7571570Z     [CC] vpx_dsp/arm/highbd_sad4d_neon.c.o
2026-06-25T21:56:47.7728490Z     [CC] vpx_dsp/arm/highbd_sad_neon.c.o
2026-06-25T21:56:47.7928350Z     [CC] vpx_dsp/sad.c.o
2026-06-25T21:56:47.9342030Z     [CC] vpx_dsp/variance.c.o
2026-06-25T21:56:47.9474000Z     [CC] vpx_dsp/arm/avg_pred_neon.c.o
2026-06-25T21:56:48.0432730Z     [CC] vpx_dsp/arm/sad_neon.c.o
2026-06-25T21:56:48.2091250Z     [CC] vpx_dsp/arm/sad_neon_dotprod.c.o
2026-06-25T21:56:48.3396560Z     [CC] vpx_dsp/arm/subpel_variance_neon.c.o
2026-06-25T21:56:48.3497660Z     [CC] vpx_dsp/arm/subpel_variance_neon_dotprod.c.o
2026-06-25T21:56:48.5814200Z     [CC] vpx_dsp/arm/variance_neon.c.o
2026-06-25T21:56:48.7043880Z     [CC] vpx_dsp/arm/variance_neon_dotprod.c.o
2026-06-25T21:56:48.7547270Z     [CC] vpx_dsp/arm/highbd_avg_pred_neon.c.o
2026-06-25T21:56:48.8174280Z     [CC] vpx_dsp/arm/highbd_sse_neon.c.o
2026-06-25T21:56:48.8267660Z     [CC] vpx_dsp/arm/highbd_variance_neon.c.o
2026-06-25T21:56:48.9033370Z     [CC] vpx_dsp/arm/highbd_variance_neon_dotprod.c.o
2026-06-25T21:56:48.9844520Z     [CC] vpx_dsp/arm/highbd_subpel_variance_neon.c.o
2026-06-25T21:56:48.9896550Z     [CC] vpx_dsp/vpx_dsp_rtcd.c.o
2026-06-25T21:56:49.0523190Z     [CC] vpx_util/vpx_thread.c.o
2026-06-25T21:56:49.1046560Z     [CC] vpx_util/vpx_write_yuv_frame.c.o
2026-06-25T21:56:49.1442990Z     [CC] vp8/common/alloccommon.c.o
2026-06-25T21:56:49.1874380Z     [CC] vp8/common/blockd.c.o
2026-06-25T21:56:49.2216790Z     [CC] vp8/common/dequantize.c.o
2026-06-25T21:56:49.2628980Z     [CC] vp8/common/entropy.c.o
2026-06-25T21:56:49.3020670Z     [CC] vp8/common/entropymode.c.o
2026-06-25T21:56:49.3431650Z     [CC] vp8/common/entropymv.c.o
2026-06-25T21:56:49.3685650Z     [CC] vp8/common/extend.c.o
2026-06-25T21:56:49.4186030Z     [CC] vp8/common/filter.c.o
2026-06-25T21:56:49.5265220Z     [CC] vp8/common/findnearmv.c.o
2026-06-25T21:56:49.5698010Z     [CC] vp8/common/generic/systemdependent.c.o
2026-06-25T21:56:49.6092670Z     [CC] vp8/common/idct_blk.c.o
2026-06-25T21:56:49.6406790Z     [CC] vp8/common/idctllm.c.o
2026-06-25T21:56:49.6497930Z     [CC] vp8/common/rtcd.c.o
2026-06-25T21:56:49.6827680Z     [CC] vp8/common/vp8_loopfilter.c.o
2026-06-25T21:56:49.6827990Z     [CC] vp8/common/loopfilter_filters.c.o
2026-06-25T21:56:49.7621690Z     [CC] vp8/common/mbpitch.c.o
2026-06-25T21:56:49.8048040Z     [CC] vp8/common/modecont.c.o
2026-06-25T21:56:49.8342180Z     [CC] vp8/common/quant_common.c.o
2026-06-25T21:56:49.8342680Z     [CC] vp8/common/reconinter.c.o
2026-06-25T21:56:49.8709130Z     [CC] vp8/common/reconintra.c.o
2026-06-25T21:56:49.9158500Z     [CC] vp8/common/reconintra4x4.c.o
2026-06-25T21:56:49.9231850Z     [CC] vp8/common/setupintrarecon.c.o
2026-06-25T21:56:49.9672830Z     [CC] vp8/common/swapyv12buffer.c.o
2026-06-25T21:56:49.9714130Z     [CC] vp8/common/treecoder.c.o
2026-06-25T21:56:49.9948210Z     [CC] vp8/common/arm/loopfilter_arm.c.o
2026-06-25T21:56:50.0050260Z     [CC] vp8/common/arm/neon/bilinearpredict_neon.c.o
2026-06-25T21:56:50.0332990Z     [CC] vp8/common/arm/neon/copymem_neon.c.o
2026-06-25T21:56:50.0974430Z     [CC] vp8/common/arm/neon/dc_only_idct_add_neon.c.o
2026-06-25T21:56:50.1093450Z     [CC] vp8/common/arm/neon/dequant_idct_neon.c.o
2026-06-25T21:56:50.1662000Z     [CC] vp8/common/arm/neon/dequantizeb_neon.c.o
2026-06-25T21:56:50.1800330Z     [CC] vp8/common/arm/neon/idct_blk_neon.c.o
2026-06-25T21:56:50.2442050Z     [CC] vp8/common/arm/neon/iwalsh_neon.c.o
2026-06-25T21:56:50.2620850Z     [CC] vp8/common/arm/neon/vp8_loopfilter_neon.c.o
2026-06-25T21:56:50.2799820Z     [CC] vp8/common/arm/neon/loopfiltersimplehorizontaledge_neon.c.o
2026-06-25T21:56:50.3057390Z     [CC] vp8/common/arm/neon/loopfiltersimpleverticaledge_neon.c.o
2026-06-25T21:56:50.3508320Z     [CC] vp8/common/arm/neon/mbloopfilter_neon.c.o
2026-06-25T21:56:50.3511390Z     [CC] vp8/common/arm/neon/shortidct4x4llm_neon.c.o
2026-06-25T21:56:50.3934330Z     [CC] vp8/common/arm/neon/sixtappredict_neon.c.o
2026-06-25T21:56:50.4215150Z     [CC] vp8/vp8_cx_iface.c.o
2026-06-25T21:56:50.4444900Z     [CC] vp8/encoder/bitstream.c.o
2026-06-25T21:56:50.5389520Z     [CC] vp8/encoder/boolhuff.c.o
2026-06-25T21:56:50.5491830Z     [CC] vp8/encoder/copy_c.c.o
2026-06-25T21:56:50.5733160Z     [CC] vp8/encoder/dct.c.o
2026-06-25T21:56:50.5836530Z     [CC] vp8/encoder/encodeframe.c.o
2026-06-25T21:56:50.6236580Z     [CC] vp8/encoder/encodeintra.c.o
2026-06-25T21:56:50.6265030Z     [CC] vp8/encoder/encodemb.c.o
2026-06-25T21:56:50.6973130Z     [CC] vp8/encoder/encodemv.c.o
2026-06-25T21:56:50.7284860Z     [CC] vp8/encoder/ethreading.c.o
2026-06-25T21:56:50.7315970Z     [CC] vp8/encoder/firstpass.c.o
2026-06-25T21:56:50.7813130Z     [CC] vp8/encoder/denoising.c.o
2026-06-25T21:56:50.8434030Z     [CC] vp8/encoder/lookahead.c.o
2026-06-25T21:56:50.8735940Z     [CC] vp8/encoder/mcomp.c.o
2026-06-25T21:56:50.8923220Z     [CC] vp8/encoder/modecosts.c.o
2026-06-25T21:56:50.9453280Z     [CC] vp8/encoder/onyx_if.c.o
2026-06-25T21:56:51.0236180Z     [CC] vp8/encoder/pickinter.c.o
2026-06-25T21:56:51.0619530Z     [CC] vp8/encoder/picklpf.c.o
2026-06-25T21:56:51.1510810Z     [CC] vp8/encoder/vp8_quantize.c.o
2026-06-25T21:56:51.1864640Z     [CC] vp8/encoder/ratectrl.c.o
2026-06-25T21:56:51.2471390Z     [CC] vp8/encoder/rdopt.c.o
2026-06-25T21:56:51.3087220Z     [CC] vp8/encoder/segmentation.c.o
2026-06-25T21:56:51.3449840Z     [CC] vp8/common/vp8_skin_detection.c.o
2026-06-25T21:56:51.3655990Z     [CC] vp8/encoder/tokenize.c.o
2026-06-25T21:56:51.4105260Z     [CC] vp8/encoder/treewriter.c.o
2026-06-25T21:56:51.4495510Z     [CC] vp8/encoder/temporal_filter.c.o
2026-06-25T21:56:51.4735270Z     [CC] vp8/encoder/arm/neon/denoising_neon.c.o
2026-06-25T21:56:51.5519190Z     [CC] vp8/encoder/arm/neon/fastquantizeb_neon.c.o
2026-06-25T21:56:51.5534040Z     [CC] vp8/encoder/arm/neon/shortfdct_neon.c.o
2026-06-25T21:56:51.5626850Z     [CC] vp8/encoder/arm/neon/vp8_shortwalsh4x4_neon.c.o
2026-06-25T21:56:51.6265390Z     [CC] vp8/vp8_dx_iface.c.o
2026-06-25T21:56:51.6271960Z     [CC] vp8/decoder/dboolhuff.c.o
2026-06-25T21:56:51.6349750Z     [CC] vp8/decoder/decodemv.c.o
2026-06-25T21:56:51.6831250Z     [CC] vp8/decoder/decodeframe.c.o
2026-06-25T21:56:51.7161610Z     [CC] vp8/decoder/detokenize.c.o
2026-06-25T21:56:51.7888280Z     [CC] vp8/decoder/onyxd_if.c.o
2026-06-25T21:56:51.8079750Z     [CC] vp8/decoder/threading.c.o
2026-06-25T21:56:51.8641010Z     [CC] vp9/vp9_iface_common.c.o
2026-06-25T21:56:51.8665660Z     [CC] vp9/common/vp9_alloccommon.c.o
2026-06-25T21:56:51.9064630Z     [CC] vp9/common/vp9_blockd.c.o
2026-06-25T21:56:51.9205130Z     [CC] vp9/common/vp9_entropy.c.o
2026-06-25T21:56:51.9522520Z     [CC] vp9/common/vp9_entropymode.c.o
2026-06-25T21:56:51.9533270Z     [CC] vp9/common/vp9_entropymv.c.o
2026-06-25T21:56:51.9875640Z     [CC] vp9/common/vp9_frame_buffers.c.o
2026-06-25T21:56:52.0162580Z     [CC] vp9/common/vp9_idct.c.o
2026-06-25T21:56:52.0352080Z     [CC] vp9/common/vp9_filter.c.o
2026-06-25T21:56:52.0360740Z     [CC] vp9/common/vp9_pred_common.c.o
2026-06-25T21:56:52.0580780Z     [CC] vp9/common/vp9_rtcd.c.o
2026-06-25T21:56:52.0882690Z     [CC] vp9/common/vp9_scale.c.o
2026-06-25T21:56:52.0959620Z     [CC] vp9/common/vp9_seg_common.c.o
2026-06-25T21:56:52.1017120Z     [CC] vp9/common/vp9_tile_common.c.o
2026-06-25T21:56:52.1358600Z     [CC] vp9/common/vp9_loopfilter.c.o
2026-06-25T21:56:52.1359530Z     [CC] vp9/common/vp9_thread_common.c.o
2026-06-25T21:56:52.1464270Z     [CC] vp9/common/vp9_mvref_common.c.o
2026-06-25T21:56:52.2197750Z     [CC] vp9/common/vp9_quant_common.c.o
2026-06-25T21:56:52.2638330Z     [CC] vp9/common/vp9_reconinter.c.o
2026-06-25T21:56:52.2689400Z     [CC] vp9/common/vp9_reconintra.c.o
2026-06-25T21:56:52.2843370Z     [CC] vp9/common/vp9_common_data.c.o
2026-06-25T21:56:52.3189990Z     [CC] vp9/common/vp9_scan.c.o
2026-06-25T21:56:52.3316320Z     [CC] vp9/common/arm/neon/vp9_iht4x4_add_neon.c.o
2026-06-25T21:56:52.3611510Z     [CC] vp9/common/arm/neon/vp9_iht8x8_add_neon.c.o
2026-06-25T21:56:52.3813150Z     [CC] vp9/common/arm/neon/vp9_iht16x16_add_neon.c.o
2026-06-25T21:56:52.4244450Z     [CC] vp9/common/arm/neon/vp9_highbd_iht4x4_add_neon.c.o
2026-06-25T21:56:52.4843540Z     [CC] vp9/common/arm/neon/vp9_highbd_iht8x8_add_neon.c.o
2026-06-25T21:56:52.5014850Z     [CC] vp9/common/arm/neon/vp9_highbd_iht16x16_add_neon.c.o
2026-06-25T21:56:52.5456060Z     [CC] vp9/vp9_cx_iface.c.o
2026-06-25T21:56:52.6676820Z     [CC] vp9/encoder/vp9_bitstream.c.o
2026-06-25T21:56:52.6950500Z     [CC] vp9/encoder/vp9_context_tree.c.o
2026-06-25T21:56:52.7658480Z     [CC] vp9/encoder/vp9_cost.c.o
2026-06-25T21:56:52.7679340Z     [CC] vp9/encoder/vp9_dct.c.o
2026-06-25T21:56:52.8105580Z     [CC] vp9/encoder/vp9_encodeframe.c.o
2026-06-25T21:56:52.8696710Z     [CC] vp9/encoder/vp9_encodemb.c.o
2026-06-25T21:56:53.0028760Z     [CC] vp9/encoder/vp9_encodemv.c.o
2026-06-25T21:56:53.0648280Z     [CC] vp9/encoder/vp9_ethread.c.o
2026-06-25T21:56:53.1122490Z     [CC] vp9/encoder/vp9_extend.c.o
2026-06-25T21:56:53.1739580Z     [CC] vp9/encoder/vp9_firstpass.c.o
2026-06-25T21:56:53.1932440Z     [CC] vp9/encoder/vp9_frame_scale.c.o
2026-06-25T21:56:53.2576180Z     [CC] vp9/encoder/vp9_lookahead.c.o
2026-06-25T21:56:53.3279940Z     [CC] vp9/encoder/vp9_multi_thread.c.o
2026-06-25T21:56:53.3979540Z     [CC] vp9/encoder/vp9_mcomp.c.o
2026-06-25T21:56:53.5823570Z     [CC] vp9/encoder/vp9_encoder.c.o
2026-06-25T21:56:53.5949810Z     [CC] vp9/encoder/vp9_picklpf.c.o
2026-06-25T21:56:53.6747040Z     [CC] vp9/encoder/vp9_quantize.c.o
2026-06-25T21:56:53.7574780Z     [CC] vp9/encoder/vp9_ratectrl.c.o
2026-06-25T21:56:54.1067270Z     [CC] vp9/encoder/vp9_rd.c.o
2026-06-25T21:56:54.2536400Z     [CC] vp9/encoder/vp9_rdopt.c.o
2026-06-25T21:56:54.2642730Z     [CC] vp9/encoder/vp9_pickmode.c.o
2026-06-25T21:56:54.3272430Z     [CC] vp9/encoder/vp9_segmentation.c.o
2026-06-25T21:56:54.4128020Z     [CC] vp9/encoder/vp9_speed_features.c.o
2026-06-25T21:56:54.5597160Z     [CC] vp9/encoder/vp9_subexp.c.o
2026-06-25T21:56:54.6579480Z     [CC] vp9/encoder/vp9_svc_layercontext.c.o
2026-06-25T21:56:54.6708830Z     [CC] vp9/encoder/vp9_resize.c.o
2026-06-25T21:56:54.8103060Z     [CC] vp9/encoder/vp9_tokenize.c.o
2026-06-25T21:56:54.8566880Z     [CC] vp9/encoder/vp9_treewriter.c.o
2026-06-25T21:56:54.8870760Z     [CC] vp9/encoder/vp9_aq_variance.c.o
2026-06-25T21:56:54.8940780Z     [CC] vp9/encoder/vp9_aq_360.c.o
2026-06-25T21:56:54.9216280Z     [CC] vp9/encoder/vp9_aq_cyclicrefresh.c.o
2026-06-25T21:56:54.9510540Z     [CC] vp9/encoder/vp9_aq_complexity.c.o
2026-06-25T21:56:54.9624090Z     [CC] vp9/encoder/vp9_alt_ref_aq.c.o
2026-06-25T21:56:55.0149500Z     [CC] vp9/encoder/vp9_noise_estimate.c.o
2026-06-25T21:56:55.0149800Z     [CC] vp9/encoder/vp9_skin_detection.c.o
2026-06-25T21:56:55.0328780Z     [CC] vp9/encoder/vp9_ext_ratectrl.c.o
2026-06-25T21:56:55.0835960Z     [CC] vp9/encoder/vp9_temporal_filter.c.o
2026-06-25T21:56:55.0914680Z     [CC] vp9/encoder/vp9_tpl_model.c.o
2026-06-25T21:56:55.0990890Z     [CC] vp9/encoder/vp9_mbgraph.c.o
2026-06-25T21:56:55.1850120Z     [CC] vp9/encoder/arm/neon/vp9_temporal_filter_neon.c.o
2026-06-25T21:56:55.2822990Z     [CC] vp9/encoder/arm/neon/vp9_temporal_filter_neon_dotprod.c.o
2026-06-25T21:56:55.3047640Z     [CC] vp9/encoder/arm/neon/vp9_temporal_filter_neon_i8mm.c.o
2026-06-25T21:56:55.3456640Z     [CC] vp9/encoder/arm/neon/vp9_diamond_search_sad_neon.c.o
2026-06-25T21:56:55.3897390Z     [CC] vp9/encoder/arm/neon/vp9_highbd_temporal_filter_neon.c.o
2026-06-25T21:56:55.4124620Z     [CC] vp9/encoder/arm/neon/vp9_dct_neon.c.o
2026-06-25T21:56:55.4461150Z     [CC] vp9/encoder/arm/neon/vp9_error_neon.c.o
2026-06-25T21:56:55.5270180Z     [CC] vp9/encoder/arm/neon/vp9_frame_scale_neon.c.o
2026-06-25T21:56:55.5600200Z     [CC] vp9/encoder/arm/neon/vp9_quantize_neon.c.o
2026-06-25T21:56:55.6812400Z     [CC] vp9/encoder/arm/neon/vp9_highbd_error_neon.c.o
2026-06-25T21:56:55.7102090Z     [CC] vp9/vp9_dx_iface.c.o
2026-06-25T21:56:55.7575390Z     [CC] vp9/decoder/vp9_decodemv.c.o
2026-06-25T21:56:55.7845450Z     [CC] vp9/decoder/vp9_decodeframe.c.o
2026-06-25T21:56:55.8807380Z     [CC] vp9/decoder/vp9_detokenize.c.o
2026-06-25T21:56:55.9862790Z     [CC] vp9/decoder/vp9_decoder.c.o
2026-06-25T21:56:56.0093290Z     [CC] vp9/decoder/vp9_dsubexp.c.o
2026-06-25T21:56:56.0698820Z     [CC] vp9/decoder/vp9_job_queue.c.o
2026-06-25T21:56:56.0900380Z     [CC] vpx_config.c.o
2026-06-25T21:56:56.1106180Z     [CREATE] vpx.pc
2026-06-25T21:56:56.1251010Z     [CXX] vp9/ratectrl_rtc.cc.o
2026-06-25T21:56:56.1463310Z     [CXX] vp8/vp8_ratectrl_rtc.cc.o
2026-06-25T21:56:56.1817900Z     [AR] libvpx_g.a
2026-06-25T21:56:56.2440000Z     [CP] libvpx.a < libvpx_g.a
2026-06-25T21:56:56.3473090Z     [AR] libvpxrc_g.a
2026-06-25T21:56:56.3743510Z     [CP] libvpxrc.a < libvpxrc_g.a
2026-06-25T21:56:56.5674680Z     [INSTALL] /Users/runner/work/LiteReplayd/LiteReplayd/build/prefix/include/vpx/vp8.h
2026-06-25T21:56:56.5743590Z     [INSTALL] /Users/runner/work/LiteReplayd/LiteReplayd/build/prefix/include/vpx/vp8cx.h
2026-06-25T21:56:56.5799870Z     [INSTALL] /Users/runner/work/LiteReplayd/LiteReplayd/build/prefix/include/vpx/vpx_ext_ratectrl.h
2026-06-25T21:56:56.5847780Z     [INSTALL] /Users/runner/work/LiteReplayd/LiteReplayd/build/prefix/include/vpx/vp8dx.h
2026-06-25T21:56:56.5901300Z     [INSTALL] /Users/runner/work/LiteReplayd/LiteReplayd/build/prefix/include/vpx/vpx_codec.h
2026-06-25T21:56:56.5963330Z     [INSTALL] /Users/runner/work/LiteReplayd/LiteReplayd/build/prefix/include/vpx/vpx_frame_buffer.h
2026-06-25T21:56:56.6017780Z     [INSTALL] /Users/runner/work/LiteReplayd/LiteReplayd/build/prefix/include/vpx/vpx_image.h
2026-06-25T21:56:56.6069840Z     [INSTALL] /Users/runner/work/LiteReplayd/LiteReplayd/build/prefix/include/vpx/vpx_integer.h
2026-06-25T21:56:56.6118210Z     [INSTALL] /Users/runner/work/LiteReplayd/LiteReplayd/build/prefix/include/vpx/vpx_decoder.h
2026-06-25T21:56:56.6167180Z     [INSTALL] /Users/runner/work/LiteReplayd/LiteReplayd/build/prefix/include/vpx/vpx_encoder.h
2026-06-25T21:56:56.6219420Z     [INSTALL] /Users/runner/work/LiteReplayd/LiteReplayd/build/prefix/include/vpx/vpx_tpl.h
2026-06-25T21:56:56.6269730Z     [INSTALL] /Users/runner/work/LiteReplayd/LiteReplayd/build/prefix/lib/libvpx.a
2026-06-25T21:56:56.6356890Z     [INSTALL] /Users/runner/work/LiteReplayd/LiteReplayd/build/prefix/lib/pkgconfig/vpx.pc
2026-06-25T21:56:56.6421490Z ==> dav1d (meson)
2026-06-25T21:56:56.6457260Z Cloning into '/Users/runner/work/LiteReplayd/LiteReplayd/build/src/dav1d'...
2026-06-25T21:57:02.5969480Z The Meson build system
2026-06-25T21:57:02.6017560Z Version: 1.11.1
2026-06-25T21:57:02.6018180Z Source dir: /Users/runner/work/LiteReplayd/LiteReplayd/build/src/dav1d
2026-06-25T21:57:02.6019200Z Build dir: /Users/runner/work/LiteReplayd/LiteReplayd/build/src/dav1d/build-ios
2026-06-25T21:57:02.6019700Z Build type: cross build
2026-06-25T21:57:02.6019980Z Project name: dav1d
2026-06-25T21:57:02.6020220Z Project version: 1.5.4
2026-06-25T21:57:02.6020920Z C compiler for the host machine: /Applications/Xcode_15.4.app/Contents/Developer/Toolchains/XcodeDefault.xctoolchain/usr/bin/clang (clang 15.0.0 "Apple clang version 15.0.0 (clang-1500.3.9.4)")
2026-06-25T21:57:02.6021940Z C linker for the host machine: /Applications/Xcode_15.4.app/Contents/Developer/Toolchains/XcodeDefault.xctoolchain/usr/bin/clang ld64 1053.12
2026-06-25T21:57:02.6022680Z C compiler for the build machine: cc (clang 15.0.0 "Apple clang version 15.0.0 (clang-1500.3.9.4)")
2026-06-25T21:57:02.6023550Z C linker for the build machine: cc ld64 1053.12
2026-06-25T21:57:02.6024010Z Build machine cpu family: aarch64
2026-06-25T21:57:02.6024300Z Build machine cpu: aarch64
2026-06-25T21:57:02.6024570Z Host machine cpu family: aarch64
2026-06-25T21:57:02.6025490Z Host machine cpu: aarch64
2026-06-25T21:57:02.6025770Z Target machine cpu family: aarch64
2026-06-25T21:57:02.6026070Z Target machine cpu: aarch64
2026-06-25T21:57:02.6026380Z Fetching value of define "DAV1D_API_VERSION_MAJOR" : 7 
2026-06-25T21:57:02.6026990Z Fetching value of define "DAV1D_API_VERSION_MINOR" : 0 
2026-06-25T21:57:02.6027360Z Fetching value of define "DAV1D_API_VERSION_PATCH" : 0 
2026-06-25T21:57:02.6027710Z Run-time dependency threads found: YES
2026-06-25T21:57:02.6028340Z Checking for function "clock_gettime" : YES 
2026-06-25T21:57:02.6028750Z Checking for function "sigaction" : YES 
2026-06-25T21:57:02.6029080Z Checking for function "posix_memalign" : YES 
2026-06-25T21:57:02.6029740Z Checking for function "memalign" : NO 
2026-06-25T21:57:02.6030060Z Checking for function "aligned_alloc" : YES 
2026-06-25T21:57:02.6030510Z Library m found: YES
2026-06-25T21:57:02.6030780Z Check usable header "stdatomic.h" : YES 
2026-06-25T21:57:02.6031090Z Check usable header "sys/types.h" : YES 
2026-06-25T21:57:02.6031460Z Check usable header "unistd.h" : YES 
2026-06-25T21:57:02.6031750Z Check usable header "io.h" : NO 
2026-06-25T21:57:02.6032050Z Check usable header "pthread_np.h" : NO 
2026-06-25T21:57:02.6032360Z Checking for function "getopt_long" : YES 
2026-06-25T21:57:02.6032670Z Checking for function "getauxval" : NO 
2026-06-25T21:57:02.6032980Z Checking for function "elf_aux_info" : NO 
2026-06-25T21:57:02.6033380Z Checking for function "pthread_getaffinity_np" with dependency threads: NO 
2026-06-25T21:57:02.6060270Z Checking for function "pthread_setaffinity_np" with dependency threads: NO 
2026-06-25T21:57:02.6060880Z Checking for function "pthread_setname_np" with dependency threads: YES 
2026-06-25T21:57:02.6061330Z Checking for function "pthread_set_name_np" with dependency threads: NO 
2026-06-25T21:57:02.6061630Z Checking if "_Generic" compiles: YES 
2026-06-25T21:57:02.6061900Z Compiler for C supports arguments -fvisibility=hidden: YES 
2026-06-25T21:57:02.6062230Z Compiler for C supports arguments -Wundef: YES 
2026-06-25T21:57:02.6062510Z Compiler for C supports arguments -Werror=vla: YES 
2026-06-25T21:57:02.6062820Z Compiler for C supports arguments -Wno-maybe-uninitialized: NO 
2026-06-25T21:57:02.6063180Z Compiler for C supports arguments -Wno-missing-field-initializers: YES 
2026-06-25T21:57:02.6063540Z Compiler for C supports arguments -Wno-unused-parameter: YES 
2026-06-25T21:57:02.6063870Z Compiler for C supports arguments -Wstrict-prototypes: YES 
2026-06-25T21:57:02.6064200Z Compiler for C supports arguments -Werror=missing-prototypes: YES 
2026-06-25T21:57:02.6064530Z Compiler for C supports arguments -Wshorten-64-to-32: YES 
2026-06-25T21:57:02.6064850Z Compiler for C supports arguments -fomit-frame-pointer: YES 
2026-06-25T21:57:02.6065150Z Compiler for C supports arguments -ffast-math: YES 
2026-06-25T21:57:02.6065440Z Compiler for C supports arguments -fno-align-functions: YES 
2026-06-25T21:57:02.6065710Z Checking if "DOTPROD" compiles: YES 
2026-06-25T21:57:02.6065910Z Checking if "I8MM" compiles: YES 
2026-06-25T21:57:02.6066310Z Checking if "SVE" compiles: YES 
2026-06-25T21:57:02.6071610Z Checking if "SVE2" compiles: YES 
2026-06-25T21:57:02.6071860Z Configuring config.h using configuration
2026-06-25T21:57:02.6072120Z Found pkg-config: YES (/opt/homebrew/bin/pkg-config) 2.5.1
2026-06-25T21:57:02.6072380Z Build targets in project: 5
2026-06-25T21:57:02.6072490Z 
2026-06-25T21:57:02.6072540Z dav1d 1.5.4
2026-06-25T21:57:02.6072620Z 
2026-06-25T21:57:02.6072670Z   User defined options
2026-06-25T21:57:02.6072950Z     Cross files    : /Users/runner/work/LiteReplayd/LiteReplayd/build/ios-arm64.meson
2026-06-25T21:57:02.6073280Z     default_library: static
2026-06-25T21:57:02.6073450Z     enable_tests   : false
2026-06-25T21:57:02.6073610Z     enable_tools   : false
2026-06-25T21:57:02.6073770Z     libdir         : lib
2026-06-25T21:57:02.6074020Z     prefix         : /Users/runner/work/LiteReplayd/LiteReplayd/build/prefix
2026-06-25T21:57:02.6074260Z 
2026-06-25T21:57:02.6074350Z Found ninja-1.13.2 at /opt/homebrew/bin/ninja
2026-06-25T21:57:02.6524190Z ninja: Entering directory `/Users/runner/work/LiteReplayd/LiteReplayd/build/src/dav1d/build-ios'
2026-06-25T21:57:02.7075210Z [1/73] Generating include/vcs_version.h with a custom command
2026-06-25T21:57:02.7167880Z [2/73] Compiling C object src/libdav1d_bitdepth_8.a.p/cdef_tmpl.c.o
2026-06-25T21:57:02.7289700Z [3/73] Compiling C object src/libdav1d_bitdepth_8.a.p/cdef_apply_tmpl.c.o
2026-06-25T21:57:02.7526110Z [4/73] Compiling C object src/libdav1d_bitdepth_8.a.p/fg_apply_tmpl.c.o
2026-06-25T21:57:02.7803820Z [5/73] Compiling C object src/libdav1d_bitdepth_8.a.p/ipred_prepare_tmpl.c.o
2026-06-25T21:57:02.8090060Z [6/73] Compiling C object src/libdav1d_bitdepth_8.a.p/filmgrain_tmpl.c.o
2026-06-25T21:57:02.8350580Z [7/73] Compiling C object src/libdav1d_bitdepth_8.a.p/ipred_tmpl.c.o
2026-06-25T21:57:02.8750460Z [8/73] Compiling C object src/libdav1d_bitdepth_8.a.p/loopfilter_tmpl.c.o
2026-06-25T21:57:02.8920220Z [9/73] Compiling C object src/libdav1d_bitdepth_8.a.p/itx_tmpl.c.o
2026-06-25T21:57:02.9185870Z [10/73] Compiling C object src/libdav1d_bitdepth_8.a.p/lf_apply_tmpl.c.o
2026-06-25T21:57:02.9507140Z [11/73] Compiling C object src/libdav1d_bitdepth_8.a.p/lr_apply_tmpl.c.o
2026-06-25T21:57:03.0274640Z [12/73] Compiling C object src/libdav1d_bitdepth_8.a.p/looprestoration_tmpl.c.o
2026-06-25T21:57:03.0812270Z [13/73] Compiling C object src/libdav1d_bitdepth_8.a.p/mc_tmpl.c.o
2026-06-25T21:57:03.1015440Z [14/73] Compiling C object src/libdav1d_bitdepth_16.a.p/cdef_apply_tmpl.c.o
2026-06-25T21:57:03.1506000Z [15/73] Compiling C object src/libdav1d_bitdepth_16.a.p/cdef_tmpl.c.o
2026-06-25T21:57:03.1607340Z [16/73] Compiling C object src/libdav1d_bitdepth_16.a.p/fg_apply_tmpl.c.o
2026-06-25T21:57:03.2210480Z [17/73] Compiling C object src/libdav1d_bitdepth_16.a.p/ipred_prepare_tmpl.c.o
2026-06-25T21:57:03.2436190Z [18/73] Compiling C object src/libdav1d_bitdepth_16.a.p/filmgrain_tmpl.c.o
2026-06-25T21:57:03.2945930Z [19/73] Compiling C object src/libdav1d_bitdepth_8.a.p/recon_tmpl.c.o
2026-06-25T21:57:03.3047540Z [20/73] Compiling C object src/libdav1d_bitdepth_16.a.p/ipred_tmpl.c.o
2026-06-25T21:57:03.3515320Z [21/73] Compiling C object src/libdav1d_bitdepth_16.a.p/loopfilter_tmpl.c.o
2026-06-25T21:57:03.3516320Z [22/73] Compiling C object src/libdav1d_bitdepth_16.a.p/itx_tmpl.c.o
2026-06-25T21:57:03.4019780Z [23/73] Compiling C object src/libdav1d_bitdepth_16.a.p/lr_apply_tmpl.c.o
2026-06-25T21:57:03.4089510Z [24/73] Compiling C object src/libdav1d_bitdepth_16.a.p/lf_apply_tmpl.c.o
2026-06-25T21:57:03.5665360Z [25/73] Compiling C object src/libdav1d_bitdepth_16.a.p/looprestoration_tmpl.c.o
2026-06-25T21:57:03.5708120Z [26/73] Compiling C object src/libdav1d_bitdepth_16.a.p/mc_tmpl.c.o
2026-06-25T21:57:03.6072540Z [27/73] Compiling C object src/libdav1d.a.p/cpu.c.o
2026-06-25T21:57:03.6284670Z [28/73] Compiling C object src/libdav1d.a.p/ctx.c.o
2026-06-25T21:57:03.6670340Z [29/73] Compiling C object src/libdav1d.a.p/data.c.o
2026-06-25T21:57:03.7644700Z [30/73] Compiling C object src/libdav1d_bitdepth_16.a.p/recon_tmpl.c.o
2026-06-25T21:57:03.7822730Z [31/73] Compiling C object src/libdav1d.a.p/dequant_tables.c.o
2026-06-25T21:57:03.8233850Z [32/73] Compiling C object src/libdav1d.a.p/cdf.c.o
2026-06-25T21:57:03.8263160Z [33/73] Compiling C object src/libdav1d.a.p/getbits.c.o
2026-06-25T21:57:03.8563130Z [34/73] Compiling C object src/libdav1d.a.p/intra_edge.c.o
2026-06-25T21:57:03.9458950Z [35/73] Compiling C object src/libdav1d.a.p/lf_mask.c.o
2026-06-25T21:57:03.9963320Z [36/73] Compiling C object src/libdav1d.a.p/itx_1d.c.o
2026-06-25T21:57:04.0303470Z [37/73] Compiling C object src/libdav1d.a.p/log.c.o
2026-06-25T21:57:04.0380510Z [38/73] Compiling C object src/libdav1d.a.p/lib.c.o
2026-06-25T21:57:04.0669830Z [39/73] Compiling C object src/libdav1d.a.p/msac.c.o
2026-06-25T21:57:04.0673990Z [40/73] Compiling C object src/libdav1d.a.p/mem.c.o
2026-06-25T21:57:04.1051700Z [41/73] Compiling C object src/libdav1d.a.p/pal.c.o
2026-06-25T21:57:04.1574350Z [42/73] Compiling C object src/libdav1d.a.p/picture.c.o
2026-06-25T21:57:04.2477550Z [43/73] Compiling C object src/libdav1d.a.p/qm.c.o
2026-06-25T21:57:04.2493370Z [44/73] Compiling C object src/libdav1d.a.p/decode.c.o
2026-06-25T21:57:04.2733380Z [45/73] Compiling C object src/libdav1d.a.p/ref.c.o
2026-06-25T21:57:04.2737480Z [46/73] Compiling C object src/libdav1d.a.p/obu.c.o
2026-06-25T21:57:04.3028240Z [47/73] Compiling C object src/libdav1d.a.p/tables.c.o
2026-06-25T21:57:04.3147460Z [48/73] Compiling C object src/libdav1d.a.p/scan.c.o
2026-06-25T21:57:04.3575790Z [49/73] Compiling C object src/libdav1d.a.p/warpmv.c.o
2026-06-25T21:57:04.3978540Z [50/73] Compiling C object src/libdav1d.a.p/refmvs.c.o
2026-06-25T21:57:04.4156500Z [51/73] Compiling C object src/libdav1d.a.p/wedge.c.o
2026-06-25T21:57:04.4256000Z [52/73] Compiling C object src/libdav1d.a.p/arm_cpu.c.o
2026-06-25T21:57:04.4471450Z [53/73] Compiling C object src/libdav1d.a.p/arm_64_looprestoration_common.S.o
2026-06-25T21:57:04.4705440Z [54/73] Compiling C object src/libdav1d.a.p/arm_64_msac.S.o
2026-06-25T21:57:04.4748050Z [55/73] Compiling C object src/libdav1d.a.p/arm_64_itx.S.o
2026-06-25T21:57:04.4888280Z [56/73] Compiling C object src/libdav1d.a.p/thread_task.c.o
2026-06-25T21:57:04.4941580Z [57/73] Compiling C object src/libdav1d.a.p/arm_64_refmvs.S.o
2026-06-25T21:57:04.5083860Z [58/73] Compiling C object src/libdav1d.a.p/arm_64_cdef.S.o
2026-06-25T21:57:04.5318160Z [59/73] Compiling C object src/libdav1d.a.p/arm_64_filmgrain.S.o
2026-06-25T21:57:04.5364170Z [60/73] Compiling C object src/libdav1d.a.p/arm_64_ipred.S.o
2026-06-25T21:57:04.5385050Z [61/73] Compiling C object src/libdav1d.a.p/arm_64_loopfilter.S.o
2026-06-25T21:57:04.5635090Z [62/73] Compiling C object src/libdav1d.a.p/arm_64_looprestoration.S.o
2026-06-25T21:57:04.5786480Z [63/73] Compiling C object src/libdav1d.a.p/arm_64_mc_dotprod.S.o
2026-06-25T21:57:04.5935240Z [64/73] Compiling C object src/libdav1d.a.p/arm_64_cdef16.S.o
2026-06-25T21:57:04.5943810Z [65/73] Compiling C object src/libdav1d.a.p/arm_64_mc.S.o
2026-06-25T21:57:04.6175980Z [66/73] Compiling C object src/libdav1d.a.p/arm_64_filmgrain16.S.o
2026-06-25T21:57:04.6353820Z [67/73] Compiling C object src/libdav1d.a.p/arm_64_ipred16.S.o
2026-06-25T21:57:04.6488730Z [68/73] Compiling C object src/libdav1d.a.p/arm_64_loopfilter16.S.o
2026-06-25T21:57:04.6558800Z [69/73] Compiling C object src/libdav1d.a.p/arm_64_itx16.S.o
2026-06-25T21:57:04.6629950Z [70/73] Compiling C object src/libdav1d.a.p/arm_64_looprestoration16.S.o
2026-06-25T21:57:04.6855140Z [71/73] Compiling C object src/libdav1d.a.p/arm_64_mc16_sve.S.o
2026-06-25T21:57:04.7098060Z [72/73] Compiling C object src/libdav1d.a.p/arm_64_mc16.S.o
2026-06-25T21:57:04.7614980Z [73/73] Linking static target src/libdav1d.a
2026-06-25T21:57:04.7635760Z ninja: Entering directory `/Users/runner/work/LiteReplayd/LiteReplayd/build/src/dav1d/build-ios'
2026-06-25T21:57:04.8131040Z [1/4] Generating include/vcs_version.h with a custom command
2026-06-25T21:57:04.8131500Z [1/2] Installing files
2026-06-25T21:57:04.9547640Z Installing src/libdav1d.a to /Users/runner/work/LiteReplayd/LiteReplayd/build/prefix/lib
2026-06-25T21:57:04.9553120Z Installing /Users/runner/work/LiteReplayd/LiteReplayd/build/src/dav1d/include/dav1d/common.h to /Users/runner/work/LiteReplayd/LiteReplayd/build/prefix/include/dav1d
2026-06-25T21:57:04.9554620Z Installing /Users/runner/work/LiteReplayd/LiteReplayd/build/src/dav1d/include/dav1d/data.h to /Users/runner/work/LiteReplayd/LiteReplayd/build/prefix/include/dav1d
2026-06-25T21:57:04.9555600Z Installing /Users/runner/work/LiteReplayd/LiteReplayd/build/src/dav1d/include/dav1d/dav1d.h to /Users/runner/work/LiteReplayd/LiteReplayd/build/prefix/include/dav1d
2026-06-25T21:57:04.9556550Z Installing /Users/runner/work/LiteReplayd/LiteReplayd/build/src/dav1d/include/dav1d/headers.h to /Users/runner/work/LiteReplayd/LiteReplayd/build/prefix/include/dav1d
2026-06-25T21:57:04.9557490Z Installing /Users/runner/work/LiteReplayd/LiteReplayd/build/src/dav1d/include/dav1d/picture.h to /Users/runner/work/LiteReplayd/LiteReplayd/build/prefix/include/dav1d
2026-06-25T21:57:04.9558410Z Installing /Users/runner/work/LiteReplayd/LiteReplayd/build/src/dav1d/include/dav1d/version.h to /Users/runner/work/LiteReplayd/LiteReplayd/build/prefix/include/dav1d
2026-06-25T21:57:04.9559350Z Installing /Users/runner/work/LiteReplayd/LiteReplayd/build/src/dav1d/build-ios/meson-private/dav1d.pc to /Users/runner/work/LiteReplayd/LiteReplayd/build/prefix/lib/pkgconfig
2026-06-25T21:57:04.9835660Z ==> opus
2026-06-25T21:57:04.9872450Z Cloning into '/Users/runner/work/LiteReplayd/LiteReplayd/build/src/opus'...
2026-06-25T21:57:06.0629000Z Downloading latest model
2026-06-25T21:57:06.1059140Z --2026-06-25 21:57:06--  https://media.xiph.org/opus/models/opus_data-a5177ec6fb7d15058e99e57029746100121f68e4890b1467d4094aa336b6013e.tar.gz
2026-06-25T21:57:06.1743340Z Resolving media.xiph.org (media.xiph.org)... 54.39.18.101
2026-06-25T21:57:06.2491480Z Connecting to media.xiph.org (media.xiph.org)|54.39.18.101|:443... connected.
2026-06-25T21:57:06.4844630Z HTTP request sent, awaiting response... 200 OK
2026-06-25T21:57:06.4845380Z Length: 134674421 (128M) [application/x-gzip]
2026-06-25T21:57:06.4849350Z Saving to: ‘opus_data-a5177ec6fb7d15058e99e57029746100121f68e4890b1467d4094aa336b6013e.tar.gz’
2026-06-25T21:57:06.4850190Z 
2026-06-25T21:57:06.6355070Z      0K .......... .......... .......... .......... ..........  0%  332K 6m36s
2026-06-25T21:57:06.7207580Z     50K .......... .......... .......... .......... ..........  0%  650K 4m59s
2026-06-25T21:57:06.7308010Z    100K .......... .......... .......... .......... ..........  0% 7.68M 3m25s
2026-06-25T21:57:06.7409000Z    150K .......... .......... .......... .......... ..........  0% 7.63M 2m38s
2026-06-25T21:57:06.7870730Z    200K .......... .......... .......... .......... ..........  0%  803K 2m39s
2026-06-25T21:57:06.7914640Z    250K .......... .......... .......... .......... ..........  0% 11.3M 2m14s
2026-06-25T21:57:06.7932770Z    300K .......... .......... .......... .......... ..........  0% 26.0M 1m56s
2026-06-25T21:57:06.8627050Z    350K .......... .......... .......... .......... ..........  0%  720K 2m4s
2026-06-25T21:57:06.8635420Z    400K .......... .......... .......... .......... ..........  0% 55.6M 1m50s
2026-06-25T21:57:06.8647110Z    450K .......... .......... .......... .......... ..........  0% 42.8M 1m40s
2026-06-25T21:57:06.8655370Z    500K .......... .......... .......... .......... ..........  0% 55.2M 91s
2026-06-25T21:57:06.8723250Z    550K .......... .......... .......... .......... ..........  0% 7.24M 85s
2026-06-25T21:57:06.8725450Z    600K .......... .......... .......... .......... ..........  0%  167M 78s
2026-06-25T21:57:06.8726770Z    650K .......... .......... .......... .......... ..........  0%  362M 73s
2026-06-25T21:57:06.8736370Z    700K .......... .......... .......... .......... ..........  0% 52.2M 68s
2026-06-25T21:57:06.9382530Z    750K .......... .......... .......... .......... ..........  0%  775K 74s
2026-06-25T21:57:06.9391940Z    800K .......... .......... .......... .......... ..........  0% 48.2M 70s
2026-06-25T21:57:06.9407600Z    850K .......... .......... .......... .......... ..........  0% 31.1M 66s
2026-06-25T21:57:06.9419790Z    900K .......... .......... .......... .......... ..........  0% 39.2M 63s
2026-06-25T21:57:06.9428880Z    950K .......... .......... .......... .......... ..........  0% 54.0M 60s
2026-06-25T21:57:06.9436010Z   1000K .......... .......... .......... .......... ..........  0% 67.2M 57s
2026-06-25T21:57:06.9444970Z   1050K .......... .......... .......... .......... ..........  0% 54.6M 55s
2026-06-25T21:57:06.9453840Z   1100K .......... .......... .......... .......... ..........  0% 56.1M 52s
2026-06-25T21:57:06.9480870Z   1150K .......... .......... .......... .......... ..........  0% 18.3M 50s
2026-06-25T21:57:06.9489410Z   1200K .......... .......... .......... .......... ..........  0% 54.3M 48s
2026-06-25T21:57:06.9497780Z   1250K .......... .......... .......... .......... ..........  0% 59.5M 47s
2026-06-25T21:57:06.9508170Z   1300K .......... .......... .......... .......... ..........  1% 47.6M 45s
2026-06-25T21:57:06.9515640Z   1350K .......... .......... .......... .......... ..........  1% 63.8M 43s
2026-06-25T21:57:06.9524670Z   1400K .......... .......... .......... .......... ..........  1% 54.4M 42s
2026-06-25T21:57:06.9533850Z   1450K .......... .......... .......... .......... ..........  1% 51.9M 41s
2026-06-25T21:57:07.0142020Z   1500K .......... .......... .......... .......... ..........  1%  824K 44s
2026-06-25T21:57:07.0149860Z   1550K .......... .......... .......... .......... ..........  1% 68.7M 43s
2026-06-25T21:57:07.0156750Z   1600K .......... .......... .......... .......... ..........  1% 57.6M 42s
2026-06-25T21:57:07.0164630Z   1650K .......... .......... .......... .......... ..........  1% 61.2M 41s
2026-06-25T21:57:07.0173040Z   1700K .......... .......... .......... .......... ..........  1% 57.5M 40s
2026-06-25T21:57:07.0179120Z   1750K .......... .......... .......... .......... ..........  1% 80.0M 38s
2026-06-25T21:57:07.0188040Z   1800K .......... .......... .......... .......... ..........  1% 53.7M 37s
2026-06-25T21:57:07.0197080Z   1850K .......... .......... .......... .......... ..........  1% 54.4M 37s
2026-06-25T21:57:07.0204030Z   1900K .......... .......... .......... .......... ..........  1% 71.5M 36s
2026-06-25T21:57:07.0213730Z   1950K .......... .......... .......... .......... ..........  1% 49.7M 35s
2026-06-25T21:57:07.0217570Z   2000K .......... .......... .......... .......... ..........  1%  124M 34s
2026-06-25T21:57:07.0221370Z   2050K .......... .......... .......... .......... ..........  1%  134M 33s
2026-06-25T21:57:07.0226670Z   2100K .......... .......... .......... .......... ..........  1% 89.9M 32s
2026-06-25T21:57:07.0230740Z   2150K .......... .......... .......... .......... ..........  1%  120M 32s
2026-06-25T21:57:07.0234870Z   2200K .......... .......... .......... .......... ..........  1%  120M 31s
2026-06-25T21:57:07.0239950Z   2250K .......... .......... .......... .......... ..........  1% 95.6M 30s
2026-06-25T21:57:07.0243700Z   2300K .......... .......... .......... .......... ..........  1%  132M 30s
2026-06-25T21:57:07.0249520Z   2350K .......... .......... .......... .......... ..........  1% 84.5M 29s
2026-06-25T21:57:07.0253660Z   2400K .......... .......... .......... .......... ..........  1%  120M 28s
2026-06-25T21:57:07.0260330Z   2450K .......... .......... .......... .......... ..........  1% 73.3M 28s
2026-06-25T21:57:07.0263850Z   2500K .......... .......... .......... .......... ..........  1%  132M 27s
2026-06-25T21:57:07.0268680Z   2550K .......... .......... .......... .......... ..........  1%  104M 27s
2026-06-25T21:57:07.0273450Z   2600K .......... .......... .......... .......... ..........  2% 98.4M 26s
2026-06-25T21:57:07.0278980Z   2650K .......... .......... .......... .......... ..........  2% 91.3M 26s
2026-06-25T21:57:07.0283700Z   2700K .......... .......... .......... .......... ..........  2%  114M 25s
2026-06-25T21:57:07.0289060Z   2750K .......... .......... .......... .......... ..........  2% 84.9M 25s
2026-06-25T21:57:07.0293370Z   2800K .......... .......... .......... .......... ..........  2%  115M 25s
2026-06-25T21:57:07.0297370Z   2850K .......... .......... .......... .......... ..........  2%  111M 24s
2026-06-25T21:57:07.0301190Z   2900K .......... .......... .......... .......... ..........  2%  134M 24s
2026-06-25T21:57:07.0306950Z   2950K .......... .......... .......... .......... ..........  2% 83.5M 23s
2026-06-25T21:57:07.0309720Z   3000K .......... .......... .......... .......... ..........  2%  191M 23s
2026-06-25T21:57:07.0886910Z   3050K .......... .......... .......... .......... ..........  2%  867K 25s
2026-06-25T21:57:07.0890580Z   3100K .......... .......... .......... .......... ..........  2%  109M 25s
2026-06-25T21:57:07.0893880Z   3150K .......... .......... .......... .......... ..........  2%  157M 24s
2026-06-25T21:57:07.0899170Z   3200K .......... .......... .......... .......... ..........  2% 93.2M 24s
2026-06-25T21:57:07.0902910Z   3250K .......... .......... .......... .......... ..........  2%  121M 24s
2026-06-25T21:57:07.0908270Z   3300K .......... .......... .......... .......... ..........  2% 95.2M 23s
2026-06-25T21:57:07.0911810Z   3350K .......... .......... .......... .......... ..........  2%  135M 23s
2026-06-25T21:57:07.0917710Z   3400K .......... .......... .......... .......... ..........  2% 82.5M 23s
2026-06-25T21:57:07.0922110Z   3450K .......... .......... .......... .......... ..........  2%  108M 22s
2026-06-25T21:57:07.0929070Z   3500K .......... .......... .......... .......... ..........  2% 95.0M 22s
2026-06-25T21:57:07.0931300Z   3550K .......... .......... .......... .......... ..........  2%  139M 22s
2026-06-25T21:57:07.0935230Z   3600K .......... .......... .......... .......... ..........  2%  111M 21s
2026-06-25T21:57:07.0939340Z   3650K .......... .......... .......... .......... ..........  2%  125M 21s
2026-06-25T21:57:07.0942870Z   3700K .......... .......... .......... .......... ..........  2%  125M 21s
2026-06-25T21:57:07.0948040Z   3750K .......... .......... .......... .......... ..........  2% 99.0M 21s
2026-06-25T21:57:07.0952470Z   3800K .......... .......... .......... .......... ..........  2%  112M 20s
2026-06-25T21:57:07.0956990Z   3850K .......... .......... .......... .......... ..........  2%  102M 20s
2026-06-25T21:57:07.0963770Z   3900K .......... .......... .......... .......... ..........  3% 79.9M 20s
2026-06-25T21:57:07.0966440Z   3950K .......... .......... .......... .......... ..........  3%  150M 20s
2026-06-25T21:57:07.0971520Z   4000K .......... .......... .......... .......... ..........  3% 97.1M 19s
2026-06-25T21:57:07.0975590Z   4050K .......... .......... .......... .......... ..........  3%  125M 19s
2026-06-25T21:57:07.0979900Z   4100K .......... .......... .......... .......... ..........  3%  107M 19s
2026-06-25T21:57:07.0984180Z   4150K .......... .......... .......... .......... ..........  3%  116M 19s
2026-06-25T21:57:07.0990370Z   4200K .......... .......... .......... .......... ..........  3% 79.1M 18s
2026-06-25T21:57:07.0993670Z   4250K .......... .......... .......... .......... ..........  3%  175M 18s
2026-06-25T21:57:07.0997980Z   4300K .......... .......... .......... .......... ..........  3%  111M 18s
2026-06-25T21:57:07.1003540Z   4350K .......... .......... .......... .......... ..........  3% 88.6M 18s
2026-06-25T21:57:07.1006730Z   4400K .......... .......... .......... .......... ..........  3%  128M 18s
2026-06-25T21:57:07.1012010Z   4450K .......... .......... .......... .......... ..........  3%  109M 17s
2026-06-25T21:57:07.1016150Z   4500K .......... .......... .......... .......... ..........  3%  109M 17s
2026-06-25T21:57:07.1019560Z   4550K .......... .......... .......... .......... ..........  3%  135M 17s
2026-06-25T21:57:07.1024870Z   4600K .......... .......... .......... .......... ..........  3% 89.4M 17s
2026-06-25T21:57:07.1029530Z   4650K .......... .......... .......... .......... ..........  3%  114M 17s
2026-06-25T21:57:07.1034250Z   4700K .......... .......... .......... .......... ..........  3%  100M 17s
2026-06-25T21:57:07.1043220Z   4750K .......... .......... .......... .......... ..........  3% 54.5M 16s
2026-06-25T21:57:07.1052310Z   4800K .......... .......... .......... .......... ..........  3% 54.7M 16s
2026-06-25T21:57:07.1066440Z   4850K .......... .......... .......... .......... ..........  3% 34.8M 16s
2026-06-25T21:57:07.1078130Z   4900K .......... .......... .......... .......... ..........  3% 40.5M 16s
2026-06-25T21:57:07.1092620Z   4950K .......... .......... .......... .......... ..........  3% 33.7M 16s
2026-06-25T21:57:07.1104620Z   5000K .......... .......... .......... .......... ..........  3% 40.8M 16s
2026-06-25T21:57:07.1116920Z   5050K .......... .......... .......... .......... ..........  3% 40.3M 16s
2026-06-25T21:57:07.1133750Z   5100K .......... .......... .......... .......... ..........  3% 28.9M 15s
2026-06-25T21:57:07.1152000Z   5150K .......... .......... .......... .......... ..........  3% 27.8M 15s
2026-06-25T21:57:07.1173880Z   5200K .......... .......... .......... .......... ..........  3% 23.5M 15s
2026-06-25T21:57:07.1191600Z   5250K .......... .......... .......... .......... ..........  4% 25.4M 15s
2026-06-25T21:57:07.1209990Z   5300K .......... .......... .......... .......... ..........  4% 26.1M 15s
2026-06-25T21:57:07.1229190Z   5350K .......... .......... .......... .......... ..........  4% 28.0M 15s
2026-06-25T21:57:07.1254850Z   5400K .......... .......... .......... .......... ..........  4% 19.1M 15s
2026-06-25T21:57:07.1258180Z   5450K .......... .......... .......... .......... ..........  4%  110M 15s
2026-06-25T21:57:07.1262650Z   5500K .......... .......... .......... .......... ..........  4% 98.6M 15s
2026-06-25T21:57:07.1268660Z   5550K .......... .......... .......... .......... ..........  4% 84.5M 14s
2026-06-25T21:57:07.1279970Z   5600K .......... .......... .......... .......... ..........  4% 40.6M 14s
2026-06-25T21:57:07.1291270Z   5650K .......... .......... .......... .......... ..........  4% 44.8M 14s
2026-06-25T21:57:07.1304650Z   5700K .......... .......... .......... .......... ..........  4% 35.4M 14s
2026-06-25T21:57:07.1317750Z   5750K .......... .......... .......... .......... ..........  4% 37.7M 14s
2026-06-25T21:57:07.1328150Z   5800K .......... .......... .......... .......... ..........  4% 52.0M 14s
2026-06-25T21:57:07.1336920Z   5850K .......... .......... .......... .......... ..........  4% 50.9M 14s
2026-06-25T21:57:07.1347620Z   5900K .......... .......... .......... .......... ..........  4% 55.4M 14s
2026-06-25T21:57:07.1647560Z   5950K .......... .......... .......... .......... ..........  4% 1.62M 14s
2026-06-25T21:57:07.1655680Z   6000K .......... .......... .......... .......... ..........  4% 55.3M 14s
2026-06-25T21:57:07.1665250Z   6050K .......... .......... .......... .......... ..........  4% 51.5M 14s
2026-06-25T21:57:07.1673430Z   6100K .......... .......... .......... .......... ..........  4% 58.8M 14s
2026-06-25T21:57:07.1683510Z   6150K .......... .......... .......... .......... ..........  4% 52.8M 14s
2026-06-25T21:57:07.1696270Z   6200K .......... .......... .......... .......... ..........  4% 37.1M 14s
2026-06-25T21:57:07.1710610Z   6250K .......... .......... .......... .......... ..........  4% 34.5M 14s
2026-06-25T21:57:07.1733300Z   6300K .......... .......... .......... .......... ..........  4% 28.5M 14s
2026-06-25T21:57:07.1746580Z   6350K .......... .......... .......... .......... ..........  4% 25.6M 13s
2026-06-25T21:57:07.1751930Z   6400K .......... .......... .......... .......... ..........  4%  137M 13s
2026-06-25T21:57:07.1759180Z   6450K .......... .......... .......... .......... ..........  4% 56.7M 13s
2026-06-25T21:57:07.1769500Z   6500K .......... .......... .......... .......... ..........  4% 55.4M 13s
2026-06-25T21:57:07.1775320Z   6550K .......... .......... .......... .......... ..........  5% 61.7M 13s
2026-06-25T21:57:07.1786800Z   6600K .......... .......... .......... .......... ..........  5% 55.4M 13s
2026-06-25T21:57:07.1792090Z   6650K .......... .......... .......... .......... ..........  5% 57.5M 13s
2026-06-25T21:57:07.1802790Z   6700K .......... .......... .......... .......... ..........  5% 46.5M 13s
2026-06-25T21:57:07.1810830Z   6750K .......... .......... .......... .......... ..........  5% 59.6M 13s
2026-06-25T21:57:07.1819820Z   6800K .......... .......... .......... .......... ..........  5% 59.9M 13s
2026-06-25T21:57:07.1833320Z   6850K .......... .......... .......... .......... ..........  5% 38.5M 13s
2026-06-25T21:57:07.1840090Z   6900K .......... .......... .......... .......... ..........  5% 57.9M 13s
2026-06-25T21:57:07.1848800Z   6950K .......... .......... .......... .......... ..........  5% 60.1M 12s
2026-06-25T21:57:07.1856370Z   7000K .......... .......... .......... .......... ..........  5% 59.5M 12s
2026-06-25T21:57:07.1865420Z   7050K .......... .......... .......... .......... ..........  5% 53.1M 12s
2026-06-25T21:57:07.1869850Z   7100K .......... .......... .......... .......... ..........  5%  110M 12s
2026-06-25T21:57:07.1876430Z   7150K .......... .......... .......... .......... ..........  5%  107M 12s
2026-06-25T21:57:07.1881740Z   7200K .......... .......... .......... .......... ..........  5% 65.5M 12s
2026-06-25T21:57:07.1883160Z   7250K .......... .......... .......... .......... ..........  5%  543M 12s
2026-06-25T21:57:07.1889160Z   7300K .......... .......... .......... .......... ..........  5% 77.0M 12s
2026-06-25T21:57:07.1891760Z   7350K .......... .......... .......... .......... ..........  5%  178M 12s
2026-06-25T21:57:07.1895580Z   7400K .......... .......... .......... .......... ..........  5%  131M 12s
2026-06-25T21:57:07.1903020Z   7450K .......... .......... .......... .......... ..........  5% 68.4M 12s
2026-06-25T21:57:07.1907340Z   7500K .......... .......... .......... .......... ..........  5%  164M 12s
2026-06-25T21:57:07.1910280Z   7550K .......... .......... .......... .......... ..........  5%  135M 12s
2026-06-25T21:57:07.1915350Z   7600K .......... .......... .......... .......... ..........  5% 93.7M 11s
2026-06-25T21:57:07.1921550Z   7650K .......... .......... .......... .......... ..........  5% 83.8M 11s
2026-06-25T21:57:07.1925970Z   7700K .......... .......... .......... .......... ..........  5% 90.1M 11s
2026-06-25T21:57:07.1930850Z   7750K .......... .......... .......... .......... ..........  5%  148M 11s
2026-06-25T21:57:07.1932320Z   7800K .......... .......... .......... .......... ..........  5%  241M 11s
2026-06-25T21:57:07.1937510Z   7850K .......... .......... .......... .......... ..........  6% 84.0M 11s
2026-06-25T21:57:07.1941850Z   7900K .......... .......... .......... .......... ..........  6%  126M 11s
2026-06-25T21:57:07.1946860Z   7950K .......... .......... .......... .......... ..........  6% 99.4M 11s
2026-06-25T21:57:07.1951640Z   8000K .......... .......... .......... .......... ..........  6%  120M 11s
2026-06-25T21:57:07.1959260Z   8050K .......... .......... .......... .......... ..........  6% 55.9M 11s
2026-06-25T21:57:07.1965070Z   8100K .......... .......... .......... .......... ..........  6% 95.4M 11s
2026-06-25T21:57:07.1966830Z   8150K .......... .......... .......... .......... ..........  6%  448M 11s
2026-06-25T21:57:07.1969590Z   8200K .......... .......... .......... .......... ..........  6%  144M 11s
2026-06-25T21:57:07.1971570Z   8250K .......... .......... .......... .......... ..........  6%  151M 11s
2026-06-25T21:57:07.1977370Z   8300K .......... .......... .......... .......... ..........  6%  108M 11s
2026-06-25T21:57:07.1980360Z   8350K .......... .......... .......... .......... ..........  6%  119M 10s
2026-06-25T21:57:07.1985150Z   8400K .......... .......... .......... .......... ..........  6%  113M 10s
2026-06-25T21:57:07.1990120Z   8450K .......... .......... .......... .......... ..........  6% 93.0M 10s
2026-06-25T21:57:07.1994080Z   8500K .......... .......... .......... .......... ..........  6%  119M 10s
2026-06-25T21:57:07.1998060Z   8550K .......... .......... .......... .......... ..........  6%  116M 10s
2026-06-25T21:57:07.2003050Z   8600K .......... .......... .......... .......... ..........  6%  121M 10s
2026-06-25T21:57:07.2006760Z   8650K .......... .......... .......... .......... ..........  6%  128M 10s
2026-06-25T21:57:07.2011490Z   8700K .......... .......... .......... .......... ..........  6% 97.5M 10s
2026-06-25T21:57:07.2015910Z   8750K .......... .......... .......... .......... ..........  6%  112M 10s
2026-06-25T21:57:07.2019840Z   8800K .......... .......... .......... .......... ..........  6%  109M 10s
2026-06-25T21:57:07.2025130Z   8850K .......... .......... .......... .......... ..........  6% 88.3M 10s
2026-06-25T21:57:07.2029480Z   8900K .......... .......... .......... .......... ..........  6%  109M 10s
2026-06-25T21:57:07.2035800Z   8950K .......... .......... .......... .......... ..........  6% 81.4M 10s
2026-06-25T21:57:07.2037990Z   9000K .......... .......... .......... .......... ..........  6%  315M 10s
2026-06-25T21:57:07.2045200Z   9050K .......... .......... .......... .......... ..........  6% 67.4M 10s
2026-06-25T21:57:07.2060750Z   9100K .......... .......... .......... .......... ..........  6% 29.9M 10s
2026-06-25T21:57:07.2506920Z   9150K .......... .......... .......... .......... ..........  6% 1.10M 10s
2026-06-25T21:57:07.2509100Z   9200K .......... .......... .......... .......... ..........  7% 98.6M 10s
2026-06-25T21:57:07.2516280Z   9250K .......... .......... .......... .......... ..........  7%  110M 10s
2026-06-25T21:57:07.2517240Z   9300K .......... .......... .......... .......... ..........  7%  179M 10s
2026-06-25T21:57:07.2523870Z   9350K .......... .......... .......... .......... ..........  7% 92.5M 10s
2026-06-25T21:57:07.2524270Z   9400K .......... .......... .......... .......... ..........  7%  163M 10s
2026-06-25T21:57:07.2531620Z   9450K .......... .......... .......... .......... ..........  7% 79.7M 10s
2026-06-25T21:57:07.2534770Z   9500K .......... .......... .......... .......... ..........  7%  108M 10s
2026-06-25T21:57:07.2540300Z   9550K .......... .......... .......... .......... ..........  7%  136M 10s
2026-06-25T21:57:07.2542760Z   9600K .......... .......... .......... .......... ..........  7%  122M 10s
2026-06-25T21:57:07.2546990Z   9650K .......... .......... .......... .......... ..........  7%  114M 10s
2026-06-25T21:57:07.2553630Z   9700K .......... .......... .......... .......... ..........  7% 79.5M 10s
2026-06-25T21:57:07.2557080Z   9750K .......... .......... .......... .......... ..........  7%  174M 10s
2026-06-25T21:57:07.2560080Z   9800K .......... .......... .......... .......... ..........  7%  110M 10s
2026-06-25T21:57:07.2565350Z   9850K .......... .......... .......... .......... ..........  7% 99.0M 9s
2026-06-25T21:57:07.2570960Z   9900K .......... .......... .......... .......... ..........  7%  108M 9s
2026-06-25T21:57:07.2574780Z   9950K .......... .......... .......... .......... ..........  7%  122M 9s
2026-06-25T21:57:07.2577960Z  10000K .......... .......... .......... .......... ..........  7%  119M 9s
2026-06-25T21:57:07.2581410Z  10050K .......... .......... .......... .......... ..........  7%  133M 9s
2026-06-25T21:57:07.2589220Z  10100K .......... .......... .......... .......... ..........  7% 65.4M 9s
2026-06-25T21:57:07.2596570Z  10150K .......... .......... .......... .......... ..........  7% 69.0M 9s
2026-06-25T21:57:07.2600790Z  10200K .......... .......... .......... .......... ..........  7%  176M 9s
2026-06-25T21:57:07.2601630Z  10250K .......... .......... .......... .......... ..........  7%  209M 9s
2026-06-25T21:57:07.2606620Z  10300K .......... .......... .......... .......... ..........  7%  104M 9s
2026-06-25T21:57:07.2613160Z  10350K .......... .......... .......... .......... ..........  7% 84.8M 9s
2026-06-25T21:57:07.2615060Z  10400K .......... .......... .......... .......... ..........  7%  132M 9s
2026-06-25T21:57:07.2624570Z  10450K .......... .......... .......... .......... ..........  7% 63.2M 9s
2026-06-25T21:57:07.2630770Z  10500K .......... .......... .......... .......... ..........  8% 62.6M 9s
2026-06-25T21:57:07.2640630Z  10550K .......... .......... .......... .......... ..........  8% 55.6M 9s
2026-06-25T21:57:07.2649140Z  10600K .......... .......... .......... .......... ..........  8% 54.4M 9s
2026-06-25T21:57:07.2657200Z  10650K .......... .......... .......... .......... ..........  8% 57.4M 9s
2026-06-25T21:57:07.2668160Z  10700K .......... .......... .......... .......... ..........  8% 44.7M 9s
2026-06-25T21:57:07.2733740Z  10750K .......... .......... .......... .......... ..........  8% 76.3M 9s
2026-06-25T21:57:07.3026670Z  10800K .......... .......... .......... .......... ..........  8% 56.6M 9s
2026-06-25T21:57:07.3154480Z  10850K .......... .......... .......... .......... ..........  8% 52.3M 9s
2026-06-25T21:57:07.3287860Z  10900K .......... .......... .......... .......... ..........  8% 35.8M 9s
2026-06-25T21:57:07.3410600Z  10950K .......... .......... .......... .......... ..........  8% 63.9M 9s
2026-06-25T21:57:07.3523620Z  11000K .......... .......... .......... .......... ..........  8% 16.4M 9s
2026-06-25T21:57:07.3624640Z  11050K .......... .......... .......... .......... ..........  8% 6.63M 9s
2026-06-25T21:57:07.3720580Z  11100K .......... .......... .......... .......... ..........  8% 2.64M 9s
2026-06-25T21:57:07.3720940Z  11150K .......... .......... .......... .......... ..........  8%  200M 9s
2026-06-25T21:57:07.3721260Z  11200K .......... .......... .......... .......... ..........  8% 18.8M 9s
2026-06-25T21:57:07.3772170Z  11250K .......... .......... .......... .......... ..........  8%  376M 9s
2026-06-25T21:57:07.3772700Z  11300K .......... .......... .......... .......... ..........  8% 11.2M 9s
2026-06-25T21:57:07.3773130Z  11350K .......... .......... .......... .......... ..........  8%  143M 9s
2026-06-25T21:57:07.3773540Z  11400K .......... .......... .......... .......... ..........  8%  182M 9s
2026-06-25T21:57:07.3774100Z  11450K .......... .......... .......... .......... ..........  8% 97.1M 9s
2026-06-25T21:57:07.3774510Z  11500K .......... .......... .......... .......... ..........  8%  221M 9s
2026-06-25T21:57:07.3775100Z  11550K .......... .......... .......... .......... ..........  8% 67.0M 9s
2026-06-25T21:57:07.3775650Z  11600K .......... .......... .......... .......... ..........  8%  115M 8s
2026-06-25T21:57:07.3776050Z  11650K .......... .......... .......... .......... ..........  8%  268M 8s
2026-06-25T21:57:07.3776790Z  11700K .......... .......... .......... .......... ..........  8%  115M 8s
2026-06-25T21:57:07.3777260Z  11750K .......... .......... .......... .......... ..........  8% 85.4M 8s
2026-06-25T21:57:07.3777680Z  11800K .......... .......... .......... .......... ..........  9% 97.7M 8s
2026-06-25T21:57:07.3778100Z  11850K .......... .......... .......... .......... ..........  9% 27.5M 8s
2026-06-25T21:57:07.3778510Z  11900K .......... .......... .......... .......... ..........  9%  294M 8s
2026-06-25T21:57:07.3778930Z  11950K .......... .......... .......... .......... ..........  9% 61.2M 8s
2026-06-25T21:57:07.3779340Z  12000K .......... .......... .......... .......... ..........  9%  178M 8s
2026-06-25T21:57:07.3779750Z  12050K .......... .......... .......... .......... ..........  9% 50.7M 8s
2026-06-25T21:57:07.3780420Z  12100K .......... .......... .......... .......... ..........  9% 41.2M 8s
2026-06-25T21:57:07.3781600Z  12150K .......... .......... .......... .......... ..........  9% 72.6M 8s
2026-06-25T21:57:07.3782320Z  12200K .......... .......... .......... .......... ..........  9% 94.6M 8s
2026-06-25T21:57:07.3782740Z  12250K .......... .......... .......... .......... ..........  9% 51.8M 8s
2026-06-25T21:57:07.3783150Z  12300K .......... .......... .......... .......... ..........  9% 67.3M 8s
2026-06-25T21:57:07.3783610Z  12350K .......... .......... .......... .......... ..........  9% 67.3M 8s
2026-06-25T21:57:07.3784180Z  12400K .......... .......... .......... .......... ..........  9% 71.8M 8s
2026-06-25T21:57:07.3784850Z  12450K .......... .......... .......... .......... ..........  9% 51.2M 8s
2026-06-25T21:57:07.3785410Z  12500K .......... .......... .......... .......... ..........  9%  509M 8s
2026-06-25T21:57:07.3785960Z  12550K .......... .......... .......... .......... ..........  9%  581M 8s
2026-06-25T21:57:07.3786430Z  12600K .......... .......... .......... .......... ..........  9%  531M 8s
2026-06-25T21:57:07.3786850Z  12650K .......... .......... .......... .......... ..........  9%  603M 8s
2026-06-25T21:57:07.3787390Z  12700K .......... .......... .......... .......... ..........  9%  531M 8s
2026-06-25T21:57:07.3787880Z  12750K .......... .......... .......... .......... ..........  9%  618M 8s
2026-06-25T21:57:07.3788280Z  12800K .......... .......... .......... .......... ..........  9%  610M 8s
2026-06-25T21:57:07.3788690Z  12850K .......... .......... .......... .......... ..........  9%  537M 8s
2026-06-25T21:57:07.3789360Z  12900K .......... .......... .......... .......... ..........  9%  618M 8s
2026-06-25T21:57:07.3789910Z  12950K .......... .......... .......... .......... ..........  9%  537M 8s
2026-06-25T21:57:07.3790330Z  13000K .......... .......... .......... .......... ..........  9%  561M 8s
2026-06-25T21:57:07.3790730Z  13050K .......... .......... .......... .......... ..........  9%  642M 8s
2026-06-25T21:57:07.3791140Z  13100K .......... .......... .......... .......... ..........  9%  561M 8s
2026-06-25T21:57:07.3791550Z  13150K .......... .......... .......... .......... .......... 10%  651M 8s
2026-06-25T21:57:07.3792310Z  13200K .......... .......... .......... .......... .......... 10% 2.64M 8s
2026-06-25T21:57:07.3792720Z  13250K .......... .......... .......... .......... .......... 10% 42.2M 8s
2026-06-25T21:57:07.3793130Z  13300K .......... .......... .......... .......... .......... 10%  163M 8s
2026-06-25T21:57:07.3793550Z  13350K .......... .......... .......... .......... .......... 10% 61.3M 8s
2026-06-25T21:57:07.3793960Z  13400K .......... .......... .......... .......... .......... 10% 48.1M 8s
2026-06-25T21:57:07.3794380Z  13450K .......... .......... .......... .......... .......... 10% 26.4M 8s
2026-06-25T21:57:07.3794790Z  13500K .......... .......... .......... .......... .......... 10% 62.9M 8s
2026-06-25T21:57:07.3795190Z  13550K .......... .......... .......... .......... .......... 10% 58.8M 7s
2026-06-25T21:57:07.3795730Z  13600K .......... .......... .......... .......... .......... 10%  317M 7s
2026-06-25T21:57:07.3796140Z  13650K .......... .......... .......... .......... .......... 10% 71.8M 7s
2026-06-25T21:57:07.3897470Z  13700K .......... .......... .......... .......... .......... 10% 40.1M 7s
2026-06-25T21:57:07.4009310Z  13750K .......... .......... .......... .......... .......... 10% 56.1M 7s
2026-06-25T21:57:07.4112140Z  13800K .......... .......... .......... .......... .......... 10%  121M 7s
2026-06-25T21:57:07.4213190Z  13850K .......... .......... .......... .......... .......... 10% 45.9M 7s
2026-06-25T21:57:07.4314080Z  13900K .......... .......... .......... .......... .......... 10% 65.9M 7s
2026-06-25T21:57:07.4415590Z  13950K .......... .......... .......... .......... .......... 10% 70.6M 7s
2026-06-25T21:57:07.4511390Z  14000K .......... .......... .......... .......... .......... 10% 56.6M 7s
2026-06-25T21:57:07.4612410Z  14050K .......... .......... .......... .......... .......... 10% 88.0M 7s
2026-06-25T21:57:07.4713440Z  14100K .......... .......... .......... .......... .......... 10% 50.3M 7s
2026-06-25T21:57:07.4814790Z  14150K .......... .......... .......... .......... .......... 10% 69.2M 7s
2026-06-25T21:57:07.4917350Z  14200K .......... .......... .......... .......... .......... 10% 55.7M 7s
2026-06-25T21:57:07.5019410Z  14250K .......... .......... .......... .......... .......... 10% 72.4M 7s
2026-06-25T21:57:07.5120870Z  14300K .......... .......... .......... .......... .......... 10% 75.8M 7s
2026-06-25T21:57:07.5214520Z  14350K .......... .......... .......... .......... .......... 10% 57.1M 7s
2026-06-25T21:57:07.5294110Z  14400K .......... .......... .......... .......... .......... 10% 47.0M 7s
2026-06-25T21:57:07.5341310Z  14450K .......... .......... .......... .......... .......... 11% 66.7M 7s
2026-06-25T21:57:07.5390710Z  14500K .......... .......... .......... .......... .......... 11% 83.5M 7s
2026-06-25T21:57:07.5475210Z  14550K .......... .......... .......... .......... .......... 11% 67.3M 7s
2026-06-25T21:57:07.5497200Z  14600K .......... .......... .......... .......... .......... 11% 62.2M 7s
2026-06-25T21:57:07.5523510Z  14650K .......... .......... .......... .......... .......... 11% 47.1M 7s
2026-06-25T21:57:07.5545490Z  14700K .......... .......... .......... .......... .......... 11% 68.9M 7s
2026-06-25T21:57:07.5586720Z  14750K .......... .......... .......... .......... .......... 11% 82.8M 7s
2026-06-25T21:57:07.5602050Z  14800K .......... .......... .......... .......... .......... 11% 56.9M 7s
2026-06-25T21:57:07.5632570Z  14850K .......... .......... .......... .......... .......... 11% 50.1M 7s
2026-06-25T21:57:07.5633170Z  14900K .......... .......... .......... .......... .......... 11% 70.3M 7s
2026-06-25T21:57:07.5633610Z  14950K .......... .......... .......... .......... .......... 11% 50.7M 7s
2026-06-25T21:57:07.5634040Z  15000K .......... .......... .......... .......... .......... 11% 95.4M 7s
2026-06-25T21:57:07.5634460Z  15050K .......... .......... .......... .......... .......... 11% 62.7M 7s
2026-06-25T21:57:07.5635050Z  15100K .......... .......... .......... .......... .......... 11% 4.52M 7s
2026-06-25T21:57:07.5635910Z  15150K .......... .......... .......... .......... .......... 11% 34.1M 7s
2026-06-25T21:57:07.5636950Z  15200K .......... .......... .......... .......... .......... 11%  180M 7s
2026-06-25T21:57:07.5637390Z  15250K .......... .......... .......... .......... .......... 11%  188M 7s
2026-06-25T21:57:07.5637800Z  15300K .......... .......... .......... .......... .......... 11% 78.6M 7s
2026-06-25T21:57:07.5638230Z  15350K .......... .......... .......... .......... .......... 11%  109M 7s
2026-06-25T21:57:07.5638900Z  15400K .......... .......... .......... .......... .......... 11%  359M 7s
2026-06-25T21:57:07.5639310Z  15450K .......... .......... .......... .......... .......... 11%  370M 7s
2026-06-25T21:57:07.5639710Z  15500K .......... .......... .......... .......... .......... 11%  514M 7s
2026-06-25T21:57:07.5640120Z  15550K .......... .......... .......... .......... .......... 11%  319M 7s
2026-06-25T21:57:07.5640530Z  15600K .......... .......... .......... .......... .......... 11%  206M 7s
2026-06-25T21:57:07.5640940Z  15650K .......... .......... .......... .......... .......... 11% 94.6M 7s
2026-06-25T21:57:07.5641340Z  15700K .......... .......... .......... .......... .......... 11%  116M 7s
2026-06-25T21:57:07.5641750Z  15750K .......... .......... .......... .......... .......... 12%  332M 7s
2026-06-25T21:57:07.5642160Z  15800K .......... .......... .......... .......... .......... 12%  301M 7s
2026-06-25T21:57:07.5642570Z  15850K .......... .......... .......... .......... .......... 12%  273M 7s
2026-06-25T21:57:07.5642980Z  15900K .......... .......... .......... .......... .......... 12%  126M 7s
2026-06-25T21:57:07.5643380Z  15950K .......... .......... .......... .......... .......... 12% 84.8M 7s
2026-06-25T21:57:07.5644060Z  16000K .......... .......... .......... .......... .......... 12% 59.1M 7s
2026-06-25T21:57:07.5644490Z  16050K .......... .......... .......... .......... .......... 12%  549M 6s
2026-06-25T21:57:07.5644900Z  16100K .......... .......... .......... .......... .......... 12% 47.7M 6s
2026-06-25T21:57:07.5645240Z  16150K .......... .......... .......... .......... .......... 12% 46.2M 6s
2026-06-25T21:57:07.5645530Z  16200K .......... .......... .......... .......... .......... 12% 51.2M 6s
2026-06-25T21:57:07.5645840Z  16250K .......... .......... .......... .......... .......... 12%  196M 6s
2026-06-25T21:57:07.5646290Z  16300K .......... .......... .......... .......... .......... 12% 77.3M 6s
2026-06-25T21:57:07.5646590Z  16350K .......... .......... .......... .......... .......... 12% 36.6M 6s
2026-06-25T21:57:07.5646890Z  16400K .......... .......... .......... .......... .......... 12% 58.4M 6s
2026-06-25T21:57:07.5647200Z  16450K .......... .......... .......... .......... .......... 12% 98.0M 6s
2026-06-25T21:57:07.5647490Z  16500K .......... .......... .......... .......... .......... 12%  102M 6s
2026-06-25T21:57:07.5647790Z  16550K .......... .......... .......... .......... .......... 12% 30.9M 6s
2026-06-25T21:57:07.5648080Z  16600K .......... .......... .......... .......... .......... 12% 89.3M 6s
2026-06-25T21:57:07.5648390Z  16650K .......... .......... .......... .......... .......... 12%  140M 6s
2026-06-25T21:57:07.5648750Z  16700K .......... .......... .......... .......... .......... 12% 63.8M 6s
2026-06-25T21:57:07.5649050Z  16750K .......... .......... .......... .......... .......... 12% 95.4M 6s
2026-06-25T21:57:07.5649350Z  16800K .......... .......... .......... .......... .......... 12%  305M 6s
2026-06-25T21:57:07.5649650Z  16850K .......... .......... .......... .......... .......... 12%  134M 6s
2026-06-25T21:57:07.5649950Z  16900K .......... .......... .......... .......... .......... 12% 73.4M 6s
2026-06-25T21:57:07.5650250Z  16950K .......... .......... .......... .......... .......... 12% 1.49M 6s
2026-06-25T21:57:07.5650550Z  17000K .......... .......... .......... .......... .......... 12%  202M 6s
2026-06-25T21:57:07.5650850Z  17050K .......... .......... .......... .......... .......... 13%  128M 6s
2026-06-25T21:57:07.5651220Z  17100K .......... .......... .......... .......... .......... 13% 97.1M 6s
2026-06-25T21:57:07.5651510Z  17150K .......... .......... .......... .......... .......... 13% 95.9M 6s
2026-06-25T21:57:07.5651810Z  17200K .......... .......... .......... .......... .......... 13% 98.8M 6s
2026-06-25T21:57:07.5652110Z  17250K .......... .......... .......... .......... .......... 13% 99.6M 6s
2026-06-25T21:57:07.5652410Z  17300K .......... .......... .......... .......... .......... 13%  194M 6s
2026-06-25T21:57:07.5652720Z  17350K .......... .......... .......... .......... .......... 13%  104M 6s
2026-06-25T21:57:07.5653030Z  17400K .......... .......... .......... .......... .......... 13%  159M 6s
2026-06-25T21:57:07.5653340Z  17450K .......... .......... .......... .......... .......... 13% 81.2M 6s
2026-06-25T21:57:07.5653650Z  17500K .......... .......... .......... .......... .......... 13%  109M 6s
2026-06-25T21:57:07.5653960Z  17550K .......... .......... .......... .......... .......... 13% 76.5M 6s
2026-06-25T21:57:07.5654270Z  17600K .......... .......... .......... .......... .......... 13% 73.8M 6s
2026-06-25T21:57:07.5654580Z  17650K .......... .......... .......... .......... .......... 13%  103M 6s
2026-06-25T21:57:07.5654900Z  17700K .......... .......... .......... .......... .......... 13% 50.0M 6s
2026-06-25T21:57:07.5655260Z  17750K .......... .......... .......... .......... .......... 13%  107M 6s
2026-06-25T21:57:07.5655570Z  17800K .......... .......... .......... .......... .......... 13% 27.0M 6s
2026-06-25T21:57:07.5655870Z  17850K .......... .......... .......... .......... .......... 13% 54.6M 6s
2026-06-25T21:57:07.5656170Z  17900K .......... .......... .......... .......... .......... 13%  404M 6s
2026-06-25T21:57:07.5656710Z  17950K .......... .......... .......... .......... .......... 13%  110M 6s
2026-06-25T21:57:07.5662040Z  18000K .......... .......... .......... .......... .......... 13%  354M 6s
2026-06-25T21:57:07.5662390Z  18050K .......... .......... .......... .......... .......... 13%  397M 6s
2026-06-25T21:57:07.5662700Z  18100K .......... .......... .......... .......... .......... 13%  167M 6s
2026-06-25T21:57:07.5663000Z  18150K .......... .......... .......... .......... .......... 13%  470M 6s
2026-06-25T21:57:07.5663300Z  18200K .......... .......... .......... .......... .......... 13%  120M 6s
2026-06-25T21:57:07.5663720Z  18250K .......... .......... .......... .......... .......... 13%  119M 6s
2026-06-25T21:57:07.5664030Z  18300K .......... .......... .......... .......... .......... 13%  133M 6s
2026-06-25T21:57:07.5664330Z  18350K .......... .......... .......... .......... .......... 13% 83.0M 6s
2026-06-25T21:57:07.5664630Z  18400K .......... .......... .......... .......... .......... 14% 90.9M 6s
2026-06-25T21:57:07.5665010Z  18450K .......... .......... .......... .......... .......... 14% 75.2M 6s
2026-06-25T21:57:07.5665320Z  18500K .......... .......... .......... .......... .......... 14%  110M 6s
2026-06-25T21:57:07.5665620Z  18550K .......... .......... .......... .......... .......... 14%  163M 6s
2026-06-25T21:57:07.5665930Z  18600K .......... .......... .......... .......... .......... 14% 52.7M 6s
2026-06-25T21:57:07.5666220Z  18650K .......... .......... .......... .......... .......... 14% 65.8M 6s
2026-06-25T21:57:07.5666520Z  18700K .......... .......... .......... .......... .......... 14% 45.4M 6s
2026-06-25T21:57:07.5666820Z  18750K .......... .......... .......... .......... .......... 14% 72.0M 6s
2026-06-25T21:57:07.5667120Z  18800K .......... .......... .......... .......... .......... 14% 57.9M 6s
2026-06-25T21:57:07.5667420Z  18850K .......... .......... .......... .......... .......... 14% 52.6M 6s
2026-06-25T21:57:07.5667710Z  18900K .......... .......... .......... .......... .......... 14% 56.8M 6s
2026-06-25T21:57:07.5668010Z  18950K .......... .......... .......... .......... .......... 14% 39.0M 6s
2026-06-25T21:57:07.5668310Z  19000K .......... .......... .......... .......... .......... 14% 34.9M 6s
2026-06-25T21:57:07.5668690Z  19050K .......... .......... .......... .......... .......... 14% 44.6M 6s
2026-06-25T21:57:07.5668990Z  19100K .......... .......... .......... .......... .......... 14% 36.0M 6s
2026-06-25T21:57:07.5669290Z  19150K .......... .......... .......... .......... .......... 14% 4.17M 6s
2026-06-25T21:57:07.5669590Z  19200K .......... .......... .......... .......... .......... 14% 53.2M 6s
2026-06-25T21:57:07.5669880Z  19250K .......... .......... .......... .......... .......... 14% 55.1M 6s
2026-06-25T21:57:07.5670180Z  19300K .......... .......... .......... .......... .......... 14% 68.5M 6s
2026-06-25T21:57:07.5670480Z  19350K .......... .......... .......... .......... .......... 14% 46.9M 6s
2026-06-25T21:57:07.5670780Z  19400K .......... .......... .......... .......... .......... 14% 56.3M 6s
2026-06-25T21:57:07.5671080Z  19450K .......... .......... .......... .......... .......... 14% 38.8M 6s
2026-06-25T21:57:07.5671380Z  19500K .......... .......... .......... .......... .......... 14% 43.2M 6s
2026-06-25T21:57:07.5671890Z  19550K .......... .......... .......... .......... .......... 14% 41.1M 6s
2026-06-25T21:57:07.5672320Z  19600K .......... .......... .......... .......... .......... 14% 54.9M 6s
2026-06-25T21:57:07.5672630Z  19650K .......... .......... .......... .......... .......... 14% 51.2M 6s
2026-06-25T21:57:07.5672940Z  19700K .......... .......... .......... .......... .......... 15% 52.6M 6s
2026-06-25T21:57:07.5673240Z  19750K .......... .......... .......... .......... .......... 15% 55.4M 6s
2026-06-25T21:57:07.5673540Z  19800K .......... .......... .......... .......... .......... 15% 61.2M 6s
2026-06-25T21:57:07.5673840Z  19850K .......... .......... .......... .......... .......... 15% 33.9M 6s
2026-06-25T21:57:07.5674140Z  19900K .......... .......... .......... .......... .......... 15% 45.0M 6s
2026-06-25T21:57:07.5674430Z  19950K .......... .......... .......... .......... .......... 15% 39.6M 6s
2026-06-25T21:57:07.5674730Z  20000K .......... .......... .......... .......... .......... 15% 55.9M 6s
2026-06-25T21:57:07.5675030Z  20050K .......... .......... .......... .......... .......... 15% 53.7M 6s
2026-06-25T21:57:07.5675330Z  20100K .......... .......... .......... .......... .......... 15% 51.3M 6s
2026-06-25T21:57:07.5675630Z  20150K .......... .......... .......... .......... .......... 15% 68.7M 6s
2026-06-25T21:57:07.5676130Z  20200K .......... .......... .......... .......... .......... 15% 64.3M 6s
2026-06-25T21:57:07.5676440Z  20250K .......... .......... .......... .......... .......... 15% 59.9M 6s
2026-06-25T21:57:07.5676740Z  20300K .......... .......... .......... .......... .......... 15% 56.0M 6s
2026-06-25T21:57:07.5677040Z  20350K .......... .......... .......... .......... .......... 15% 50.3M 6s
2026-06-25T21:57:07.5677340Z  20400K .......... .......... .......... .......... .......... 15% 67.5M 5s
2026-06-25T21:57:07.5677630Z  20450K .......... .......... .......... .......... .......... 15% 40.7M 5s
2026-06-25T21:57:07.5677930Z  20500K .......... .......... .......... .......... .......... 15% 76.2M 5s
2026-06-25T21:57:07.5678230Z  20550K .......... .......... .......... .......... .......... 15% 59.8M 5s
2026-06-25T21:57:07.5678530Z  20600K .......... .......... .......... .......... .......... 15% 60.7M 5s
2026-06-25T21:57:07.5678830Z  20650K .......... .......... .......... .......... .......... 15% 76.9M 5s
2026-06-25T21:57:07.5679130Z  20700K .......... .......... .......... .......... .......... 15% 56.3M 5s
2026-06-25T21:57:07.5679430Z  20750K .......... .......... .......... .......... .......... 15% 63.6M 5s
2026-06-25T21:57:07.5679730Z  20800K .......... .......... .......... .......... .......... 15% 53.5M 5s
2026-06-25T21:57:07.5680020Z  20850K .......... .......... .......... .......... .......... 15% 30.9M 5s
2026-06-25T21:57:07.5680330Z  20900K .......... .......... .......... .......... .......... 15%  237M 5s
2026-06-25T21:57:07.5680620Z  20950K .......... .......... .......... .......... .......... 15% 47.2M 5s
2026-06-25T21:57:07.5680980Z  21000K .......... .......... .......... .......... .......... 16% 2.76M 5s
2026-06-25T21:57:07.5681280Z  21050K .......... .......... .......... .......... .......... 16% 50.9M 5s
2026-06-25T21:57:07.5681580Z  21100K .......... .......... .......... .......... .......... 16% 77.8M 5s
2026-06-25T21:57:07.5681870Z  21150K .......... .......... .......... .......... .......... 16% 77.5M 5s
2026-06-25T21:57:07.5682170Z  21200K .......... .......... .......... .......... .......... 16% 46.3M 5s
2026-06-25T21:57:07.5682470Z  21250K .......... .......... .......... .......... .......... 16% 69.5M 5s
2026-06-25T21:57:07.5682770Z  21300K .......... .......... .......... .......... .......... 16% 67.7M 5s
2026-06-25T21:57:07.5683070Z  21350K .......... .......... .......... .......... .......... 16% 63.7M 5s
2026-06-25T21:57:07.5683380Z  21400K .......... .......... .......... .......... .......... 16% 74.8M 5s
2026-06-25T21:57:07.5683680Z  21450K .......... .......... .......... .......... .......... 16% 48.0M 5s
2026-06-25T21:57:07.5683990Z  21500K .......... .......... .......... .......... .......... 16% 71.6M 5s
2026-06-25T21:57:07.5684300Z  21550K .......... .......... .......... .......... .......... 16% 62.8M 5s
2026-06-25T21:57:07.5684600Z  21600K .......... .......... .......... .......... .......... 16% 50.1M 5s
2026-06-25T21:57:07.5684910Z  21650K .......... .......... .......... .......... .......... 16%  103M 5s
2026-06-25T21:57:07.5685210Z  21700K .......... .......... .......... .......... .......... 16% 47.8M 5s
2026-06-25T21:57:07.5685530Z  21750K .......... .......... .......... .......... .......... 16% 78.1M 5s
2026-06-25T21:57:07.5685840Z  21800K .......... .......... .......... .......... .......... 16% 70.3M 5s
2026-06-25T21:57:07.5686140Z  21850K .......... .......... .......... .......... .......... 16% 64.8M 5s
2026-06-25T21:57:07.5686430Z  21900K .......... .......... .......... .......... .......... 16% 67.5M 5s
2026-06-25T21:57:07.5686730Z  21950K .......... .......... .......... .......... .......... 16% 87.3M 5s
2026-06-25T21:57:07.5687030Z  22000K .......... .......... .......... .......... .......... 16% 74.2M 5s
2026-06-25T21:57:07.5687330Z  22050K .......... .......... .......... .......... .......... 16%  200M 5s
2026-06-25T21:57:07.5687630Z  22100K .......... .......... .......... .......... .......... 16% 86.4M 5s
2026-06-25T21:57:07.5688170Z  22150K .......... .......... .......... .......... .......... 16% 63.3M 5s
2026-06-25T21:57:07.5688490Z  22200K .......... .......... .......... .......... .......... 16%  115M 5s
2026-06-25T21:57:07.5688790Z  22250K .......... .......... .......... .......... .......... 16% 89.8M 5s
2026-06-25T21:57:07.5689090Z  22300K .......... .......... .......... .......... .......... 16% 58.8M 5s
2026-06-25T21:57:07.5689390Z  22350K .......... .......... .......... .......... .......... 17% 45.8M 5s
2026-06-25T21:57:07.5689680Z  22400K .......... .......... .......... .......... .......... 17% 79.5M 5s
2026-06-25T21:57:07.5689980Z  22450K .......... .......... .......... .......... .......... 17% 38.1M 5s
2026-06-25T21:57:07.5690300Z  22500K .......... .......... .......... .......... .......... 17% 47.5M 5s
2026-06-25T21:57:07.5690610Z  22550K .......... .......... .......... .......... .......... 17% 50.7M 5s
2026-06-25T21:57:07.5690910Z  22600K .......... .......... .......... .......... .......... 17% 45.8M 5s
2026-06-25T21:57:07.5691210Z  22650K .......... .......... .......... .......... .......... 17% 59.5M 5s
2026-06-25T21:57:07.5691520Z  22700K .......... .......... .......... .......... .......... 17% 43.5M 5s
2026-06-25T21:57:07.5691830Z  22750K .......... .......... .......... .......... .......... 17% 60.5M 5s
2026-06-25T21:57:07.5692140Z  22800K .......... .......... .......... .......... .......... 17% 63.1M 5s
2026-06-25T21:57:07.5692440Z  22850K .......... .......... .......... .......... .......... 17% 45.1M 5s
2026-06-25T21:57:07.5692760Z  22900K .......... .......... .......... .......... .......... 17% 54.0M 5s
2026-06-25T21:57:07.5693160Z  22950K .......... .......... .......... .......... .......... 17% 39.6M 5s
2026-06-25T21:57:07.5693460Z  23000K .......... .......... .......... .......... .......... 17% 64.2M 5s
2026-06-25T21:57:07.5710630Z  23050K .......... .......... .......... .......... .......... 17% 3.16M 5s
2026-06-25T21:57:07.5714130Z  23100K .......... .......... .......... .......... .......... 17%  114M 5s
2026-06-25T21:57:07.5721180Z  23150K .......... .......... .......... .......... .......... 17%  107M 5s
2026-06-25T21:57:07.5726270Z  23200K .......... .......... .......... .......... .......... 17% 69.8M 5s
2026-06-25T21:57:07.5731600Z  23250K .......... .......... .......... .......... .......... 17% 86.4M 5s
2026-06-25T21:57:07.5734370Z  23300K .......... .......... .......... .......... .......... 17%  160M 5s
2026-06-25T21:57:07.5740050Z  23350K .......... .......... .......... .......... .......... 17%  107M 5s
2026-06-25T21:57:07.5742530Z  23400K .......... .......... .......... .......... .......... 17%  170M 5s
2026-06-25T21:57:07.5748250Z  23450K .......... .......... .......... .......... .......... 17% 79.1M 5s
2026-06-25T21:57:07.5753870Z  23500K .......... .......... .......... .......... .......... 17% 91.6M 5s
2026-06-25T21:57:07.5770640Z  23550K .......... .......... .......... .......... .......... 17% 29.2M 5s
2026-06-25T21:57:07.5774440Z  23600K .......... .......... .......... .......... .......... 17%  124M 5s
2026-06-25T21:57:07.5779660Z  23650K .......... .......... .......... .......... .......... 18% 88.8M 5s
2026-06-25T21:57:07.5782500Z  23700K .......... .......... .......... .......... .......... 18%  160M 5s
2026-06-25T21:57:07.5784070Z  23750K .......... .......... .......... .......... .......... 18%  303M 5s
2026-06-25T21:57:07.5787080Z  23800K .......... .......... .......... .......... .......... 18%  233M 5s
2026-06-25T21:57:07.5794270Z  23850K .......... .......... .......... .......... .......... 18% 69.6M 5s
2026-06-25T21:57:07.5796730Z  23900K .......... .......... .......... .......... .......... 18%  289M 5s
2026-06-25T21:57:07.5801510Z  23950K .......... .......... .......... .......... .......... 18%  103M 5s
2026-06-25T21:57:07.5803590Z  24000K .......... .......... .......... .......... .......... 18%  206M 5s
2026-06-25T21:57:07.5805900Z  24050K .......... .......... .......... .......... .......... 18%  227M 5s
2026-06-25T21:57:07.5811970Z  24100K .......... .......... .......... .......... .......... 18% 66.3M 5s
2026-06-25T21:57:07.5813270Z  24150K .......... .......... .......... .......... .......... 18%  298M 5s
2026-06-25T21:57:07.5816090Z  24200K .......... .......... .......... .......... .......... 18%  170M 5s
2026-06-25T21:57:07.5822520Z  24250K .......... .......... .......... .......... .......... 18% 86.3M 5s
2026-06-25T21:57:07.5824460Z  24300K .......... .......... .......... .......... .......... 18%  186M 5s
2026-06-25T21:57:07.5829800Z  24350K .......... .......... .......... .......... .......... 18%  127M 5s
2026-06-25T21:57:07.5836390Z  24400K .......... .......... .......... .......... .......... 18% 75.2M 5s
2026-06-25T21:57:07.5836950Z  24450K .......... .......... .......... .......... .......... 18%  236M 5s
2026-06-25T21:57:07.5841790Z  24500K .......... .......... .......... .......... .......... 18% 99.9M 5s
2026-06-25T21:57:07.5848840Z  24550K .......... .......... .......... .......... .......... 18% 81.5M 5s
2026-06-25T21:57:07.5854080Z  24600K .......... .......... .......... .......... .......... 18% 82.3M 5s
2026-06-25T21:57:07.5857840Z  24650K .......... .......... .......... .......... .......... 18%  137M 5s
2026-06-25T21:57:07.5865240Z  24700K .......... .......... .......... .......... .......... 18% 68.8M 5s
2026-06-25T21:57:07.5866560Z  24750K .......... .......... .......... .......... .......... 18%  213M 5s
2026-06-25T21:57:07.5868670Z  24800K .......... .......... .......... .......... .......... 18%  268M 5s
2026-06-25T21:57:07.5873730Z  24850K .......... .......... .......... .......... .......... 18%  117M 5s
2026-06-25T21:57:07.5878190Z  24900K .......... .......... .......... .......... .......... 18%  112M 5s
2026-06-25T21:57:07.5882730Z  24950K .......... .......... .......... .......... .......... 19% 82.8M 5s
2026-06-25T21:57:07.6174210Z  25000K .......... .......... .......... .......... .......... 19% 1.69M 5s
2026-06-25T21:57:07.6176130Z  25050K .......... .......... .......... .......... .......... 19%  168M 5s
2026-06-25T21:57:07.6181050Z  25100K .......... .......... .......... .......... .......... 19%  141M 5s
2026-06-25T21:57:07.6183280Z  25150K .......... .......... .......... .......... .......... 19%  106M 5s
2026-06-25T21:57:07.6188780Z  25200K .......... .......... .......... .......... .......... 19%  100M 5s
2026-06-25T21:57:07.6193980Z  25250K .......... .......... .......... .......... .......... 19% 88.5M 5s
2026-06-25T21:57:07.6197620Z  25300K .......... .......... .......... .......... .......... 19%  155M 5s
2026-06-25T21:57:07.6202130Z  25350K .......... .......... .......... .......... .......... 19%  103M 5s
2026-06-25T21:57:07.6208310Z  25400K .......... .......... .......... .......... .......... 19% 92.3M 5s
2026-06-25T21:57:07.6209380Z  25450K .......... .......... .......... .......... .......... 19%  222M 5s
2026-06-25T21:57:07.6213540Z  25500K .......... .......... .......... .......... .......... 19%  114M 5s
2026-06-25T21:57:07.6222130Z  25550K .......... .......... .......... .......... .......... 19% 58.1M 5s
2026-06-25T21:57:07.6231630Z  25600K .......... .......... .......... .......... .......... 19% 50.0M 5s
2026-06-25T21:57:07.6240580Z  25650K .......... .......... .......... .......... .......... 19% 54.9M 5s
2026-06-25T21:57:07.6250600Z  25700K .......... .......... .......... .......... .......... 19% 51.0M 5s
2026-06-25T21:57:07.6262320Z  25750K .......... .......... .......... .......... .......... 19% 49.7M 5s
2026-06-25T21:57:07.6267810Z  25800K .......... .......... .......... .......... .......... 19% 68.2M 5s
2026-06-25T21:57:07.6276090Z  25850K .......... .......... .......... .......... .......... 19% 56.3M 5s
2026-06-25T21:57:07.6283540Z  25900K .......... .......... .......... .......... .......... 19% 66.7M 5s
2026-06-25T21:57:07.6293710Z  25950K .......... .......... .......... .......... .......... 19% 50.5M 5s
2026-06-25T21:57:07.6301030Z  26000K .......... .......... .......... .......... .......... 19% 62.2M 5s
2026-06-25T21:57:07.6308240Z  26050K .......... .......... .......... .......... .......... 19% 68.4M 5s
2026-06-25T21:57:07.6316550Z  26100K .......... .......... .......... .......... .......... 19% 57.2M 5s
2026-06-25T21:57:07.6325100Z  26150K .......... .......... .......... .......... .......... 19% 55.5M 5s
2026-06-25T21:57:07.6333640Z  26200K .......... .......... .......... .......... .......... 19% 57.7M 5s
2026-06-25T21:57:07.6340600Z  26250K .......... .......... .......... .......... .......... 19% 84.6M 5s
2026-06-25T21:57:07.6347300Z  26300K .......... .......... .......... .......... .......... 20% 61.5M 5s
2026-06-25T21:57:07.6355730Z  26350K .......... .......... .......... .......... .......... 20% 72.8M 5s
2026-06-25T21:57:07.6362730Z  26400K .......... .......... .......... .......... .......... 20% 56.6M 5s
2026-06-25T21:57:07.6370110Z  26450K .......... .......... .......... .......... .......... 20% 66.3M 5s
2026-06-25T21:57:07.6379610Z  26500K .......... .......... .......... .......... .......... 20% 53.6M 5s
2026-06-25T21:57:07.6390200Z  26550K .......... .......... .......... .......... .......... 20% 47.2M 5s
2026-06-25T21:57:07.6402130Z  26600K .......... .......... .......... .......... .......... 20% 38.4M 5s
2026-06-25T21:57:07.6414400Z  26650K .......... .......... .......... .......... .......... 20% 41.5M 5s
2026-06-25T21:57:07.6432030Z  26700K .......... .......... .......... .......... .......... 20% 28.2M 5s
2026-06-25T21:57:07.6439200Z  26750K .......... .......... .......... .......... .......... 20% 66.3M 5s
2026-06-25T21:57:07.6585670Z  26800K .......... .......... .......... .......... .......... 20% 3.34M 5s
2026-06-25T21:57:07.6594230Z  26850K .......... .......... .......... .......... .......... 20% 63.1M 5s
2026-06-25T21:57:07.6597510Z  26900K .......... .......... .......... .......... .......... 20% 96.9M 5s
2026-06-25T21:57:07.6606800Z  26950K .......... .......... .......... .......... .......... 20% 55.1M 5s
2026-06-25T21:57:07.6616730Z  27000K .......... .......... .......... .......... .......... 20% 51.8M 5s
2026-06-25T21:57:07.6623540Z  27050K .......... .......... .......... .......... .......... 20% 63.7M 5s
2026-06-25T21:57:07.6633110Z  27100K .......... .......... .......... .......... .......... 20% 53.1M 5s
2026-06-25T21:57:07.6641940Z  27150K .......... .......... .......... .......... .......... 20% 60.6M 5s
2026-06-25T21:57:07.6650700Z  27200K .......... .......... .......... .......... .......... 20% 52.2M 5s
2026-06-25T21:57:07.6657210Z  27250K .......... .......... .......... .......... .......... 20% 68.7M 5s
2026-06-25T21:57:07.6664540Z  27300K .......... .......... .......... .......... .......... 20% 84.5M 5s
2026-06-25T21:57:07.6669330Z  27350K .......... .......... .......... .......... .......... 20% 89.8M 4s
2026-06-25T21:57:07.6673640Z  27400K .......... .......... .......... .......... .......... 20%  100M 4s
2026-06-25T21:57:07.6678300Z  27450K .......... .......... .......... .......... .......... 20%  148M 4s
2026-06-25T21:57:07.6685750Z  27500K .......... .......... .......... .......... .......... 20% 71.4M 4s
2026-06-25T21:57:07.6692050Z  27550K .......... .......... .......... .......... .......... 20% 57.4M 4s
2026-06-25T21:57:07.6698810Z  27600K .......... .......... .......... .......... .......... 21% 90.1M 4s
2026-06-25T21:57:07.6700400Z  27650K .......... .......... .......... .......... .......... 21%  180M 4s
2026-06-25T21:57:07.6702800Z  27700K .......... .......... .......... .......... .......... 21%  205M 4s
2026-06-25T21:57:07.6706790Z  27750K .......... .......... .......... .......... .......... 21%  115M 4s
2026-06-25T21:57:07.6710710Z  27800K .......... .......... .......... .......... .......... 21%  122M 4s
2026-06-25T21:57:07.6716200Z  27850K .......... .......... .......... .......... .......... 21%  105M 4s
2026-06-25T21:57:07.6719860Z  27900K .......... .......... .......... .......... .......... 21%  108M 4s
2026-06-25T21:57:07.6725990Z  27950K .......... .......... .......... .......... .......... 21% 90.8M 4s
2026-06-25T21:57:07.6730260Z  28000K .......... .......... .......... .......... .......... 21%  213M 4s
2026-06-25T21:57:07.6734180Z  28050K .......... .......... .......... .......... .......... 21% 84.0M 4s
2026-06-25T21:57:07.6737040Z  28100K .......... .......... .......... .......... .......... 21%  131M 4s
2026-06-25T21:57:07.6741750Z  28150K .......... .......... .......... .......... .......... 21%  136M 4s
2026-06-25T21:57:07.6746700Z  28200K .......... .......... .......... .......... .......... 21% 89.1M 4s
2026-06-25T21:57:07.6750200Z  28250K .......... .......... .......... .......... .......... 21%  129M 4s
2026-06-25T21:57:07.6754390Z  28300K .......... .......... .......... .......... .......... 21%  125M 4s
2026-06-25T21:57:07.6760000Z  28350K .......... .......... .......... .......... .......... 21% 93.4M 4s
2026-06-25T21:57:07.6763250Z  28400K .......... .......... .......... .......... .......... 21%  122M 4s
2026-06-25T21:57:07.6770840Z  28450K .......... .......... .......... .......... .......... 21% 63.1M 4s
2026-06-25T21:57:07.6776550Z  28500K .......... .......... .......... .......... .......... 21% 86.4M 4s
2026-06-25T21:57:07.6778350Z  28550K .......... .......... .......... .......... .......... 21%  537M 4s
2026-06-25T21:57:07.6782530Z  28600K .......... .......... .......... .......... .......... 21%  162M 4s
2026-06-25T21:57:07.6785910Z  28650K .......... .......... .......... .......... .......... 21%  100M 4s
2026-06-25T21:57:07.6789680Z  28700K .......... .......... .......... .......... .......... 21%  115M 4s
2026-06-25T21:57:07.6795660Z  28750K .......... .......... .......... .......... .......... 21% 81.4M 4s
2026-06-25T21:57:07.6799630Z  28800K .......... .......... .......... .......... .......... 21%  199M 4s
2026-06-25T21:57:07.6802940Z  28850K .......... .......... .......... .......... .......... 21%  133M 4s
2026-06-25T21:57:07.6808300Z  28900K .......... .......... .......... .......... .......... 22% 78.4M 4s
2026-06-25T21:57:07.6812590Z  28950K .......... .......... .......... .......... .......... 22%  150M 4s
2026-06-25T21:57:07.7103600Z  29000K .......... .......... .......... .......... .......... 22% 1.68M 4s
2026-06-25T21:57:07.7107430Z  29050K .......... .......... .......... .......... .......... 22%  101M 4s
2026-06-25T21:57:07.7116530Z  29100K .......... .......... .......... .......... .......... 22% 62.8M 4s
2026-06-25T21:57:07.7122380Z  29150K .......... .......... .......... .......... .......... 22% 70.7M 4s
2026-06-25T21:57:07.7126050Z  29200K .......... .......... .......... .......... .......... 22%  118M 4s
2026-06-25T21:57:07.7132860Z  29250K .......... .......... .......... .......... .......... 22% 73.3M 4s
2026-06-25T21:57:07.7150780Z  29300K .......... .......... .......... .......... .......... 22% 27.8M 4s
2026-06-25T21:57:07.7154220Z  29350K .......... .......... .......... .......... .......... 22%  145M 4s
2026-06-25T21:57:07.7154630Z  29400K .......... .......... .......... .......... .......... 22%  555M 4s
2026-06-25T21:57:07.7156870Z  29450K .......... .......... .......... .......... .......... 22%  452M 4s
2026-06-25T21:57:07.7157700Z  29500K .......... .......... .......... .......... .......... 22%  218M 4s
2026-06-25T21:57:07.7164020Z  29550K .......... .......... .......... .......... .......... 22% 85.1M 4s
2026-06-25T21:57:07.7166980Z  29600K .......... .......... .......... .......... .......... 22%  217M 4s
2026-06-25T21:57:07.7171390Z  29650K .......... .......... .......... .......... .......... 22%  112M 4s
2026-06-25T21:57:07.7176380Z  29700K .......... .......... .......... .......... .......... 22% 90.8M 4s
2026-06-25T21:57:07.7182240Z  29750K .......... .......... .......... .......... .......... 22%  110M 4s
2026-06-25T21:57:07.7185270Z  29800K .......... .......... .......... .......... .......... 22% 90.9M 4s
2026-06-25T21:57:07.7189060Z  29850K .......... .......... .......... .......... .......... 22%  127M 4s
2026-06-25T21:57:07.7194730Z  29900K .......... .......... .......... .......... .......... 22%  108M 4s
2026-06-25T21:57:07.7198580Z  29950K .......... .......... .......... .......... .......... 22%  119M 4s
2026-06-25T21:57:07.7201070Z  30000K .......... .......... .......... .......... .......... 22%  150M 4s
2026-06-25T21:57:07.7206280Z  30050K .......... .......... .......... .......... .......... 22%  102M 4s
2026-06-25T21:57:07.7211540Z  30100K .......... .......... .......... .......... .......... 22% 89.1M 4s
2026-06-25T21:57:07.7214670Z  30150K .......... .......... .......... .......... .......... 22%  230M 4s
2026-06-25T21:57:07.7229440Z  30200K .......... .......... .......... .......... .......... 23% 79.8M 4s
2026-06-25T21:57:07.7230880Z  30250K .......... .......... .......... .......... .......... 23%  141M 4s
2026-06-25T21:57:07.7231370Z  30300K .......... .......... .......... .......... .......... 23% 94.8M 4s
2026-06-25T21:57:07.7231890Z  30350K .......... .......... .......... .......... .......... 23%  148M 4s
2026-06-25T21:57:07.7235880Z  30400K .......... .......... .......... .......... .......... 23%  141M 4s
2026-06-25T21:57:07.7241660Z  30450K .......... .......... .......... .......... .......... 23% 72.2M 4s
2026-06-25T21:57:07.7246830Z  30500K .......... .......... .......... .......... .......... 23% 97.9M 4s
2026-06-25T21:57:07.7251340Z  30550K .......... .......... .......... .......... .......... 23%  114M 4s
2026-06-25T21:57:07.7256000Z  30600K .......... .......... .......... .......... .......... 23%  107M 4s
2026-06-25T21:57:07.7261530Z  30650K .......... .......... .......... .......... .......... 23% 84.2M 4s
2026-06-25T21:57:07.7269920Z  30700K .......... .......... .......... .......... .......... 23% 78.0M 4s
2026-06-25T21:57:07.7273170Z  30750K .......... .......... .......... .......... .......... 23% 87.5M 4s
2026-06-25T21:57:07.7504540Z  30800K .......... .......... .......... .......... .......... 23% 2.13M 4s
2026-06-25T21:57:07.7512280Z  30850K .......... .......... .......... .......... .......... 23% 51.3M 4s
2026-06-25T21:57:07.7518250Z  30900K .......... .......... .......... .......... .......... 23% 73.8M 4s
2026-06-25T21:57:07.7528290Z  30950K .......... .......... .......... .......... .......... 23% 49.9M 4s
2026-06-25T21:57:07.7537870Z  31000K .......... .......... .......... .......... .......... 23% 56.0M 4s
2026-06-25T21:57:07.7546400Z  31050K .......... .......... .......... .......... .......... 23% 52.3M 4s
2026-06-25T21:57:07.7553150Z  31100K .......... .......... .......... .......... .......... 23% 69.4M 4s
2026-06-25T21:57:07.7560720Z  31150K .......... .......... .......... .......... .......... 23% 69.2M 4s
2026-06-25T21:57:07.7568840Z  31200K .......... .......... .......... .......... .......... 23% 56.8M 4s
2026-06-25T21:57:07.7576300Z  31250K .......... .......... .......... .......... .......... 23% 64.3M 4s
2026-06-25T21:57:07.7584900Z  31300K .......... .......... .......... .......... .......... 23% 60.1M 4s
2026-06-25T21:57:07.7590300Z  31350K .......... .......... .......... .......... .......... 23% 86.3M 4s
2026-06-25T21:57:07.7594500Z  31400K .......... .......... .......... .......... .......... 23%  110M 4s
2026-06-25T21:57:07.7605540Z  31450K .......... .......... .......... .......... .......... 23% 45.3M 4s
2026-06-25T21:57:07.7616000Z  31500K .......... .......... .......... .......... .......... 23% 60.0M 4s
2026-06-25T21:57:07.7619590Z  31550K .......... .......... .......... .......... .......... 24% 87.3M 4s
2026-06-25T21:57:07.7623240Z  31600K .......... .......... .......... .......... .......... 24%  114M 4s
2026-06-25T21:57:07.7636160Z  31650K .......... .......... .......... .......... .......... 24% 44.8M 4s
2026-06-25T21:57:07.7644200Z  31700K .......... .......... .......... .......... .......... 24% 50.2M 4s
2026-06-25T21:57:07.7648730Z  31750K .......... .......... .......... .......... .......... 24%  106M 4s
2026-06-25T21:57:07.7652730Z  31800K .......... .......... .......... .......... .......... 24%  113M 4s
2026-06-25T21:57:07.7670650Z  31850K .......... .......... .......... .......... .......... 24% 30.5M 4s
2026-06-25T21:57:07.7677000Z  31900K .......... .......... .......... .......... .......... 24% 67.2M 4s
2026-06-25T21:57:07.7681000Z  31950K .......... .......... .......... .......... .......... 24% 99.6M 4s
2026-06-25T21:57:07.7692260Z  32000K .......... .......... .......... .......... .......... 24% 46.1M 4s
2026-06-25T21:57:07.7698800Z  32050K .......... .......... .......... .......... .......... 24% 70.9M 4s
2026-06-25T21:57:07.7708350Z  32100K .......... .......... .......... .......... .......... 24% 59.4M 4s
2026-06-25T21:57:07.7712720Z  32150K .......... .......... .......... .......... .......... 24% 83.8M 4s
2026-06-25T21:57:07.7723300Z  32200K .......... .......... .......... .......... .......... 24% 49.7M 4s
2026-06-25T21:57:07.7733540Z  32250K .......... .......... .......... .......... .......... 24% 51.1M 4s
2026-06-25T21:57:07.7737670Z  32300K .......... .......... .......... .......... .......... 24% 86.0M 4s
2026-06-25T21:57:07.7741170Z  32350K .......... .......... .......... .......... .......... 24%  139M 4s
2026-06-25T21:57:07.7754390Z  32400K .......... .......... .......... .......... .......... 24% 43.1M 4s
2026-06-25T21:57:07.7760830Z  32450K .......... .......... .......... .......... .......... 24% 58.0M 4s
2026-06-25T21:57:07.7775240Z  32500K .......... .......... .......... .......... .......... 24% 34.3M 4s
2026-06-25T21:57:07.7781000Z  32550K .......... .......... .......... .......... .......... 24%  195M 4s
2026-06-25T21:57:07.7792990Z  32600K .......... .......... .......... .......... .......... 24% 44.7M 4s
2026-06-25T21:57:07.7796960Z  32650K .......... .......... .......... .......... .......... 24% 75.5M 4s
2026-06-25T21:57:07.7803360Z  32700K .......... .......... .......... .......... .......... 24% 76.9M 4s
2026-06-25T21:57:07.7811150Z  32750K .......... .......... .......... .......... .......... 24% 66.4M 4s
2026-06-25T21:57:07.7816850Z  32800K .......... .......... .......... .......... .......... 24% 67.3M 4s
2026-06-25T21:57:07.7837850Z  32850K .......... .......... .......... .......... .......... 25% 24.2M 4s
2026-06-25T21:57:07.7841150Z  32900K .......... .......... .......... .......... .......... 25%  113M 4s
2026-06-25T21:57:07.7845400Z  32950K .......... .......... .......... .......... .......... 25% 98.4M 4s
2026-06-25T21:57:07.7846320Z  33000K .......... .......... .......... .......... .......... 25%  436M 4s
2026-06-25T21:57:07.7996690Z  33050K .......... .......... .......... .......... .......... 25% 3.27M 4s
2026-06-25T21:57:07.8007340Z  33100K .......... .......... .......... .......... .......... 25% 44.7M 4s
2026-06-25T21:57:07.8016480Z  33150K .......... .......... .......... .......... .......... 25% 62.5M 4s
2026-06-25T21:57:07.8023120Z  33200K .......... .......... .......... .......... .......... 25% 76.8M 4s
2026-06-25T21:57:07.8023600Z  33250K .......... .......... .......... .......... .......... 25%  186M 4s
2026-06-25T21:57:07.8035440Z  33300K .......... .......... .......... .......... .......... 25% 43.6M 4s
2026-06-25T21:57:07.8045010Z  33350K .......... .......... .......... .......... .......... 25% 48.8M 4s
2026-06-25T21:57:07.8049540Z  33400K .......... .......... .......... .......... .......... 25%  121M 4s
2026-06-25T21:57:07.8066410Z  33450K .......... .......... .......... .......... .......... 25% 29.0M 4s
2026-06-25T21:57:07.8077480Z  33500K .......... .......... .......... .......... .......... 25% 42.0M 4s
2026-06-25T21:57:07.8088700Z  33550K .......... .......... .......... .......... .......... 25% 44.4M 4s
2026-06-25T21:57:07.8096710Z  33600K .......... .......... .......... .......... .......... 25% 62.1M 4s
2026-06-25T21:57:07.8117100Z  33650K .......... .......... .......... .......... .......... 25% 25.7M 4s
2026-06-25T21:57:07.8126850Z  33700K .......... .......... .......... .......... .......... 25% 46.1M 4s
2026-06-25T21:57:07.8131910Z  33750K .......... .......... .......... .......... .......... 25% 91.4M 4s
2026-06-25T21:57:07.8136860Z  33800K .......... .......... .......... .......... .......... 25%  114M 4s
2026-06-25T21:57:07.8146520Z  33850K .......... .......... .......... .......... .......... 25% 45.3M 4s
2026-06-25T21:57:07.8151380Z  33900K .......... .......... .......... .......... .......... 25%  115M 4s
2026-06-25T21:57:07.8156680Z  33950K .......... .......... .......... .......... .......... 25% 93.7M 4s
2026-06-25T21:57:07.8160950Z  34000K .......... .......... .......... .......... .......... 25% 94.1M 4s
2026-06-25T21:57:07.8166760Z  34050K .......... .......... .......... .......... .......... 25% 96.9M 4s
2026-06-25T21:57:07.8171190Z  34100K .......... .......... .......... .......... .......... 25% 99.2M 4s
2026-06-25T21:57:07.8176290Z  34150K .......... .......... .......... .......... .......... 26%  101M 4s
2026-06-25T21:57:07.8183710Z  34200K .......... .......... .......... .......... .......... 26% 71.5M 4s
2026-06-25T21:57:07.8190370Z  34250K .......... .......... .......... .......... .......... 26% 64.3M 4s
2026-06-25T21:57:07.8200680Z  34300K .......... .......... .......... .......... .......... 26% 48.3M 4s
2026-06-25T21:57:07.8209690Z  34350K .......... .......... .......... .......... .......... 26% 55.5M 4s
2026-06-25T21:57:07.8216800Z  34400K .......... .......... .......... .......... .......... 26% 66.4M 4s
2026-06-25T21:57:07.8232890Z  34450K .......... .......... .......... .......... .......... 26% 33.4M 4s
2026-06-25T21:57:07.8237850Z  34500K .......... .......... .......... .......... .......... 26% 75.6M 4s
2026-06-25T21:57:07.8250900Z  34550K .......... .......... .......... .......... .......... 26% 40.1M 4s
2026-06-25T21:57:07.8263370Z  34600K .......... .......... .......... .......... .......... 26% 38.8M 4s
2026-06-25T21:57:07.8269120Z  34650K .......... .......... .......... .......... .......... 26% 78.3M 4s
2026-06-25T21:57:07.8282060Z  34700K .......... .......... .......... .......... .......... 26% 39.1M 4s
2026-06-25T21:57:07.8290580Z  34750K .......... .......... .......... .......... .......... 26% 51.0M 4s
2026-06-25T21:57:07.8300090Z  34800K .......... .......... .......... .......... .......... 26% 54.9M 4s
2026-06-25T21:57:07.8473350Z  34850K .......... .......... .......... .......... .......... 26% 2.86M 4s
2026-06-25T21:57:07.8478430Z  34900K .......... .......... .......... .......... .......... 26% 60.4M 4s
2026-06-25T21:57:07.8489270Z  34950K .......... .......... .......... .......... .......... 26% 50.5M 4s
2026-06-25T21:57:07.8497230Z  35000K .......... .......... .......... .......... .......... 26% 61.0M 4s
2026-06-25T21:57:07.8504440Z  35050K .......... .......... .......... .......... .......... 26% 58.8M 4s
2026-06-25T21:57:07.8525250Z  35100K .......... .......... .......... .......... .......... 26% 23.6M 4s
2026-06-25T21:57:07.8527270Z  35150K .......... .......... .......... .......... .......... 26%  376M 4s
2026-06-25T21:57:07.8531050Z  35200K .......... .......... .......... .......... .......... 26%  101M 4s
2026-06-25T21:57:07.8532020Z  35250K .......... .......... .......... .......... .......... 26%  555M 4s
2026-06-25T21:57:07.8534730Z  35300K .......... .......... .......... .......... .......... 26%  239M 4s
2026-06-25T21:57:07.8536080Z  35350K .......... .......... .......... .......... .......... 26%  456M 4s
2026-06-25T21:57:07.8536920Z  35400K .......... .......... .......... .......... .......... 26%  362M 4s
2026-06-25T21:57:07.8543750Z  35450K .......... .......... .......... .......... .......... 26% 87.2M 4s
2026-06-25T21:57:07.8547060Z  35500K .......... .......... .......... .......... .......... 27% 96.5M 4s
2026-06-25T21:57:07.8551120Z  35550K .......... .......... .......... .......... .......... 27%  141M 4s
2026-06-25T21:57:07.8555150Z  35600K .......... .......... .......... .......... .......... 27%  124M 4s
2026-06-25T21:57:07.8560580Z  35650K .......... .......... .......... .......... .......... 27% 96.3M 4s
2026-06-25T21:57:07.8565210Z  35700K .......... .......... .......... .......... .......... 27% 86.1M 4s
2026-06-25T21:57:07.8569360Z  35750K .......... .......... .......... .......... .......... 27%  184M 4s
2026-06-25T21:57:07.8573340Z  35800K .......... .......... .......... .......... .......... 27%  105M 4s
2026-06-25T21:57:07.8580360Z  35850K .......... .......... .......... .......... .......... 27% 74.4M 4s
2026-06-25T21:57:07.8582230Z  35900K .......... .......... .......... .......... .......... 27%  157M 4s
2026-06-25T21:57:07.8588020Z  35950K .......... .......... .......... .......... .......... 27% 93.0M 4s
2026-06-25T21:57:07.8592400Z  36000K .......... .......... .......... .......... .......... 27%  105M 4s
2026-06-25T21:57:07.8596310Z  36050K .......... .......... .......... .......... .......... 27%  121M 4s
2026-06-25T21:57:07.8601880Z  36100K .......... .......... .......... .......... .......... 27% 87.0M 4s
2026-06-25T21:57:07.8604430Z  36150K .......... .......... .......... .......... .......... 27%  196M 4s
2026-06-25T21:57:07.8609990Z  36200K .......... .......... .......... .......... .......... 27% 96.3M 4s
2026-06-25T21:57:07.8614920Z  36250K .......... .......... .......... .......... .......... 27%  120M 4s
2026-06-25T21:57:07.8618690Z  36300K .......... .......... .......... .......... .......... 27%  102M 4s
2026-06-25T21:57:07.8624400Z  36350K .......... .......... .......... .......... .......... 27%  110M 4s
2026-06-25T21:57:07.8626440Z  36400K .......... .......... .......... .......... .......... 27%  130M 4s
2026-06-25T21:57:07.8632220Z  36450K .......... .......... .......... .......... .......... 27% 89.3M 4s
2026-06-25T21:57:07.8634990Z  36500K .......... .......... .......... .......... .......... 27%  159M 4s
2026-06-25T21:57:07.8642030Z  36550K .......... .......... .......... .......... .......... 27% 84.2M 4s
2026-06-25T21:57:07.8649350Z  36600K .......... .......... .......... .......... .......... 27% 80.2M 4s
2026-06-25T21:57:07.8650240Z  36650K .......... .......... .......... .......... .......... 27%  150M 4s
2026-06-25T21:57:07.8656810Z  36700K .......... .......... .......... .......... .......... 27% 83.9M 4s
2026-06-25T21:57:07.8663660Z  36750K .......... .......... .......... .......... .......... 27% 64.7M 4s
2026-06-25T21:57:07.8925130Z  36800K .......... .......... .......... .......... .......... 28% 1.89M 4s
2026-06-25T21:57:07.8937320Z  36850K .......... .......... .......... .......... .......... 28% 54.1M 4s
2026-06-25T21:57:07.8957190Z  36900K .......... .......... .......... .......... .......... 28%  498M 4s
2026-06-25T21:57:07.8957820Z  36950K .......... .......... .......... .......... .......... 28%  196M 4s
2026-06-25T21:57:07.8958290Z  37000K .......... .......... .......... .......... .......... 28% 64.2M 4s
2026-06-25T21:57:07.8962410Z  37050K .......... .......... .......... .......... .......... 28%  328M 4s
2026-06-25T21:57:07.8965030Z  37100K .......... .......... .......... .......... .......... 28% 97.9M 4s
2026-06-25T21:57:07.8966350Z  37150K .......... .......... .......... .......... .......... 28% 71.7M 4s
2026-06-25T21:57:07.8966840Z  37200K .......... .......... .......... .......... .......... 28%  448M 4s
2026-06-25T21:57:07.8968810Z  37250K .......... .......... .......... .......... .......... 28% 87.2M 4s
2026-06-25T21:57:07.8969290Z  37300K .......... .......... .......... .......... .......... 28%  145M 4s
2026-06-25T21:57:07.8972220Z  37350K .......... .......... .......... .......... .......... 28%  129M 4s
2026-06-25T21:57:07.8973570Z  37400K .......... .......... .......... .......... .......... 28%  102M 4s
2026-06-25T21:57:07.8981480Z  37450K .......... .......... .......... .......... .......... 28% 62.0M 4s
2026-06-25T21:57:07.8989230Z  37500K .......... .......... .......... .......... .......... 28% 63.5M 4s
2026-06-25T21:57:07.8998490Z  37550K .......... .......... .......... .......... .......... 28% 60.7M 4s
2026-06-25T21:57:07.9007500Z  37600K .......... .......... .......... .......... .......... 28% 47.9M 4s
2026-06-25T21:57:07.9016800Z  37650K .......... .......... .......... .......... .......... 28% 56.2M 4s
2026-06-25T21:57:07.9025580Z  37700K .......... .......... .......... .......... .......... 28% 54.6M 4s
2026-06-25T21:57:07.9026680Z  37750K .......... .......... .......... .......... .......... 28%  328M 4s
2026-06-25T21:57:07.9037670Z  37800K .......... .......... .......... .......... .......... 28% 45.2M 4s
2026-06-25T21:57:07.9048080Z  37850K .......... .......... .......... .......... .......... 28% 47.9M 4s
2026-06-25T21:57:07.9058410Z  37900K .......... .......... .......... .......... .......... 28% 48.1M 4s
2026-06-25T21:57:07.9069970Z  37950K .......... .......... .......... .......... .......... 28% 41.6M 4s
2026-06-25T21:57:07.9077560Z  38000K .......... .......... .......... .......... .......... 28% 60.1M 3s
2026-06-25T21:57:07.9097310Z  38050K .......... .......... .......... .......... .......... 28% 25.2M 3s
2026-06-25T21:57:07.9105400Z  38100K .......... .......... .......... .......... .......... 29% 57.4M 3s
2026-06-25T21:57:07.9125310Z  38150K .......... .......... .......... .......... .......... 29% 25.1M 3s
2026-06-25T21:57:07.9132100Z  38200K .......... .......... .......... .......... .......... 29% 67.6M 3s
2026-06-25T21:57:07.9143300Z  38250K .......... .......... .......... .......... .......... 29% 44.3M 3s
2026-06-25T21:57:07.9160240Z  38300K .......... .......... .......... .......... .......... 29% 30.2M 3s
2026-06-25T21:57:07.9170930Z  38350K .......... .......... .......... .......... .......... 29% 44.3M 3s
2026-06-25T21:57:07.9176580Z  38400K .......... .......... .......... .......... .......... 29% 80.6M 3s
2026-06-25T21:57:07.9185480Z  38450K .......... .......... .......... .......... .......... 29% 59.8M 3s
2026-06-25T21:57:07.9191590Z  38500K .......... .......... .......... .......... .......... 29% 71.1M 3s
2026-06-25T21:57:07.9197670Z  38550K .......... .......... .......... .......... .......... 29% 94.4M 3s
2026-06-25T21:57:07.9206700Z  38600K .......... .......... .......... .......... .......... 29% 48.9M 3s
2026-06-25T21:57:07.9215130Z  38650K .......... .......... .......... .......... .......... 29% 59.8M 3s
2026-06-25T21:57:07.9223260Z  38700K .......... .......... .......... .......... .......... 29% 56.6M 3s
2026-06-25T21:57:07.9369470Z  38750K .......... .......... .......... .......... .......... 29% 3.38M 3s
2026-06-25T21:57:07.9370000Z  38800K .......... .......... .......... .......... .......... 29%  218M 3s
2026-06-25T21:57:07.9388380Z  38850K .......... .......... .......... .......... .......... 29% 29.9M 3s
2026-06-25T21:57:07.9404700Z  38900K .......... .......... .......... .......... .......... 29% 44.2M 3s
2026-06-25T21:57:07.9412030Z  38950K .......... .......... .......... .......... .......... 29% 48.4M 3s
2026-06-25T21:57:07.9414380Z  39000K .......... .......... .......... .......... .......... 29% 76.5M 3s
2026-06-25T21:57:07.9435660Z  39050K .......... .......... .......... .......... .......... 29% 23.3M 3s
2026-06-25T21:57:07.9467250Z  39100K .......... .......... .......... .......... .......... 29% 44.6M 3s
2026-06-25T21:57:07.9467580Z  39150K .......... .......... .......... .......... .......... 29% 52.1M 3s
2026-06-25T21:57:07.9474480Z  39200K .......... .......... .......... .......... .......... 29% 26.8M 3s
2026-06-25T21:57:07.9481310Z  39250K .......... .......... .......... .......... .......... 29% 64.6M 3s
2026-06-25T21:57:07.9494970Z  39300K .......... .......... .......... .......... .......... 29% 46.1M 3s
2026-06-25T21:57:07.9495390Z  39350K .......... .......... .......... .......... .......... 29%  162M 3s
2026-06-25T21:57:07.9506290Z  39400K .......... .......... .......... .......... .......... 29% 46.7M 3s
2026-06-25T21:57:07.9552710Z  39450K .......... .......... .......... .......... .......... 30% 50.1M 3s
2026-06-25T21:57:07.9553800Z  39500K .......... .......... .......... .......... .......... 30%  117M 3s
2026-06-25T21:57:07.9556970Z  39550K .......... .......... .......... .......... .......... 30%  102M 3s
2026-06-25T21:57:07.9558990Z  39600K .......... .......... .......... .......... .......... 30% 50.3M 3s
2026-06-25T21:57:07.9560600Z  39650K .......... .......... .......... .......... .......... 30% 59.5M 3s
2026-06-25T21:57:07.9567050Z  39700K .......... .......... .......... .......... .......... 30% 72.6M 3s
2026-06-25T21:57:07.9619510Z  39750K .......... .......... .......... .......... .......... 30%  136M 3s
2026-06-25T21:57:07.9622770Z  39800K .......... .......... .......... .......... .......... 30% 46.5M 3s
2026-06-25T21:57:07.9657940Z  39850K .......... .......... .......... .......... .......... 30% 42.5M 3s
2026-06-25T21:57:07.9726250Z  39900K .......... .......... .......... .......... .......... 30%  145M 3s
2026-06-25T21:57:07.9764680Z  39950K .......... .......... .......... .......... .......... 30%  119M 3s
2026-06-25T21:57:07.9782490Z  40000K .......... .......... .......... .......... .......... 30% 37.8M 3s
2026-06-25T21:57:07.9786000Z  40050K .......... .......... .......... .......... .......... 30% 54.2M 3s
2026-06-25T21:57:07.9787870Z  40100K .......... .......... .......... .......... .......... 30% 51.5M 3s
2026-06-25T21:57:07.9814020Z  40150K .......... .......... .......... .......... .......... 30% 28.8M 3s
2026-06-25T21:57:07.9819890Z  40200K .......... .......... .......... .......... .......... 30% 33.9M 3s
2026-06-25T21:57:07.9833630Z  40250K .......... .......... .......... .......... .......... 30% 51.1M 3s
2026-06-25T21:57:07.9935570Z  40300K .......... .......... .......... .......... .......... 30% 47.3M 3s
2026-06-25T21:57:08.0037370Z  40350K .......... .......... .......... .......... .......... 30% 19.0M 3s
2026-06-25T21:57:08.0141260Z  40400K .......... .......... .......... .......... .......... 30% 41.4M 3s
2026-06-25T21:57:08.0175590Z  40450K .......... .......... .......... .......... .......... 30% 42.0M 3s
2026-06-25T21:57:08.0177300Z  40500K .......... .......... .......... .......... .......... 30% 41.7M 3s
2026-06-25T21:57:08.0177740Z  40550K .......... .......... .......... .......... .......... 30% 28.0M 3s
2026-06-25T21:57:08.0178180Z  40600K .......... .......... .......... .......... .......... 30% 31.0M 3s
2026-06-25T21:57:08.0178500Z  40650K .......... .......... .......... .......... .......... 30% 56.8M 3s
2026-06-25T21:57:08.0179500Z  40700K .......... .......... .......... .......... .......... 30% 46.5M 3s
2026-06-25T21:57:08.0179960Z  40750K .......... .......... .......... .......... .......... 31% 22.9M 3s
2026-06-25T21:57:08.0180650Z  40800K .......... .......... .......... .......... .......... 31% 7.07M 3s
2026-06-25T21:57:08.0182650Z  40850K .......... .......... .......... .......... .......... 31% 52.3M 3s
2026-06-25T21:57:08.0183310Z  40900K .......... .......... .......... .......... .......... 31% 50.7M 3s
2026-06-25T21:57:08.0183810Z  40950K .......... .......... .......... .......... .......... 31% 50.7M 3s
2026-06-25T21:57:08.0185020Z  41000K .......... .......... .......... .......... .......... 31% 57.1M 3s
2026-06-25T21:57:08.0186590Z  41050K .......... .......... .......... .......... .......... 31% 67.6M 3s
2026-06-25T21:57:08.0187350Z  41100K .......... .......... .......... .......... .......... 31% 50.8M 3s
2026-06-25T21:57:08.0187690Z  41150K .......... .......... .......... .......... .......... 31% 52.1M 3s
2026-06-25T21:57:08.0188120Z  41200K .......... .......... .......... .......... .......... 31% 58.4M 3s
2026-06-25T21:57:08.0188590Z  41250K .......... .......... .......... .......... .......... 31% 54.4M 3s
2026-06-25T21:57:08.0189040Z  41300K .......... .......... .......... .......... .......... 31% 50.3M 3s
2026-06-25T21:57:08.0189460Z  41350K .......... .......... .......... .......... .......... 31% 53.1M 3s
2026-06-25T21:57:08.0189780Z  41400K .......... .......... .......... .......... .......... 31% 51.3M 3s
2026-06-25T21:57:08.0190270Z  41450K .......... .......... .......... .......... .......... 31% 55.9M 3s
2026-06-25T21:57:08.0190660Z  41500K .......... .......... .......... .......... .......... 31% 47.3M 3s
2026-06-25T21:57:08.0204000Z  41550K .......... .......... .......... .......... .......... 31% 48.3M 3s
2026-06-25T21:57:08.0204340Z  41600K .......... .......... .......... .......... .......... 31% 59.4M 3s
2026-06-25T21:57:08.0204860Z  41650K .......... .......... .......... .......... .......... 31% 43.0M 3s
2026-06-25T21:57:08.0205520Z  41700K .......... .......... .......... .......... .......... 31% 47.5M 3s
2026-06-25T21:57:08.0207380Z  41750K .......... .......... .......... .......... .......... 31% 62.8M 3s
2026-06-25T21:57:08.0207830Z  41800K .......... .......... .......... .......... .......... 31% 53.1M 3s
2026-06-25T21:57:08.0208320Z  41850K .......... .......... .......... .......... .......... 31% 30.5M 3s
2026-06-25T21:57:08.0209870Z  41900K .......... .......... .......... .......... .......... 31% 36.5M 3s
2026-06-25T21:57:08.0210720Z  41950K .......... .......... .......... .......... .......... 31% 33.5M 3s
2026-06-25T21:57:08.0212200Z  42000K .......... .......... .......... .......... .......... 31% 41.5M 3s
2026-06-25T21:57:08.0212580Z  42050K .......... .......... .......... .......... .......... 32% 37.0M 3s
2026-06-25T21:57:08.0213750Z  42100K .......... .......... .......... .......... .......... 32% 35.2M 3s
2026-06-25T21:57:08.0214140Z  42150K .......... .......... .......... .......... .......... 32% 35.5M 3s
2026-06-25T21:57:08.0214640Z  42200K .......... .......... .......... .......... .......... 32% 32.2M 3s
2026-06-25T21:57:08.0215080Z  42250K .......... .......... .......... .......... .......... 32% 34.2M 3s
2026-06-25T21:57:08.0215600Z  42300K .......... .......... .......... .......... .......... 32% 36.2M 3s
2026-06-25T21:57:08.0215930Z  42350K .......... .......... .......... .......... .......... 32% 29.6M 3s
2026-06-25T21:57:08.0222800Z  42400K .......... .......... .......... .......... .......... 32% 36.9M 3s
2026-06-25T21:57:08.0230060Z  42450K .......... .......... .......... .......... .......... 32% 70.1M 3s
2026-06-25T21:57:08.0233320Z  42500K .......... .......... .......... .......... .......... 32%  122M 3s
2026-06-25T21:57:08.0242540Z  42550K .......... .......... .......... .......... .......... 32% 63.3M 3s
2026-06-25T21:57:08.0250380Z  42600K .......... .......... .......... .......... .......... 32% 55.7M 3s
2026-06-25T21:57:08.0333070Z  42650K .......... .......... .......... .......... .......... 32% 6.10M 3s
2026-06-25T21:57:08.0345710Z  42700K .......... .......... .......... .......... .......... 32% 50.0M 3s
2026-06-25T21:57:08.0349320Z  42750K .......... .......... .......... .......... .......... 32%  367M 3s
2026-06-25T21:57:08.0350660Z  42800K .......... .......... .......... .......... .......... 32%  201M 3s
2026-06-25T21:57:08.0351470Z  42850K .......... .......... .......... .......... .......... 32% 89.3M 3s
2026-06-25T21:57:08.0355550Z  42900K .......... .......... .......... .......... .......... 32%  282M 3s
2026-06-25T21:57:08.0356620Z  42950K .......... .......... .......... .......... .......... 32%  111M 3s
2026-06-25T21:57:08.0358940Z  43000K .......... .......... .......... .......... .......... 32%  123M 3s
2026-06-25T21:57:08.0362820Z  43050K .......... .......... .......... .......... .......... 32%  121M 3s
2026-06-25T21:57:08.0371170Z  43100K .......... .......... .......... .......... .......... 32% 64.2M 3s
2026-06-25T21:57:08.0378790Z  43150K .......... .......... .......... .......... .......... 32%  105M 3s
2026-06-25T21:57:08.0380660Z  43200K .......... .......... .......... .......... .......... 32%  195M 3s
2026-06-25T21:57:08.0382610Z  43250K .......... .......... .......... .......... .......... 32%  189M 3s
2026-06-25T21:57:08.0389040Z  43300K .......... .......... .......... .......... .......... 32% 98.8M 3s
2026-06-25T21:57:08.0390860Z  43350K .......... .......... .......... .......... .......... 32% 90.3M 3s
2026-06-25T21:57:08.0397740Z  43400K .......... .......... .......... .......... .......... 33% 73.9M 3s
2026-06-25T21:57:08.0403630Z  43450K .......... .......... .......... .......... .......... 33% 76.8M 3s
2026-06-25T21:57:08.0411340Z  43500K .......... .......... .......... .......... .......... 33% 64.9M 3s
2026-06-25T21:57:08.0416330Z  43550K .......... .......... .......... .......... .......... 33% 92.5M 3s
2026-06-25T21:57:08.0425010Z  43600K .......... .......... .......... .......... .......... 33% 57.0M 3s
2026-06-25T21:57:08.0431460Z  43650K .......... .......... .......... .......... .......... 33% 78.9M 3s
2026-06-25T21:57:08.0433920Z  43700K .......... .......... .......... .......... .......... 33%  173M 3s
2026-06-25T21:57:08.0437950Z  43750K .......... .......... .......... .......... .......... 33%  131M 3s
2026-06-25T21:57:08.0445170Z  43800K .......... .......... .......... .......... .......... 33% 72.7M 3s
2026-06-25T21:57:08.0449220Z  43850K .......... .......... .......... .......... .......... 33%  106M 3s
2026-06-25T21:57:08.0450880Z  43900K .......... .......... .......... .......... .......... 33%  261M 3s
2026-06-25T21:57:08.0456890Z  43950K .......... .......... .......... .......... .......... 33% 82.1M 3s
2026-06-25T21:57:08.0462330Z  44000K .......... .......... .......... .......... .......... 33%  136M 3s
2026-06-25T21:57:08.0463690Z  44050K .......... .......... .......... .......... .......... 33%  139M 3s
2026-06-25T21:57:08.0470040Z  44100K .......... .......... .......... .......... .......... 33% 77.8M 3s
2026-06-25T21:57:08.0476900Z  44150K .......... .......... .......... .......... .......... 33% 69.5M 3s
2026-06-25T21:57:08.0482120Z  44200K .......... .......... .......... .......... .......... 33%  107M 3s
2026-06-25T21:57:08.0483320Z  44250K .......... .......... .......... .......... .......... 33%  309M 3s
2026-06-25T21:57:08.0490310Z  44300K .......... .......... .......... .......... .......... 33%  111M 3s
2026-06-25T21:57:08.0490890Z  44350K .......... .......... .......... .......... .......... 33%  169M 3s
2026-06-25T21:57:08.0790910Z  44400K .......... .......... .......... .......... .......... 33% 1.64M 3s
2026-06-25T21:57:08.0792070Z  44450K .......... .......... .......... .......... .......... 33%  228M 3s
2026-06-25T21:57:08.0894020Z  44500K .......... .......... .......... .......... .......... 33%  130M 3s
2026-06-25T21:57:08.0936100Z  44550K .......... .......... .......... .......... .......... 33% 90.6M 3s
2026-06-25T21:57:08.0938660Z  44600K .......... .......... .......... .......... .......... 33% 95.7M 3s
2026-06-25T21:57:08.0940340Z  44650K .......... .......... .......... .......... .......... 33%  168M 3s
2026-06-25T21:57:08.0940790Z  44700K .......... .......... .......... .......... .......... 34%  104M 3s
2026-06-25T21:57:08.0941310Z  44750K .......... .......... .......... .......... .......... 34% 87.0M 3s
2026-06-25T21:57:08.0941660Z  44800K .......... .......... .......... .......... .......... 34%  109M 3s
2026-06-25T21:57:08.0941960Z  44850K .......... .......... .......... .......... .......... 34%  113M 3s
2026-06-25T21:57:08.0942280Z  44900K .......... .......... .......... .......... .......... 34%  118M 3s
2026-06-25T21:57:08.0942580Z  44950K .......... .......... .......... .......... .......... 34%  113M 3s
2026-06-25T21:57:08.0942880Z  45000K .......... .......... .......... .......... .......... 34% 41.2M 3s
2026-06-25T21:57:08.0943180Z  45050K .......... .......... .......... .......... .......... 34%  143M 3s
2026-06-25T21:57:08.0943480Z  45100K .......... .......... .......... .......... .......... 34%  108M 3s
2026-06-25T21:57:08.0943790Z  45150K .......... .......... .......... .......... .......... 34%  145M 3s
2026-06-25T21:57:08.0944090Z  45200K .......... .......... .......... .......... .......... 34%  113M 3s
2026-06-25T21:57:08.0944390Z  45250K .......... .......... .......... .......... .......... 34% 91.3M 3s
2026-06-25T21:57:08.0944680Z  45300K .......... .......... .......... .......... .......... 34%  210M 3s
2026-06-25T21:57:08.0944980Z  45350K .......... .......... .......... .......... .......... 34%  106M 3s
2026-06-25T21:57:08.0945280Z  45400K .......... .......... .......... .......... .......... 34%  102M 3s
2026-06-25T21:57:08.0945580Z  45450K .......... .......... .......... .......... .......... 34%  120M 3s
2026-06-25T21:57:08.0945880Z  45500K .......... .......... .......... .......... .......... 34%  123M 3s
2026-06-25T21:57:08.0946410Z  45550K .......... .......... .......... .......... .......... 34%  133M 3s
2026-06-25T21:57:08.0946720Z  45600K .......... .......... .......... .......... .......... 34% 87.8M 3s
2026-06-25T21:57:08.0947010Z  45650K .......... .......... .......... .......... .......... 34% 84.3M 3s
2026-06-25T21:57:08.0947310Z  45700K .......... .......... .......... .......... .......... 34% 86.9M 3s
2026-06-25T21:57:08.0947610Z  45750K .......... .......... .......... .......... .......... 34%  136M 3s
2026-06-25T21:57:08.0947900Z  45800K .......... .......... .......... .......... .......... 34%  319M 3s
2026-06-25T21:57:08.0948200Z  45850K .......... .......... .......... .......... .......... 34% 99.6M 3s
2026-06-25T21:57:08.0948500Z  45900K .......... .......... .......... .......... .......... 34%  143M 3s
2026-06-25T21:57:08.0948820Z  45950K .......... .......... .......... .......... .......... 34% 82.3M 3s
2026-06-25T21:57:08.0949120Z  46000K .......... .......... .......... .......... .......... 35%  210M 3s
2026-06-25T21:57:08.0949420Z  46050K .......... .......... .......... .......... .......... 35% 94.8M 3s
2026-06-25T21:57:08.0949730Z  46100K .......... .......... .......... .......... .......... 35%  110M 3s
2026-06-25T21:57:08.1181460Z  46150K .......... .......... .......... .......... .......... 35% 2.07M 3s
2026-06-25T21:57:08.1183170Z  46200K .......... .......... .......... .......... .......... 35% 75.6M 3s
2026-06-25T21:57:08.1189470Z  46250K .......... .......... .......... .......... .......... 35% 57.6M 3s
2026-06-25T21:57:08.1198260Z  46300K .......... .......... .......... .......... .......... 35% 58.1M 3s
2026-06-25T21:57:08.1209130Z  46350K .......... .......... .......... .......... .......... 35% 49.7M 3s
2026-06-25T21:57:08.1217660Z  46400K .......... .......... .......... .......... .......... 35% 56.4M 3s
2026-06-25T21:57:08.1225950Z  46450K .......... .......... .......... .......... .......... 35% 51.5M 3s
2026-06-25T21:57:08.1235950Z  46500K .......... .......... .......... .......... .......... 35% 50.5M 3s
2026-06-25T21:57:08.1252530Z  46550K .......... .......... .......... .......... .......... 35% 34.6M 3s
2026-06-25T21:57:08.1256640Z  46600K .......... .......... .......... .......... .......... 35% 69.9M 3s
2026-06-25T21:57:08.1268650Z  46650K .......... .......... .......... .......... .......... 35% 43.5M 3s
2026-06-25T21:57:08.1280720Z  46700K .......... .......... .......... .......... .......... 35% 46.5M 3s
2026-06-25T21:57:08.1288950Z  46750K .......... .......... .......... .......... .......... 35% 53.3M 3s
2026-06-25T21:57:08.1297960Z  46800K .......... .......... .......... .......... .......... 35% 59.5M 3s
2026-06-25T21:57:08.1306620Z  46850K .......... .......... .......... .......... .......... 35% 48.8M 3s
2026-06-25T21:57:08.1316260Z  46900K .......... .......... .......... .......... .......... 35% 50.8M 3s
2026-06-25T21:57:08.1325720Z  46950K .......... .......... .......... .......... .......... 35% 47.9M 3s
2026-06-25T21:57:08.1334110Z  47000K .......... .......... .......... .......... .......... 35% 61.0M 3s
2026-06-25T21:57:08.1340690Z  47050K .......... .......... .......... .......... .......... 35% 68.5M 3s
2026-06-25T21:57:08.1346900Z  47100K .......... .......... .......... .......... .......... 35% 87.0M 3s
2026-06-25T21:57:08.1351640Z  47150K .......... .......... .......... .......... .......... 35%  132M 3s
2026-06-25T21:57:08.1354850Z  47200K .......... .......... .......... .......... .......... 35%  132M 3s
2026-06-25T21:57:08.1358810Z  47250K .......... .......... .......... .......... .......... 35%  139M 3s
2026-06-25T21:57:08.1364230Z  47300K .......... .......... .......... .......... .......... 36%  137M 3s
2026-06-25T21:57:08.1375930Z  47350K .......... .......... .......... .......... .......... 36% 71.3M 3s
2026-06-25T21:57:08.1379030Z  47400K .......... .......... .......... .......... .......... 36% 91.1M 3s
2026-06-25T21:57:08.1380040Z  47450K .......... .......... .......... .......... .......... 36%  106M 3s
2026-06-25T21:57:08.1380910Z  47500K .......... .......... .......... .......... .......... 36%  220M 3s
2026-06-25T21:57:08.1383590Z  47550K .......... .......... .......... .......... .......... 36%  140M 3s
2026-06-25T21:57:08.1391770Z  47600K .......... .......... .......... .......... .......... 36% 88.5M 3s
2026-06-25T21:57:08.1393570Z  47650K .......... .......... .......... .......... .......... 36%  143M 3s
2026-06-25T21:57:08.1402590Z  47700K .......... .......... .......... .......... .......... 36% 52.5M 3s
2026-06-25T21:57:08.1408370Z  47750K .......... .......... .......... .......... .......... 36%  109M 3s
2026-06-25T21:57:08.1414350Z  47800K .......... .......... .......... .......... .......... 36% 66.7M 3s
2026-06-25T21:57:08.1424410Z  47850K .......... .......... .......... .......... .......... 36% 49.1M 3s
2026-06-25T21:57:08.1434750Z  47900K .......... .......... .......... .......... .......... 36% 45.5M 3s
2026-06-25T21:57:08.1439550Z  47950K .......... .......... .......... .......... .......... 36% 90.4M 3s
2026-06-25T21:57:08.1442780Z  48000K .......... .......... .......... .......... .......... 36%  160M 3s
2026-06-25T21:57:08.1449610Z  48050K .......... .......... .......... .......... .......... 36% 71.6M 3s
2026-06-25T21:57:08.1453710Z  48100K .......... .......... .......... .......... .......... 36%  138M 3s
2026-06-25T21:57:08.1457960Z  48150K .......... .......... .......... .......... .......... 36%  121M 3s
2026-06-25T21:57:08.1462090Z  48200K .......... .......... .......... .......... .......... 36%  121M 3s
2026-06-25T21:57:08.1464930Z  48250K .......... .......... .......... .......... .......... 36%  124M 3s
2026-06-25T21:57:08.1472850Z  48300K .......... .......... .......... .......... .......... 36% 81.2M 3s
2026-06-25T21:57:08.1475180Z  48350K .......... .......... .......... .......... .......... 36%  125M 3s
2026-06-25T21:57:08.1676610Z  48400K .......... .......... .......... .......... .......... 36% 2.43M 3s
2026-06-25T21:57:08.1776010Z  48450K .......... .......... .......... .......... .......... 36%  238M 3s
2026-06-25T21:57:08.1780740Z  48500K .......... .......... .......... .......... .......... 36%  134M 3s
2026-06-25T21:57:08.1809130Z  48550K .......... .......... .......... .......... .......... 36%  252M 3s
2026-06-25T21:57:08.1848890Z  48600K .......... .......... .......... .......... .......... 36%  126M 3s
2026-06-25T21:57:08.1949780Z  48650K .......... .......... .......... .......... .......... 37%  163M 3s
2026-06-25T21:57:08.2087640Z  48700K .......... .......... .......... .......... .......... 37% 96.3M 3s
2026-06-25T21:57:08.2251440Z  48750K .......... .......... .......... .......... .......... 37%  108M 3s
2026-06-25T21:57:08.2442620Z  48800K .......... .......... .......... .......... .......... 37%  123M 3s
2026-06-25T21:57:08.2545930Z  48850K .......... .......... .......... .......... .......... 37%  111M 3s
2026-06-25T21:57:08.2820910Z  48900K .......... .......... .......... .......... .......... 37% 94.8M 3s
2026-06-25T21:57:08.2922000Z  48950K .......... .......... .......... .......... .......... 37% 66.2M 3s
2026-06-25T21:57:08.3023060Z  49000K .......... .......... .......... .......... .......... 37%  367M 3s
2026-06-25T21:57:08.3050540Z  49050K .......... .......... .......... .......... .......... 37% 51.2M 3s
2026-06-25T21:57:08.3077260Z  49100K .......... .......... .......... .......... .......... 37% 60.9M 3s
2026-06-25T21:57:08.3108450Z  49150K .......... .......... .......... .......... .......... 37% 48.4M 3s
2026-06-25T21:57:08.3122780Z  49200K .......... .......... .......... .......... .......... 37% 62.2M 3s
2026-06-25T21:57:08.3123240Z  49250K .......... .......... .......... .......... .......... 37% 40.7M 3s
2026-06-25T21:57:08.3123640Z  49300K .......... .......... .......... .......... .......... 37%  332M 3s
2026-06-25T21:57:08.3124000Z  49350K .......... .......... .......... .......... .......... 37%  126M 3s
2026-06-25T21:57:08.3124360Z  49400K .......... .......... .......... .......... .......... 37% 38.8M 3s
2026-06-25T21:57:08.3125040Z  49450K .......... .......... .......... .......... .......... 37% 53.0M 3s
2026-06-25T21:57:08.3127860Z  49500K .......... .......... .......... .......... .......... 37% 98.0M 3s
2026-06-25T21:57:08.3232800Z  49550K .......... .......... .......... .......... .......... 37%  190M 3s
2026-06-25T21:57:08.3233760Z  49600K .......... .......... .......... .......... .......... 37% 39.4M 3s
2026-06-25T21:57:08.3338570Z  49650K .......... .......... .......... .......... .......... 37% 51.0M 3s
2026-06-25T21:57:08.3398440Z  49700K .......... .......... .......... .......... .......... 37% 49.0M 3s
2026-06-25T21:57:08.3451020Z  49750K .......... .......... .......... .......... .......... 37%  115M 3s
2026-06-25T21:57:08.3452050Z  49800K .......... .......... .......... .......... .......... 37%  103M 3s
2026-06-25T21:57:08.3452530Z  49850K .......... .......... .......... .......... .......... 37% 40.3M 3s
2026-06-25T21:57:08.3455620Z  49900K .......... .......... .......... .......... .......... 37% 51.2M 3s
2026-06-25T21:57:08.3457040Z  49950K .......... .......... .......... .......... .......... 38% 46.5M 3s
2026-06-25T21:57:08.3465090Z  50000K .......... .......... .......... .......... .......... 38%  106M 3s
2026-06-25T21:57:08.3488710Z  50050K .......... .......... .......... .......... .......... 38% 79.4M 3s
2026-06-25T21:57:08.3498500Z  50100K .......... .......... .......... .......... .......... 38% 45.1M 3s
2026-06-25T21:57:08.3518800Z  50150K .......... .......... .......... .......... .......... 38% 66.0M 3s
2026-06-25T21:57:08.3520870Z  50200K .......... .......... .......... .......... .......... 38% 1.55M 3s
2026-06-25T21:57:08.3521380Z  50250K .......... .......... .......... .......... .......... 38%  525M 3s
2026-06-25T21:57:08.3522210Z  50300K .......... .......... .......... .......... .......... 38%  581M 3s
2026-06-25T21:57:08.3523950Z  50350K .......... .......... .......... .......... .......... 38%  525M 3s
2026-06-25T21:57:08.3540050Z  50400K .......... .......... .......... .......... .......... 38%  610M 3s
2026-06-25T21:57:08.3541050Z  50450K .......... .......... .......... .......... .......... 38%  356M 3s
2026-06-25T21:57:08.3583140Z  50500K .......... .......... .......... .......... .......... 38%  292M 3s
2026-06-25T21:57:08.3594800Z  50550K .......... .......... .......... .......... .......... 38%  102M 3s
2026-06-25T21:57:08.3608310Z  50600K .......... .......... .......... .......... .......... 38%  113M 3s
2026-06-25T21:57:08.3615610Z  50650K .......... .......... .......... .......... .......... 38% 94.3M 3s
2026-06-25T21:57:08.3622900Z  50700K .......... .......... .......... .......... .......... 38%  118M 3s
2026-06-25T21:57:08.3628820Z  50750K .......... .......... .......... .......... .......... 38%  254M 3s
2026-06-25T21:57:08.3637800Z  50800K .......... .......... .......... .......... .......... 38%  588M 3s
2026-06-25T21:57:08.3643770Z  50850K .......... .......... .......... .......... .......... 38% 38.0M 3s
2026-06-25T21:57:08.3654730Z  50900K .......... .......... .......... .......... .......... 38% 70.9M 3s
2026-06-25T21:57:08.3665260Z  50950K .......... .......... .......... .......... .......... 38% 4.10M 3s
2026-06-25T21:57:08.3669700Z  51000K .......... .......... .......... .......... .......... 38% 59.2M 3s
2026-06-25T21:57:08.3678510Z  51050K .......... .......... .......... .......... .......... 38%  311M 3s
2026-06-25T21:57:08.3689260Z  51100K .......... .......... .......... .......... .......... 38% 99.0M 3s
2026-06-25T21:57:08.3696130Z  51150K .......... .......... .......... .......... .......... 38%  519M 3s
2026-06-25T21:57:08.3703470Z  51200K .......... .......... .......... .......... .......... 38%  514M 3s
2026-06-25T21:57:08.3712820Z  51250K .......... .......... .......... .......... .......... 39%  595M 3s
2026-06-25T21:57:08.3726680Z  51300K .......... .......... .......... .......... .......... 39%  610M 3s
2026-06-25T21:57:08.3739170Z  51350K .......... .......... .......... .......... .......... 39%  483M 3s
2026-06-25T21:57:08.3753580Z  51400K .......... .......... .......... .......... .......... 39%  561M 3s
2026-06-25T21:57:08.3760330Z  51450K .......... .......... .......... .......... .......... 39%  531M 3s
2026-06-25T21:57:08.3774940Z  51500K .......... .......... .......... .......... .......... 39%  610M 3s
2026-06-25T21:57:08.3801730Z  51550K .......... .......... .......... .......... .......... 39%  568M 3s
2026-06-25T21:57:08.3828790Z  51600K .......... .......... .......... .......... .......... 39% 70.4M 3s
2026-06-25T21:57:08.3829450Z  51650K .......... .......... .......... .......... .......... 39% 21.2M 3s
2026-06-25T21:57:08.3829910Z  51700K .......... .......... .......... .......... .......... 39%  421M 3s
2026-06-25T21:57:08.3830330Z  51750K .......... .......... .......... .......... .......... 39%  349M 3s
2026-06-25T21:57:08.3830800Z  51800K .......... .......... .......... .......... .......... 39%  148M 3s
2026-06-25T21:57:08.3831200Z  51850K .......... .......... .......... .......... .......... 39%  359M 3s
2026-06-25T21:57:08.3831600Z  51900K .......... .......... .......... .......... .......... 39%  198M 3s
2026-06-25T21:57:08.3832010Z  51950K .......... .......... .......... .......... .......... 39%  247M 3s
2026-06-25T21:57:08.3832400Z  52000K .......... .......... .......... .......... .......... 39%  328M 3s
2026-06-25T21:57:08.3832800Z  52050K .......... .......... .......... .......... .......... 39%  139M 3s
2026-06-25T21:57:08.3833200Z  52100K .......... .......... .......... .......... .......... 39%  190M 3s
2026-06-25T21:57:08.3833590Z  52150K .......... .......... .......... .......... .......... 39% 61.0M 3s
2026-06-25T21:57:08.3833990Z  52200K .......... .......... .......... .......... .......... 39%  113M 3s
2026-06-25T21:57:08.3834480Z  52250K .......... .......... .......... .......... .......... 39%  179M 3s
2026-06-25T21:57:08.3834790Z  52300K .......... .......... .......... .......... .......... 39% 7.29M 3s
2026-06-25T21:57:08.3835090Z  52350K .......... .......... .......... .......... .......... 39%  474M 3s
2026-06-25T21:57:08.3835390Z  52400K .......... .......... .......... .......... .......... 39%  588M 3s
2026-06-25T21:57:08.3835690Z  52450K .......... .......... .......... .......... .......... 39% 1.88M 3s
2026-06-25T21:57:08.3835980Z  52500K .......... .......... .......... .......... .......... 39%  549M 3s
2026-06-25T21:57:08.3836280Z  52550K .......... .......... .......... .......... .......... 39%  519M 3s
2026-06-25T21:57:08.3836580Z  52600K .......... .......... .......... .......... .......... 40%  519M 3s
2026-06-25T21:57:08.3836880Z  52650K .......... .......... .......... .......... .......... 40%  610M 3s
2026-06-25T21:57:08.3837180Z  52700K .......... .......... .......... .......... .......... 40%  483M 3s
2026-06-25T21:57:08.3837470Z  52750K .......... .......... .......... .......... .......... 40%  610M 3s
2026-06-25T21:57:08.3837770Z  52800K .......... .......... .......... .......... .......... 40%  610M 3s
2026-06-25T21:57:08.3838060Z  52850K .......... .......... .......... .......... .......... 40%  519M 3s
2026-06-25T21:57:08.3838360Z  52900K .......... .......... .......... .......... .......... 40%  493M 3s
2026-06-25T21:57:08.3838660Z  52950K .......... .......... .......... .......... .......... 40%  531M 3s
2026-06-25T21:57:08.3838950Z  53000K .......... .......... .......... .......... .......... 40%  568M 3s
2026-06-25T21:57:08.3839250Z  53050K .......... .......... .......... .......... .......... 40%  561M 3s
2026-06-25T21:57:08.3839550Z  53100K .......... .......... .......... .......... .......... 40%  498M 3s
2026-06-25T21:57:08.3839850Z  53150K .......... .......... .......... .......... .......... 40%  531M 3s
2026-06-25T21:57:08.3840150Z  53200K .......... .......... .......... .......... .......... 40%  479M 3s
2026-06-25T21:57:08.3840450Z  53250K .......... .......... .......... .......... .......... 40%  595M 3s
2026-06-25T21:57:08.3840750Z  53300K .......... .......... .......... .......... .......... 40%  595M 3s
2026-06-25T21:57:08.3841390Z  53350K .......... .......... .......... .......... .......... 40%  448M 3s
2026-06-25T21:57:08.3841700Z  53400K .......... .......... .......... .......... .......... 40%  309M 3s
2026-06-25T21:57:08.3842000Z  53450K .......... .......... .......... .......... .......... 40%  456M 3s
2026-06-25T21:57:08.3842360Z  53500K .......... .......... .......... .......... .......... 40%  332M 3s
2026-06-25T21:57:08.3842760Z  53550K .......... .......... .......... .......... .......... 40%  493M 3s
2026-06-25T21:57:08.3848440Z  53600K .......... .......... .......... .......... .......... 40%  373M 3s
2026-06-25T21:57:08.3848770Z  53650K .......... .......... .......... .......... .......... 40%  461M 3s
2026-06-25T21:57:08.3849070Z  53700K .......... .......... .......... .......... .......... 40%  498M 3s
2026-06-25T21:57:08.3849370Z  53750K .......... .......... .......... .......... .......... 40%  543M 3s
2026-06-25T21:57:08.3849670Z  53800K .......... .......... .......... .......... .......... 40%  595M 3s
2026-06-25T21:57:08.3849990Z  53850K .......... .......... .......... .......... .......... 40%  514M 3s
2026-06-25T21:57:08.3850290Z  53900K .......... .......... .......... .......... .......... 41%  588M 3s
2026-06-25T21:57:08.3850580Z  53950K .......... .......... .......... .......... .......... 41%  337M 3s
2026-06-25T21:57:08.3850880Z  54000K .......... .......... .......... .......... .......... 41%  581M 3s
2026-06-25T21:57:08.3851180Z  54050K .......... .......... .......... .......... .......... 41%  588M 3s
2026-06-25T21:57:08.3851470Z  54100K .......... .......... .......... .......... .......... 41%  514M 3s
2026-06-25T21:57:08.3851770Z  54150K .......... .......... .......... .......... .......... 41%  483M 3s
2026-06-25T21:57:08.3852200Z  54200K .......... .......... .......... .......... .......... 41%  503M 3s
2026-06-25T21:57:08.3852500Z  54250K .......... .......... .......... .......... .......... 41%  595M 3s
2026-06-25T21:57:08.3852800Z  54300K .......... .......... .......... .......... .......... 41% 1.61M 3s
2026-06-25T21:57:08.3853100Z  54350K .......... .......... .......... .......... .......... 41%  215M 3s
2026-06-25T21:57:08.3853400Z  54400K .......... .......... .......... .......... .......... 41%  109M 3s
2026-06-25T21:57:08.3853700Z  54450K .......... .......... .......... .......... .......... 41%  131M 3s
2026-06-25T21:57:08.3854080Z  54500K .......... .......... .......... .......... .......... 41% 76.9M 3s
2026-06-25T21:57:08.3854370Z  54550K .......... .......... .......... .......... .......... 41% 42.5M 3s
2026-06-25T21:57:08.3854670Z  54600K .......... .......... .......... .......... .......... 41% 80.0M 3s
2026-06-25T21:57:08.3854970Z  54650K .......... .......... .......... .......... .......... 41%  164M 3s
2026-06-25T21:57:08.3855270Z  54700K .......... .......... .......... .......... .......... 41%  197M 3s
2026-06-25T21:57:08.3855560Z  54750K .......... .......... .......... .......... .......... 41%  106M 3s
2026-06-25T21:57:08.3855860Z  54800K .......... .......... .......... .......... .......... 41%  100M 3s
2026-06-25T21:57:08.3856160Z  54850K .......... .......... .......... .......... .......... 41%  128M 3s
2026-06-25T21:57:08.3856460Z  54900K .......... .......... .......... .......... .......... 41%  301M 3s
2026-06-25T21:57:08.3856760Z  54950K .......... .......... .......... .......... .......... 41% 65.6M 3s
2026-06-25T21:57:08.3857050Z  55000K .......... .......... .......... .......... .......... 41%  286M 3s
2026-06-25T21:57:08.3857350Z  55050K .......... .......... .......... .......... .......... 41% 57.0M 3s
2026-06-25T21:57:08.3857650Z  55100K .......... .......... .......... .......... .......... 41% 47.5M 3s
2026-06-25T21:57:08.3857970Z  55150K .......... .......... .......... .......... .......... 41% 76.7M 3s
2026-06-25T21:57:08.3858280Z  55200K .......... .......... .......... .......... .......... 42% 49.2M 3s
2026-06-25T21:57:08.3858590Z  55250K .......... .......... .......... .......... .......... 42% 61.3M 3s
2026-06-25T21:57:08.3858950Z  55300K .......... .......... .......... .......... .......... 42% 99.2M 3s
2026-06-25T21:57:08.3859310Z  55350K .......... .......... .......... .......... .......... 42% 58.5M 3s
2026-06-25T21:57:08.3859630Z  55400K .......... .......... .......... .......... .......... 42%  574M 3s
2026-06-25T21:57:08.3859940Z  55450K .......... .......... .......... .......... .......... 42% 44.6M 3s
2026-06-25T21:57:08.3860230Z  55500K .......... .......... .......... .......... .......... 42% 62.4M 3s
2026-06-25T21:57:08.3860530Z  55550K .......... .......... .......... .......... .......... 42% 82.2M 3s
2026-06-25T21:57:08.3860830Z  55600K .......... .......... .......... .......... .......... 42% 56.9M 3s
2026-06-25T21:57:08.3861130Z  55650K .......... .......... .......... .......... .......... 42% 73.3M 3s
2026-06-25T21:57:08.3861430Z  55700K .......... .......... .......... .......... .......... 42% 43.9M 3s
2026-06-25T21:57:08.3861730Z  55750K .......... .......... .......... .......... .......... 42%  141M 3s
2026-06-25T21:57:08.3862040Z  55800K .......... .......... .......... .......... .......... 42% 57.4M 3s
2026-06-25T21:57:08.3862340Z  55850K .......... .......... .......... .......... .......... 42% 93.9M 3s
2026-06-25T21:57:08.3862650Z  55900K .......... .......... .......... .......... .......... 42% 38.1M 2s
2026-06-25T21:57:08.3862940Z  55950K .......... .......... .......... .......... .......... 42% 45.1M 2s
2026-06-25T21:57:08.3863240Z  56000K .......... .......... .......... .......... .......... 42% 81.4M 2s
2026-06-25T21:57:08.3863620Z  56050K .......... .......... .......... .......... .......... 42% 70.9M 2s
2026-06-25T21:57:08.3863930Z  56100K .......... .......... .......... .......... .......... 42% 53.2M 2s
2026-06-25T21:57:08.3864660Z  56150K .......... .......... .......... .......... .......... 42% 75.8M 2s
2026-06-25T21:57:08.3864990Z  56200K .......... .......... .......... .......... .......... 42% 23.2M 2s
2026-06-25T21:57:08.3865300Z  56250K .......... .......... .......... .......... .......... 42% 44.1M 2s
2026-06-25T21:57:08.3865610Z  56300K .......... .......... .......... .......... .......... 42% 57.6M 2s
2026-06-25T21:57:08.3865910Z  56350K .......... .......... .......... .......... .......... 42% 4.38M 2s
2026-06-25T21:57:08.3866210Z  56400K .......... .......... .......... .......... .......... 42%  167M 2s
2026-06-25T21:57:08.3866510Z  56450K .......... .......... .......... .......... .......... 42% 48.7M 2s
2026-06-25T21:57:08.3866810Z  56500K .......... .......... .......... .......... .......... 42% 48.9M 2s
2026-06-25T21:57:08.3867110Z  56550K .......... .......... .......... .......... .......... 43% 18.8M 2s
2026-06-25T21:57:08.3867410Z  56600K .......... .......... .......... .......... .......... 43% 52.0M 2s
2026-06-25T21:57:08.3867710Z  56650K .......... .......... .......... .......... .......... 43% 70.9M 2s
2026-06-25T21:57:08.3868000Z  56700K .......... .......... .......... .......... .......... 43% 46.5M 2s
2026-06-25T21:57:08.3868300Z  56750K .......... .......... .......... .......... .......... 43% 62.7M 2s
2026-06-25T21:57:08.3868600Z  56800K .......... .......... .......... .......... .......... 43% 90.6M 2s
2026-06-25T21:57:08.3868900Z  56850K .......... .......... .......... .......... .......... 43% 44.5M 2s
2026-06-25T21:57:08.3869200Z  56900K .......... .......... .......... .......... .......... 43% 78.0M 2s
2026-06-25T21:57:08.3869500Z  56950K .......... .......... .......... .......... .......... 43% 39.6M 2s
2026-06-25T21:57:08.3869800Z  57000K .......... .......... .......... .......... .......... 43% 81.4M 2s
2026-06-25T21:57:08.3870090Z  57050K .......... .......... .......... .......... .......... 43% 62.8M 2s
2026-06-25T21:57:08.3870400Z  57100K .......... .......... .......... .......... .......... 43% 54.4M 2s
2026-06-25T21:57:08.3870690Z  57150K .......... .......... .......... .......... .......... 43% 64.6M 2s
2026-06-25T21:57:08.3870990Z  57200K .......... .......... .......... .......... .......... 43% 59.7M 2s
2026-06-25T21:57:08.3871440Z  57250K .......... .......... .......... .......... .......... 43% 73.6M 2s
2026-06-25T21:57:08.3871750Z  57300K .......... .......... .......... .......... .......... 43% 62.9M 2s
2026-06-25T21:57:08.3872050Z  57350K .......... .......... .......... .......... .......... 43% 52.0M 2s
2026-06-25T21:57:08.3872350Z  57400K .......... .......... .......... .......... .......... 43% 86.9M 2s
2026-06-25T21:57:08.3872650Z  57450K .......... .......... .......... .......... .......... 43% 55.9M 2s
2026-06-25T21:57:08.3872940Z  57500K .......... .......... .......... .......... .......... 43%  104M 2s
2026-06-25T21:57:08.3873240Z  57550K .......... .......... .......... .......... .......... 43%  142M 2s
2026-06-25T21:57:08.3873540Z  57600K .......... .......... .......... .......... .......... 43% 86.9M 2s
2026-06-25T21:57:08.3873840Z  57650K .......... .......... .......... .......... .......... 43% 95.4M 2s
2026-06-25T21:57:08.3874140Z  57700K .......... .......... .......... .......... .......... 43%  216M 2s
2026-06-25T21:57:08.3874440Z  57750K .......... .......... .......... .......... .......... 43% 99.0M 2s
2026-06-25T21:57:08.3874740Z  57800K .......... .......... .......... .......... .......... 43%  129M 2s
2026-06-25T21:57:08.3875040Z  57850K .......... .......... .......... .......... .......... 44% 77.0M 2s
2026-06-25T21:57:08.3875340Z  57900K .......... .......... .......... .......... .......... 44%  131M 2s
2026-06-25T21:57:08.3875640Z  57950K .......... .......... .......... .......... .......... 44%  126M 2s
2026-06-25T21:57:08.3875940Z  58000K .......... .......... .......... .......... .......... 44%  102M 2s
2026-06-25T21:57:08.3876270Z  58050K .......... .......... .......... .......... .......... 44% 32.4M 2s
2026-06-25T21:57:08.3876660Z  58100K .......... .......... .......... .......... .......... 44%  108M 2s
2026-06-25T21:57:08.3876960Z  58150K .......... .......... .......... .......... .......... 44%  461M 2s
2026-06-25T21:57:08.3877260Z  58200K .......... .......... .......... .......... .......... 44%  384M 2s
2026-06-25T21:57:08.3877560Z  58250K .......... .......... .......... .......... .......... 44%  626M 2s
2026-06-25T21:57:08.4055490Z  58300K .......... .......... .......... .......... .......... 44% 1.93M 2s
2026-06-25T21:57:08.4057720Z  58350K .......... .......... .......... .......... .......... 44%  145M 2s
2026-06-25T21:57:08.4066010Z  58400K .......... .......... .......... .......... .......... 44% 60.7M 2s
2026-06-25T21:57:08.4073720Z  58450K .......... .......... .......... .......... .......... 44% 58.8M 2s
2026-06-25T21:57:08.4083020Z  58500K .......... .......... .......... .......... .......... 44% 70.5M 2s
2026-06-25T21:57:08.4088120Z  58550K .......... .......... .......... .......... .......... 44% 87.2M 2s
2026-06-25T21:57:08.4095650Z  58600K .......... .......... .......... .......... .......... 44% 95.0M 2s
2026-06-25T21:57:08.4098820Z  58650K .......... .......... .......... .......... .......... 44%  102M 2s
2026-06-25T21:57:08.4100980Z  58700K .......... .......... .......... .......... .......... 44%  178M 2s
2026-06-25T21:57:08.4108380Z  58750K .......... .......... .......... .......... .......... 44%  106M 2s
2026-06-25T21:57:08.4112010Z  58800K .......... .......... .......... .......... .......... 44% 75.1M 2s
2026-06-25T21:57:08.4117180Z  58850K .......... .......... .......... .......... .......... 44%  102M 2s
2026-06-25T21:57:08.4120990Z  58900K .......... .......... .......... .......... .......... 44%  203M 2s
2026-06-25T21:57:08.4125050Z  58950K .......... .......... .......... .......... .......... 44% 86.7M 2s
2026-06-25T21:57:08.4133800Z  59000K .......... .......... .......... .......... .......... 44% 76.7M 2s
2026-06-25T21:57:08.4135030Z  59050K .......... .......... .......... .......... .......... 44%  113M 2s
2026-06-25T21:57:08.4152340Z  59100K .......... .......... .......... .......... .......... 44%  397M 2s
2026-06-25T21:57:08.4165090Z  59150K .......... .......... .......... .......... .......... 45% 63.5M 2s
2026-06-25T21:57:08.4175110Z  59200K .......... .......... .......... .......... .......... 45%  221M 2s
2026-06-25T21:57:08.4175450Z  59250K .......... .......... .......... .......... .......... 45%  100M 2s
2026-06-25T21:57:08.4175770Z  59300K .......... .......... .......... .......... .......... 45% 96.5M 2s
2026-06-25T21:57:08.4176230Z  59350K .......... .......... .......... .......... .......... 45% 65.3M 2s
2026-06-25T21:57:08.4176550Z  59400K .......... .......... .......... .......... .......... 45% 58.4M 2s
2026-06-25T21:57:08.4182640Z  59450K .......... .......... .......... .......... .......... 45% 40.1M 2s
2026-06-25T21:57:08.4186880Z  59500K .......... .......... .......... .......... .......... 45%  115M 2s
2026-06-25T21:57:08.4198120Z  59550K .......... .......... .......... .......... .......... 45% 43.0M 2s
2026-06-25T21:57:08.4205650Z  59600K .......... .......... .......... .......... .......... 45% 62.3M 2s
2026-06-25T21:57:08.4216200Z  59650K .......... .......... .......... .......... .......... 45% 51.5M 2s
2026-06-25T21:57:08.4225310Z  59700K .......... .......... .......... .......... .......... 45% 51.0M 2s
2026-06-25T21:57:08.4231360Z  59750K .......... .......... .......... .......... .......... 45% 77.5M 2s
2026-06-25T21:57:08.4239150Z  59800K .......... .......... .......... .......... .......... 45% 62.1M 2s
2026-06-25T21:57:08.4251160Z  59850K .......... .......... .......... .......... .......... 45% 43.4M 2s
2026-06-25T21:57:08.4259630Z  59900K .......... .......... .......... .......... .......... 45% 57.6M 2s
2026-06-25T21:57:08.4268500Z  59950K .......... .......... .......... .......... .......... 45% 53.3M 2s
2026-06-25T21:57:08.4277460Z  60000K .......... .......... .......... .......... .......... 45% 55.0M 2s
2026-06-25T21:57:08.4286990Z  60050K .......... .......... .......... .......... .......... 45% 60.9M 2s
2026-06-25T21:57:08.4296660Z  60100K .......... .......... .......... .......... .......... 45% 46.6M 2s
2026-06-25T21:57:08.4303930Z  60150K .......... .......... .......... .......... .......... 45% 61.4M 2s
2026-06-25T21:57:08.4312260Z  60200K .......... .......... .......... .......... .......... 45% 55.7M 2s
2026-06-25T21:57:08.4322750Z  60250K .......... .......... .......... .......... .......... 45% 55.8M 2s
2026-06-25T21:57:08.4331150Z  60300K .......... .......... .......... .......... .......... 45% 55.0M 2s
2026-06-25T21:57:08.4514180Z  60350K .......... .......... .......... .......... .......... 45% 2.68M 2s
2026-06-25T21:57:08.4517280Z  60400K .......... .......... .......... .......... .......... 45% 98.6M 2s
2026-06-25T21:57:08.4528770Z  60450K .......... .......... .......... .......... .......... 46% 41.0M 2s
2026-06-25T21:57:08.4535380Z  60500K .......... .......... .......... .......... .......... 46% 73.2M 2s
2026-06-25T21:57:08.4545250Z  60550K .......... .......... .......... .......... .......... 46% 50.2M 2s
2026-06-25T21:57:08.4552380Z  60600K .......... .......... .......... .......... .......... 46% 69.5M 2s
2026-06-25T21:57:08.4560620Z  60650K .......... .......... .......... .......... .......... 46% 55.9M 2s
2026-06-25T21:57:08.4572860Z  60700K .......... .......... .......... .......... .......... 46% 42.5M 2s
2026-06-25T21:57:08.4578890Z  60750K .......... .......... .......... .......... .......... 46% 84.5M 2s
2026-06-25T21:57:08.4584920Z  60800K .......... .......... .......... .......... .......... 46% 69.1M 2s
2026-06-25T21:57:08.4591790Z  60850K .......... .......... .......... .......... .......... 46% 69.3M 2s
2026-06-25T21:57:08.4599900Z  60900K .......... .......... .......... .......... .......... 46% 59.8M 2s
2026-06-25T21:57:08.4611200Z  60950K .......... .......... .......... .......... .......... 46% 49.9M 2s
2026-06-25T21:57:08.4617100Z  61000K .......... .......... .......... .......... .......... 46% 67.1M 2s
2026-06-25T21:57:08.4628430Z  61050K .......... .......... .......... .......... .......... 46% 48.2M 2s
2026-06-25T21:57:08.4636280Z  61100K .......... .......... .......... .......... .......... 46% 53.5M 2s
2026-06-25T21:57:08.4643550Z  61150K .......... .......... .......... .......... .......... 46% 71.2M 2s
2026-06-25T21:57:08.4654030Z  61200K .......... .......... .......... .......... .......... 46% 45.0M 2s
2026-06-25T21:57:08.4665530Z  61250K .......... .......... .......... .......... .......... 46% 59.2M 2s
2026-06-25T21:57:08.4671260Z  61300K .......... .......... .......... .......... .......... 46% 56.4M 2s
2026-06-25T21:57:08.4681670Z  61350K .......... .......... .......... .......... .......... 46% 47.6M 2s
2026-06-25T21:57:08.4689020Z  61400K .......... .......... .......... .......... .......... 46% 63.5M 2s
2026-06-25T21:57:08.4696060Z  61450K .......... .......... .......... .......... .......... 46% 68.7M 2s
2026-06-25T21:57:08.4704360Z  61500K .......... .......... .......... .......... .......... 46% 60.5M 2s
2026-06-25T21:57:08.4711120Z  61550K .......... .......... .......... .......... .......... 46% 72.3M 2s
2026-06-25T21:57:08.4721260Z  61600K .......... .......... .......... .......... .......... 46% 47.3M 2s
2026-06-25T21:57:08.4730980Z  61650K .......... .......... .......... .......... .......... 46% 53.0M 2s
2026-06-25T21:57:08.4740420Z  61700K .......... .......... .......... .......... .......... 46% 55.4M 2s
2026-06-25T21:57:08.4750410Z  61750K .......... .......... .......... .......... .......... 46% 49.9M 2s
2026-06-25T21:57:08.4756790Z  61800K .......... .......... .......... .......... .......... 47% 87.5M 2s
2026-06-25T21:57:08.4764540Z  61850K .......... .......... .......... .......... .......... 47% 50.8M 2s
2026-06-25T21:57:08.4769620Z  61900K .......... .......... .......... .......... .......... 47% 88.0M 2s
2026-06-25T21:57:08.4778170Z  61950K .......... .......... .......... .......... .......... 47% 60.7M 2s
2026-06-25T21:57:08.4788920Z  62000K .......... .......... .......... .......... .......... 47% 44.9M 2s
2026-06-25T21:57:08.4792990Z  62050K .......... .......... .......... .......... .......... 47%  132M 2s
2026-06-25T21:57:08.4802450Z  62100K .......... .......... .......... .......... .......... 47% 55.4M 2s
2026-06-25T21:57:08.4808030Z  62150K .......... .......... .......... .......... .......... 47% 71.0M 2s
2026-06-25T21:57:08.4818880Z  62200K .......... .......... .......... .......... .......... 47% 47.5M 2s
2026-06-25T21:57:08.4825690Z  62250K .......... .......... .......... .......... .......... 47% 77.0M 2s
2026-06-25T21:57:08.4835420Z  62300K .......... .......... .......... .......... .......... 47% 54.9M 2s
2026-06-25T21:57:08.4968930Z  62350K .......... .......... .......... .......... .......... 47% 3.64M 2s
2026-06-25T21:57:08.4978300Z  62400K .......... .......... .......... .......... .......... 47% 52.1M 2s
2026-06-25T21:57:08.4979800Z  62450K .......... .......... .......... .......... .......... 47%  319M 2s
2026-06-25T21:57:08.4981790Z  62500K .......... .......... .......... .......... .......... 47%  236M 2s
2026-06-25T21:57:08.4984130Z  62550K .......... .......... .......... .......... .......... 47%  230M 2s
2026-06-25T21:57:08.4990940Z  62600K .......... .......... .......... .......... .......... 47% 81.2M 2s
2026-06-25T21:57:08.4994980Z  62650K .......... .......... .......... .......... .......... 47%  123M 2s
2026-06-25T21:57:08.4997450Z  62700K .......... .......... .......... .......... .......... 47%  115M 2s
2026-06-25T21:57:08.5002300Z  62750K .......... .......... .......... .......... .......... 47%  101M 2s
2026-06-25T21:57:08.5007100Z  62800K .......... .......... .......... .......... .......... 47% 99.4M 2s
2026-06-25T21:57:08.5012210Z  62850K .......... .......... .......... .......... .......... 47%  100M 2s
2026-06-25T21:57:08.5017830Z  62900K .......... .......... .......... .......... .......... 47% 89.9M 2s
2026-06-25T21:57:08.5021120Z  62950K .......... .......... .......... .......... .......... 47%  130M 2s
2026-06-25T21:57:08.5025540Z  63000K .......... .......... .......... .......... .......... 47%  129M 2s
2026-06-25T21:57:08.5029920Z  63050K .......... .......... .......... .......... .......... 47%  130M 2s
2026-06-25T21:57:08.5034380Z  63100K .......... .......... .......... .......... .......... 48%  113M 2s
2026-06-25T21:57:08.5039690Z  63150K .......... .......... .......... .......... .......... 48% 84.3M 2s
2026-06-25T21:57:08.5042610Z  63200K .......... .......... .......... .......... .......... 48%  155M 2s
2026-06-25T21:57:08.5046580Z  63250K .......... .......... .......... .......... .......... 48%  103M 2s
2026-06-25T21:57:08.5051910Z  63300K .......... .......... .......... .......... .......... 48%  100M 2s
2026-06-25T21:57:08.5055830Z  63350K .......... .......... .......... .......... .......... 48%  133M 2s
2026-06-25T21:57:08.5065140Z  63400K .......... .......... .......... .......... .......... 48% 57.8M 2s
2026-06-25T21:57:08.5072330Z  63450K .......... .......... .......... .......... .......... 48% 60.3M 2s
2026-06-25T21:57:08.5073320Z  63500K .......... .......... .......... .......... .......... 48%  265M 2s
2026-06-25T21:57:08.5079320Z  63550K .......... .......... .......... .......... .......... 48% 88.8M 2s
2026-06-25T21:57:08.5082290Z  63600K .......... .......... .......... .......... .......... 48%  176M 2s
2026-06-25T21:57:08.5089130Z  63650K .......... .......... .......... .......... .......... 48% 83.2M 2s
2026-06-25T21:57:08.5092600Z  63700K .......... .......... .......... .......... .......... 48%  107M 2s
2026-06-25T21:57:08.5107670Z  63750K .......... .......... .......... .......... .......... 48% 34.6M 2s
2026-06-25T21:57:08.5109500Z  63800K .......... .......... .......... .......... .......... 48%  150M 2s
2026-06-25T21:57:08.5112780Z  63850K .......... .......... .......... .......... .......... 48%  155M 2s
2026-06-25T21:57:08.5118390Z  63900K .......... .......... .......... .......... .......... 48%  135M 2s
2026-06-25T21:57:08.5118960Z  63950K .......... .......... .......... .......... .......... 48%  198M 2s
2026-06-25T21:57:08.5125370Z  64000K .......... .......... .......... .......... .......... 48%  146M 2s
2026-06-25T21:57:08.5129320Z  64050K .......... .......... .......... .......... .......... 48% 81.9M 2s
2026-06-25T21:57:08.5131860Z  64100K .......... .......... .......... .......... .......... 48%  124M 2s
2026-06-25T21:57:08.5139910Z  64150K .......... .......... .......... .......... .......... 48% 76.9M 2s
2026-06-25T21:57:08.5458330Z  64200K .......... .......... .......... .......... .......... 48% 1.54M 2s
2026-06-25T21:57:08.5458940Z  64250K .......... .......... .......... .......... .......... 48%  167M 2s
2026-06-25T21:57:08.5464850Z  64300K .......... .......... .......... .......... .......... 48% 70.7M 2s
2026-06-25T21:57:08.5468290Z  64350K .......... .......... .......... .......... .......... 48%  184M 2s
2026-06-25T21:57:08.5472510Z  64400K .......... .......... .......... .......... .......... 49% 94.3M 2s
2026-06-25T21:57:08.5478700Z  64450K .......... .......... .......... .......... .......... 49% 83.6M 2s
2026-06-25T21:57:08.5480940Z  64500K .......... .......... .......... .......... .......... 49%  211M 2s
2026-06-25T21:57:08.5486880Z  64550K .......... .......... .......... .......... .......... 49% 95.9M 2s
2026-06-25T21:57:08.5491660Z  64600K .......... .......... .......... .......... .......... 49%  109M 2s
2026-06-25T21:57:08.5493590Z  64650K .......... .......... .......... .......... .......... 49%  144M 2s
2026-06-25T21:57:08.5499930Z  64700K .......... .......... .......... .......... .......... 49% 84.3M 2s
2026-06-25T21:57:08.5503990Z  64750K .......... .......... .......... .......... .......... 49%  122M 2s
2026-06-25T21:57:08.5507800Z  64800K .......... .......... .......... .......... .......... 49%  119M 2s
2026-06-25T21:57:08.5516390Z  64850K .......... .......... .......... .......... .......... 49% 71.7M 2s
2026-06-25T21:57:08.5517000Z  64900K .......... .......... .......... .......... .......... 49%  188M 2s
2026-06-25T21:57:08.5523250Z  64950K .......... .......... .......... .......... .......... 49%  117M 2s
2026-06-25T21:57:08.5551760Z  65000K .......... .......... .......... .......... .......... 49% 17.3M 2s
2026-06-25T21:57:08.5559210Z  65050K .......... .......... .......... .......... .......... 49%  117M 2s
2026-06-25T21:57:08.5561750Z  65100K .......... .......... .......... .......... .......... 49% 64.8M 2s
2026-06-25T21:57:08.5582570Z  65150K .......... .......... .......... .......... .......... 49%  178M 2s
2026-06-25T21:57:08.5583500Z  65200K .......... .......... .......... .......... .......... 49%  215M 2s
2026-06-25T21:57:08.5584410Z  65250K .......... .......... .......... .......... .......... 49%  373M 2s
2026-06-25T21:57:08.5585320Z  65300K .......... .......... .......... .......... .......... 49%  119M 2s
2026-06-25T21:57:08.5586890Z  65350K .......... .......... .......... .......... .......... 49% 82.6M 2s
2026-06-25T21:57:08.5588280Z  65400K .......... .......... .......... .......... .......... 49%  140M 2s
2026-06-25T21:57:08.5590040Z  65450K .......... .......... .......... .......... .......... 49%  143M 2s
2026-06-25T21:57:08.5592930Z  65500K .......... .......... .......... .......... .......... 49%  141M 2s
2026-06-25T21:57:08.5593680Z  65550K .......... .......... .......... .......... .......... 49%  198M 2s
2026-06-25T21:57:08.5599260Z  65600K .......... .......... .......... .......... .......... 49% 63.1M 2s
2026-06-25T21:57:08.5599670Z  65650K .......... .......... .......... .......... .......... 49%  381M 2s
2026-06-25T21:57:08.5602350Z  65700K .......... .......... .......... .......... .......... 49%  172M 2s
2026-06-25T21:57:08.5603930Z  65750K .......... .......... .......... .......... .......... 50%  260M 2s
2026-06-25T21:57:08.5605420Z  65800K .......... .......... .......... .......... .......... 50%  323M 2s
2026-06-25T21:57:08.5607280Z  65850K .......... .......... .......... .......... .......... 50%  287M 2s
2026-06-25T21:57:08.5612790Z  65900K .......... .......... .......... .......... .......... 50%  109M 2s
2026-06-25T21:57:08.5616880Z  65950K .......... .......... .......... .......... .......... 50%  113M 2s
2026-06-25T21:57:08.5624100Z  66000K .......... .......... .......... .......... .......... 50% 64.0M 2s
2026-06-25T21:57:08.5634150Z  66050K .......... .......... .......... .......... .......... 50% 52.6M 2s
2026-06-25T21:57:08.5841120Z  66100K .......... .......... .......... .......... .......... 50% 2.35M 2s
2026-06-25T21:57:08.5852060Z  66150K .......... .......... .......... .......... .......... 50% 42.3M 2s
2026-06-25T21:57:08.5868130Z  66200K .......... .......... .......... .......... .......... 50% 31.0M 2s
2026-06-25T21:57:08.5879280Z  66250K .......... .......... .......... .......... .......... 50% 44.8M 2s
2026-06-25T21:57:08.5891250Z  66300K .......... .......... .......... .......... .......... 50% 38.7M 2s
2026-06-25T21:57:08.5905720Z  66350K .......... .......... .......... .......... .......... 50% 33.7M 2s
2026-06-25T21:57:08.5918240Z  66400K .......... .......... .......... .......... .......... 50% 41.1M 2s
2026-06-25T21:57:08.5934900Z  66450K .......... .......... .......... .......... .......... 50% 28.9M 2s
2026-06-25T21:57:08.5947090Z  66500K .......... .......... .......... .......... .......... 50% 44.0M 2s
2026-06-25T21:57:08.5958630Z  66550K .......... .......... .......... .......... .......... 50% 43.6M 2s
2026-06-25T21:57:08.5976020Z  66600K .......... .......... .......... .......... .......... 50% 27.6M 2s
2026-06-25T21:57:08.5985350Z  66650K .......... .......... .......... .......... .......... 50% 54.2M 2s
2026-06-25T21:57:08.5995330Z  66700K .......... .......... .......... .......... .......... 50% 60.6M 2s
2026-06-25T21:57:08.6000300Z  66750K .......... .......... .......... .......... .......... 50% 65.5M 2s
2026-06-25T21:57:08.6009880Z  66800K .......... .......... .......... .......... .......... 50% 62.0M 2s
2026-06-25T21:57:08.6018240Z  66850K .......... .......... .......... .......... .......... 50% 50.2M 2s
2026-06-25T21:57:08.6026820Z  66900K .......... .......... .......... .......... .......... 50% 59.8M 2s
2026-06-25T21:57:08.6043420Z  66950K .......... .......... .......... .......... .......... 50% 30.7M 2s
2026-06-25T21:57:08.6049950Z  67000K .......... .......... .......... .......... .......... 50%  107M 2s
2026-06-25T21:57:08.6058170Z  67050K .......... .......... .......... .......... .......... 51%  125M 2s
2026-06-25T21:57:08.6060790Z  67100K .......... .......... .......... .......... .......... 51% 47.0M 2s
2026-06-25T21:57:08.6070490Z  67150K .......... .......... .......... .......... .......... 51% 52.1M 2s
2026-06-25T21:57:08.6084380Z  67200K .......... .......... .......... .......... .......... 51% 34.4M 2s
2026-06-25T21:57:08.6095390Z  67250K .......... .......... .......... .......... .......... 51% 41.1M 2s
2026-06-25T21:57:08.6107170Z  67300K .......... .......... .......... .......... .......... 51% 43.3M 2s
2026-06-25T21:57:08.6122790Z  67350K .......... .......... .......... .......... .......... 51% 30.2M 2s
2026-06-25T21:57:08.6134840Z  67400K .......... .......... .......... .......... .......... 51% 42.6M 2s
2026-06-25T21:57:08.6148050Z  67450K .......... .......... .......... .......... .......... 51% 35.0M 2s
2026-06-25T21:57:08.6162300Z  67500K .......... .......... .......... .......... .......... 51% 36.3M 2s
2026-06-25T21:57:08.6176990Z  67550K .......... .......... .......... .......... .......... 51% 33.8M 2s
2026-06-25T21:57:08.6194450Z  67600K .......... .......... .......... .......... .......... 51% 27.3M 2s
2026-06-25T21:57:08.6206930Z  67650K .......... .......... .......... .......... .......... 51% 37.0M 2s
2026-06-25T21:57:08.6220120Z  67700K .......... .......... .......... .......... .......... 51% 37.0M 2s
2026-06-25T21:57:08.6230440Z  67750K .......... .......... .......... .......... .......... 51% 60.4M 2s
2026-06-25T21:57:08.6237020Z  67800K .......... .......... .......... .......... .......... 51% 57.2M 2s
2026-06-25T21:57:08.6246580Z  67850K .......... .......... .......... .......... .......... 51% 49.8M 2s
2026-06-25T21:57:08.6253420Z  67900K .......... .......... .......... .......... .......... 51% 74.8M 2s
2026-06-25T21:57:08.6265050Z  67950K .......... .......... .......... .......... .......... 51% 43.7M 2s
2026-06-25T21:57:08.6268620Z  68000K .......... .......... .......... .......... .......... 51%  109M 2s
2026-06-25T21:57:08.6278010Z  68050K .......... .......... .......... .......... .......... 51% 54.1M 2s
2026-06-25T21:57:08.6289370Z  68100K .......... .......... .......... .......... .......... 51% 49.7M 2s
2026-06-25T21:57:08.6295290Z  68150K .......... .......... .......... .......... .......... 51% 64.2M 2s
2026-06-25T21:57:08.6304010Z  68200K .......... .......... .......... .......... .......... 51% 57.2M 2s
2026-06-25T21:57:08.6355780Z  68250K .......... .......... .......... .......... .......... 51% 9.82M 2s
2026-06-25T21:57:08.6360320Z  68300K .......... .......... .......... .......... .......... 51% 69.8M 2s
2026-06-25T21:57:08.6368290Z  68350K .......... .......... .......... .......... .......... 52% 63.9M 2s
2026-06-25T21:57:08.6376160Z  68400K .......... .......... .......... .......... .......... 52% 59.0M 2s
2026-06-25T21:57:08.6386070Z  68450K .......... .......... .......... .......... .......... 52% 50.3M 2s
2026-06-25T21:57:08.6398590Z  68500K .......... .......... .......... .......... .......... 52% 42.1M 2s
2026-06-25T21:57:08.6405590Z  68550K .......... .......... .......... .......... .......... 52% 61.1M 2s
2026-06-25T21:57:08.6418480Z  68600K .......... .......... .......... .......... .......... 52% 43.8M 2s
2026-06-25T21:57:08.6424100Z  68650K .......... .......... .......... .......... .......... 52% 64.7M 2s
2026-06-25T21:57:08.6435300Z  68700K .......... .......... .......... .......... .......... 52% 44.8M 2s
2026-06-25T21:57:08.6446520Z  68750K .......... .......... .......... .......... .......... 52% 48.7M 2s
2026-06-25T21:57:08.6453500Z  68800K .......... .......... .......... .......... .......... 52% 63.6M 2s
2026-06-25T21:57:08.6461820Z  68850K .......... .......... .......... .......... .......... 52% 53.0M 2s
2026-06-25T21:57:08.6475910Z  68900K .......... .......... .......... .......... .......... 52% 35.5M 2s
2026-06-25T21:57:08.6492340Z  68950K .......... .......... .......... .......... .......... 52% 36.3M 2s
2026-06-25T21:57:08.6502070Z  69000K .......... .......... .......... .......... .......... 52% 56.6M 2s
2026-06-25T21:57:08.6506270Z  69050K .......... .......... .......... .......... .......... 52% 58.3M 2s
2026-06-25T21:57:08.6513340Z  69100K .......... .......... .......... .......... .......... 52% 68.3M 2s
2026-06-25T21:57:08.6521600Z  69150K .......... .......... .......... .......... .......... 52% 67.0M 2s
2026-06-25T21:57:08.6532720Z  69200K .......... .......... .......... .......... .......... 52% 45.0M 2s
2026-06-25T21:57:08.6537830Z  69250K .......... .......... .......... .......... .......... 52% 78.1M 2s
2026-06-25T21:57:08.6550380Z  69300K .......... .......... .......... .......... .......... 52% 40.8M 2s
2026-06-25T21:57:08.6565700Z  69350K .......... .......... .......... .......... .......... 52% 33.0M 2s
2026-06-25T21:57:08.6574810Z  69400K .......... .......... .......... .......... .......... 52% 47.0M 2s
2026-06-25T21:57:08.6588170Z  69450K .......... .......... .......... .......... .......... 52% 37.2M 2s
2026-06-25T21:57:08.6610880Z  69500K .......... .......... .......... .......... .......... 52% 22.5M 2s
2026-06-25T21:57:08.6613290Z  69550K .......... .......... .......... .......... .......... 52%  160M 2s
2026-06-25T21:57:08.6620740Z  69600K .......... .......... .......... .......... .......... 52% 64.8M 2s
2026-06-25T21:57:08.6627520Z  69650K .......... .......... .......... .......... .......... 52% 71.6M 2s
2026-06-25T21:57:08.6637720Z  69700K .......... .......... .......... .......... .......... 53% 48.1M 2s
2026-06-25T21:57:08.6646380Z  69750K .......... .......... .......... .......... .......... 53% 53.6M 2s
2026-06-25T21:57:08.6654380Z  69800K .......... .......... .......... .......... .......... 53% 62.0M 2s
2026-06-25T21:57:08.6663630Z  69850K .......... .......... .......... .......... .......... 53% 52.7M 2s
2026-06-25T21:57:08.6671800Z  69900K .......... .......... .......... .......... .......... 53% 58.2M 2s
2026-06-25T21:57:08.6682170Z  69950K .......... .......... .......... .......... .......... 53% 53.8M 2s
2026-06-25T21:57:08.6691690Z  70000K .......... .......... .......... .......... .......... 53% 50.3M 2s
2026-06-25T21:57:08.6700720Z  70050K .......... .......... .......... .......... .......... 53% 52.4M 2s
2026-06-25T21:57:08.6708810Z  70100K .......... .......... .......... .......... .......... 53% 62.6M 2s
2026-06-25T21:57:08.6897740Z  70150K .......... .......... .......... .......... .......... 53% 2.59M 2s
2026-06-25T21:57:08.6911440Z  70200K .......... .......... .......... .......... .......... 53% 74.8M 2s
2026-06-25T21:57:08.6913760Z  70250K .......... .......... .......... .......... .......... 53%  140M 2s
2026-06-25T21:57:08.6914310Z  70300K .......... .......... .......... .......... .......... 53% 73.2M 2s
2026-06-25T21:57:08.6917920Z  70350K .......... .......... .......... .......... .......... 53% 97.3M 2s
2026-06-25T21:57:08.6927710Z  70400K .......... .......... .......... .......... .......... 53%  176M 2s
2026-06-25T21:57:08.6928580Z  70450K .......... .......... .......... .......... .......... 53%  200M 2s
2026-06-25T21:57:08.6929200Z  70500K .......... .......... .......... .......... .......... 53%  158M 2s
2026-06-25T21:57:08.6931620Z  70550K .......... .......... .......... .......... .......... 53%  119M 2s
2026-06-25T21:57:08.6938760Z  70600K .......... .......... .......... .......... .......... 53% 95.7M 2s
2026-06-25T21:57:08.6940540Z  70650K .......... .......... .......... .......... .......... 53%  167M 2s
2026-06-25T21:57:08.6948070Z  70700K .......... .......... .......... .......... .......... 53% 66.9M 2s
2026-06-25T21:57:08.6952960Z  70750K .......... .......... .......... .......... .......... 53%  104M 2s
2026-06-25T21:57:08.6955230Z  70800K .......... .......... .......... .......... .......... 53%  190M 2s
2026-06-25T21:57:08.6961750Z  70850K .......... .......... .......... .......... .......... 53% 62.3M 2s
2026-06-25T21:57:08.6967710Z  70900K .......... .......... .......... .......... .......... 53%  106M 2s
2026-06-25T21:57:08.6972070Z  70950K .......... .......... .......... .......... .......... 53% 95.0M 2s
2026-06-25T21:57:08.6975570Z  71000K .......... .......... .......... .......... .......... 54%  143M 2s
2026-06-25T21:57:08.6979260Z  71050K .......... .......... .......... .......... .......... 54%  128M 2s
2026-06-25T21:57:08.6985770Z  71100K .......... .......... .......... .......... .......... 54% 96.5M 2s
2026-06-25T21:57:08.6987910Z  71150K .......... .......... .......... .......... .......... 54%  190M 2s
2026-06-25T21:57:08.6991680Z  71200K .......... .......... .......... .......... .......... 54% 77.6M 2s
2026-06-25T21:57:08.6998960Z  71250K .......... .......... .......... .......... .......... 54% 69.3M 2s
2026-06-25T21:57:08.7003760Z  71300K .......... .......... .......... .......... .......... 54%  169M 2s
2026-06-25T21:57:08.7010310Z  71350K .......... .......... .......... .......... .......... 54% 60.1M 2s
2026-06-25T21:57:08.7021050Z  71400K .......... .......... .......... .......... .......... 54% 44.4M 2s
2026-06-25T21:57:08.7028580Z  71450K .......... .......... .......... .......... .......... 54% 70.1M 2s
2026-06-25T21:57:08.7038140Z  71500K .......... .......... .......... .......... .......... 54% 50.5M 2s
2026-06-25T21:57:08.7046170Z  71550K .......... .......... .......... .......... .......... 54% 59.5M 2s
2026-06-25T21:57:08.7054380Z  71600K .......... .......... .......... .......... .......... 54% 55.1M 2s
2026-06-25T21:57:08.7068720Z  71650K .......... .......... .......... .......... .......... 54% 35.5M 2s
2026-06-25T21:57:08.7077990Z  71700K .......... .......... .......... .......... .......... 54% 48.4M 2s
2026-06-25T21:57:08.7092510Z  71750K .......... .......... .......... .......... .......... 54% 35.8M 2s
2026-06-25T21:57:08.7099120Z  71800K .......... .......... .......... .......... .......... 54% 65.4M 2s
2026-06-25T21:57:08.7283330Z  71850K .......... .......... .......... .......... .......... 54% 2.66M 2s
2026-06-25T21:57:08.7288490Z  71900K .......... .......... .......... .......... .......... 54% 80.7M 2s
2026-06-25T21:57:08.7300970Z  71950K .......... .......... .......... .......... .......... 54% 48.6M 2s
2026-06-25T21:57:08.7307590Z  72000K .......... .......... .......... .......... .......... 54% 55.3M 2s
2026-06-25T21:57:08.7317430Z  72050K .......... .......... .......... .......... .......... 54% 52.1M 2s
2026-06-25T21:57:08.7328490Z  72100K .......... .......... .......... .......... .......... 54% 45.1M 2s
2026-06-25T21:57:08.7337190Z  72150K .......... .......... .......... .......... .......... 54% 62.0M 2s
2026-06-25T21:57:08.7344870Z  72200K .......... .......... .......... .......... .......... 54% 55.3M 2s
2026-06-25T21:57:08.7354100Z  72250K .......... .......... .......... .......... .......... 54% 51.0M 2s
2026-06-25T21:57:08.7362530Z  72300K .......... .......... .......... .......... .......... 55% 57.4M 2s
2026-06-25T21:57:08.7372430Z  72350K .......... .......... .......... .......... .......... 55% 52.7M 2s
2026-06-25T21:57:08.7380900Z  72400K .......... .......... .......... .......... .......... 55% 53.7M 2s
2026-06-25T21:57:08.7388590Z  72450K .......... .......... .......... .......... .......... 55% 66.1M 2s
2026-06-25T21:57:08.7397010Z  72500K .......... .......... .......... .......... .......... 55% 55.0M 2s
2026-06-25T21:57:08.7405950Z  72550K .......... .......... .......... .......... .......... 55% 56.4M 2s
2026-06-25T21:57:08.7413140Z  72600K .......... .......... .......... .......... .......... 55% 65.9M 2s
2026-06-25T21:57:08.7423030Z  72650K .......... .......... .......... .......... .......... 55% 49.8M 2s
2026-06-25T21:57:08.7433850Z  72700K .......... .......... .......... .......... .......... 55% 47.6M 2s
2026-06-25T21:57:08.7443020Z  72750K .......... .......... .......... .......... .......... 55% 51.6M 2s
2026-06-25T21:57:08.7450340Z  72800K .......... .......... .......... .......... .......... 55% 65.5M 2s
2026-06-25T21:57:08.7457350Z  72850K .......... .......... .......... .......... .......... 55% 69.5M 2s
2026-06-25T21:57:08.7468720Z  72900K .......... .......... .......... .......... .......... 55% 41.8M 2s
2026-06-25T21:57:08.7483130Z  72950K .......... .......... .......... .......... .......... 55% 34.5M 2s
2026-06-25T21:57:08.7493440Z  73000K .......... .......... .......... .......... .......... 55% 46.5M 2s
2026-06-25T21:57:08.7506710Z  73050K .......... .......... .......... .......... .......... 55% 39.5M 2s
2026-06-25T21:57:08.7519050Z  73100K .......... .......... .......... .......... .......... 55% 39.0M 2s
2026-06-25T21:57:08.7525310Z  73150K .......... .......... .......... .......... .......... 55%  103M 2s
2026-06-25T21:57:08.7538010Z  73200K .......... .......... .......... .......... .......... 55% 33.5M 2s
2026-06-25T21:57:08.7543960Z  73250K .......... .......... .......... .......... .......... 55% 83.6M 2s
2026-06-25T21:57:08.7550240Z  73300K .......... .......... .......... .......... .......... 55% 70.8M 2s
2026-06-25T21:57:08.7564450Z  73350K .......... .......... .......... .......... .......... 55% 39.0M 2s
2026-06-25T21:57:08.7572680Z  73400K .......... .......... .......... .......... .......... 55% 52.1M 2s
2026-06-25T21:57:08.7583100Z  73450K .......... .......... .......... .......... .......... 55% 46.1M 2s
2026-06-25T21:57:08.7593660Z  73500K .......... .......... .......... .......... .......... 55% 45.1M 2s
2026-06-25T21:57:08.7603740Z  73550K .......... .......... .......... .......... .......... 55% 49.0M 2s
2026-06-25T21:57:08.7615230Z  73600K .......... .......... .......... .......... .......... 55% 48.0M 2s
2026-06-25T21:57:08.7620830Z  73650K .......... .......... .......... .......... .......... 56% 79.0M 2s
2026-06-25T21:57:08.7632520Z  73700K .......... .......... .......... .......... .......... 56% 38.7M 2s
2026-06-25T21:57:08.7641100Z  73750K .......... .......... .......... .......... .......... 56% 62.8M 2s
2026-06-25T21:57:08.7649400Z  73800K .......... .......... .......... .......... .......... 56% 61.3M 2s
2026-06-25T21:57:08.7655000Z  73850K .......... .......... .......... .......... .......... 56% 76.2M 2s
2026-06-25T21:57:08.7659220Z  73900K .......... .......... .......... .......... .......... 56%  109M 2s
2026-06-25T21:57:08.7666620Z  73950K .......... .......... .......... .......... .......... 56% 64.8M 2s
2026-06-25T21:57:08.7763950Z  74000K .......... .......... .......... .......... .......... 56% 5.04M 2s
2026-06-25T21:57:08.7772780Z  74050K .......... .......... .......... .......... .......... 56% 54.7M 2s
2026-06-25T21:57:08.7783810Z  74100K .......... .......... .......... .......... .......... 56% 48.1M 2s
2026-06-25T21:57:08.7792090Z  74150K .......... .......... .......... .......... .......... 56% 52.9M 2s
2026-06-25T21:57:08.7804110Z  74200K .......... .......... .......... .......... .......... 56% 48.2M 2s
2026-06-25T21:57:08.7808670Z  74250K .......... .......... .......... .......... .......... 56% 74.1M 2s
2026-06-25T21:57:08.7818650Z  74300K .......... .......... .......... .......... .......... 56% 51.7M 2s
2026-06-25T21:57:08.7825030Z  74350K .......... .......... .......... .......... .......... 56% 74.7M 2s
2026-06-25T21:57:08.7833450Z  74400K .......... .......... .......... .......... .......... 56% 59.0M 2s
2026-06-25T21:57:08.7843320Z  74450K .......... .......... .......... .......... .......... 56% 48.4M 2s
2026-06-25T21:57:08.7850070Z  74500K .......... .......... .......... .......... .......... 56% 70.9M 2s
2026-06-25T21:57:08.7857360Z  74550K .......... .......... .......... .......... .......... 56% 73.1M 2s
2026-06-25T21:57:08.7865110Z  74600K .......... .......... .......... .......... .......... 56% 63.7M 2s
2026-06-25T21:57:08.7872490Z  74650K .......... .......... .......... .......... .......... 56% 61.0M 2s
2026-06-25T21:57:08.7879880Z  74700K .......... .......... .......... .......... .......... 56% 64.6M 2s
2026-06-25T21:57:08.7890770Z  74750K .......... .......... .......... .......... .......... 56% 59.1M 2s
2026-06-25T21:57:08.7895460Z  74800K .......... .......... .......... .......... .......... 56% 72.9M 2s
2026-06-25T21:57:08.7904290Z  74850K .......... .......... .......... .......... .......... 56% 52.6M 2s
2026-06-25T21:57:08.7910950Z  74900K .......... .......... .......... .......... .......... 56% 76.8M 2s
2026-06-25T21:57:08.7917890Z  74950K .......... .......... .......... .......... .......... 57% 65.8M 2s
2026-06-25T21:57:08.7927840Z  75000K .......... .......... .......... .......... .......... 57% 49.1M 2s
2026-06-25T21:57:08.7934700Z  75050K .......... .......... .......... .......... .......... 57% 79.9M 2s
2026-06-25T21:57:08.7942510Z  75100K .......... .......... .......... .......... .......... 57% 58.2M 2s
2026-06-25T21:57:08.7950010Z  75150K .......... .......... .......... .......... .......... 57% 66.4M 2s
2026-06-25T21:57:08.7965430Z  75200K .......... .......... .......... .......... .......... 57% 37.6M 2s
2026-06-25T21:57:08.7983090Z  75250K .......... .......... .......... .......... .......... 57% 25.1M 2s
2026-06-25T21:57:08.7986540Z  75300K .......... .......... .......... .......... .......... 57%  118M 2s
2026-06-25T21:57:08.7989470Z  75350K .......... .......... .......... .......... .......... 57%  154M 2s
2026-06-25T21:57:08.7998400Z  75400K .......... .......... .......... .......... .......... 57% 61.7M 2s
2026-06-25T21:57:08.8009490Z  75450K .......... .......... .......... .......... .......... 57% 46.5M 2s
2026-06-25T21:57:08.8015770Z  75500K .......... .......... .......... .......... .......... 57% 61.9M 2s
2026-06-25T21:57:08.8024370Z  75550K .......... .......... .......... .......... .......... 57% 57.8M 2s
2026-06-25T21:57:08.8036480Z  75600K .......... .......... .......... .......... .......... 57% 42.1M 2s
2026-06-25T21:57:08.8043630Z  75650K .......... .......... .......... .......... .......... 57% 63.9M 2s
2026-06-25T21:57:08.8054030Z  75700K .......... .......... .......... .......... .......... 57% 45.8M 2s
2026-06-25T21:57:08.8064770Z  75750K .......... .......... .......... .......... .......... 57% 45.9M 2s
2026-06-25T21:57:08.8071440Z  75800K .......... .......... .......... .......... .......... 57% 71.5M 2s
2026-06-25T21:57:08.8085120Z  75850K .......... .......... .......... .......... .......... 57% 36.2M 2s
2026-06-25T21:57:08.8291510Z  75900K .......... .......... .......... .......... .......... 57% 2.39M 2s
2026-06-25T21:57:08.8292240Z  75950K .......... .......... .......... .......... .......... 57%  265M 2s
2026-06-25T21:57:08.8296320Z  76000K .......... .......... .......... .......... .......... 57% 87.3M 2s
2026-06-25T21:57:08.8297930Z  76050K .......... .......... .......... .......... .......... 57%  428M 2s
2026-06-25T21:57:08.8304720Z  76100K .......... .......... .......... .......... .......... 57% 76.8M 2s
2026-06-25T21:57:08.8310080Z  76150K .......... .......... .......... .......... .......... 57% 91.4M 2s
2026-06-25T21:57:08.8312980Z  76200K .......... .......... .......... .......... .......... 57%  140M 2s
2026-06-25T21:57:08.8319050Z  76250K .......... .......... .......... .......... .......... 58%  123M 2s
2026-06-25T21:57:08.8325500Z  76300K .......... .......... .......... .......... .......... 58% 72.6M 2s
2026-06-25T21:57:08.8327210Z  76350K .......... .......... .......... .......... .......... 58%  161M 2s
2026-06-25T21:57:08.8331950Z  76400K .......... .......... .......... .......... .......... 58% 90.3M 2s
2026-06-25T21:57:08.8341800Z  76450K .......... .......... .......... .......... .......... 58% 77.1M 2s
2026-06-25T21:57:08.8343500Z  76500K .......... .......... .......... .......... .......... 58%  136M 2s
2026-06-25T21:57:08.8348600Z  76550K .......... .......... .......... .......... .......... 58% 88.9M 2s
2026-06-25T21:57:08.8352590Z  76600K .......... .......... .......... .......... .......... 58%  109M 2s
2026-06-25T21:57:08.8355310Z  76650K .......... .......... .......... .......... .......... 58%  154M 2s
2026-06-25T21:57:08.8361930Z  76700K .......... .......... .......... .......... .......... 58% 83.5M 2s
2026-06-25T21:57:08.8367230Z  76750K .......... .......... .......... .......... .......... 58% 83.9M 2s
2026-06-25T21:57:08.8372470Z  76800K .......... .......... .......... .......... .......... 58%  111M 2s
2026-06-25T21:57:08.8377230Z  76850K .......... .......... .......... .......... .......... 58% 78.9M 2s
2026-06-25T21:57:08.8382560Z  76900K .......... .......... .......... .......... .......... 58% 92.5M 2s
2026-06-25T21:57:08.8386240Z  76950K .......... .......... .......... .......... .......... 58%  145M 2s
2026-06-25T21:57:08.8393690Z  77000K .......... .......... .......... .......... .......... 58% 73.0M 2s
2026-06-25T21:57:08.8395350Z  77050K .......... .......... .......... .......... .......... 58%  171M 2s
2026-06-25T21:57:08.8412510Z  77100K .......... .......... .......... .......... .......... 58%  114M 2s
2026-06-25T21:57:08.8413150Z  77150K .......... .......... .......... .......... .......... 58% 88.5M 2s
2026-06-25T21:57:08.8413880Z  77200K .......... .......... .......... .......... .......... 58% 58.3M 2s
2026-06-25T21:57:08.8421020Z  77250K .......... .......... .......... .......... .......... 58% 68.2M 2s
2026-06-25T21:57:08.8423900Z  77300K .......... .......... .......... .......... .......... 58%  225M 2s
2026-06-25T21:57:08.8429380Z  77350K .......... .......... .......... .......... .......... 58% 90.8M 2s
2026-06-25T21:57:08.8432440Z  77400K .......... .......... .......... .......... .......... 58%  124M 2s
2026-06-25T21:57:08.8441010Z  77450K .......... .......... .......... .......... .......... 58% 55.3M 2s
2026-06-25T21:57:08.8451390Z  77500K .......... .......... .......... .......... .......... 58% 49.4M 2s
2026-06-25T21:57:08.8461300Z  77550K .......... .......... .......... .......... .......... 59% 53.2M 2s
2026-06-25T21:57:08.8471300Z  77600K .......... .......... .......... .......... .......... 59% 44.2M 2s
2026-06-25T21:57:08.8479890Z  77650K .......... .......... .......... .......... .......... 59% 68.4M 2s
2026-06-25T21:57:08.8683220Z  77700K .......... .......... .......... .......... .......... 59% 2.41M 2s
2026-06-25T21:57:08.8683870Z  77750K .......... .......... .......... .......... .......... 59%  174M 2s
2026-06-25T21:57:08.8690470Z  77800K .......... .......... .......... .......... .......... 59% 70.0M 2s
2026-06-25T21:57:08.8697390Z  77850K .......... .......... .......... .......... .......... 59% 79.0M 2s
2026-06-25T21:57:08.8697980Z  77900K .......... .......... .......... .......... .......... 59%  483M 2s
2026-06-25T21:57:08.8702180Z  77950K .......... .......... .......... .......... .......... 59%  137M 2s
2026-06-25T21:57:08.8707220Z  78000K .......... .......... .......... .......... .......... 59% 82.2M 2s
2026-06-25T21:57:08.8708880Z  78050K .......... .......... .......... .......... .......... 59%  334M 2s
2026-06-25T21:57:08.8713610Z  78100K .......... .......... .......... .......... .......... 59% 95.0M 2s
2026-06-25T21:57:08.8721250Z  78150K .......... .......... .......... .......... .......... 59% 68.7M 2s
2026-06-25T21:57:08.8732630Z  78200K .......... .......... .......... .......... .......... 59% 46.0M 2s
2026-06-25T21:57:08.8743680Z  78250K .......... .......... .......... .......... .......... 59% 45.1M 2s
2026-06-25T21:57:08.8748360Z  78300K .......... .......... .......... .......... .......... 59% 80.6M 2s
2026-06-25T21:57:08.8758790Z  78350K .......... .......... .......... .......... .......... 59% 47.6M 2s
2026-06-25T21:57:08.8769040Z  78400K .......... .......... .......... .......... .......... 59% 50.5M 2s
2026-06-25T21:57:08.8779990Z  78450K .......... .......... .......... .......... .......... 59% 44.0M 2s
2026-06-25T21:57:08.8786750Z  78500K .......... .......... .......... .......... .......... 59% 75.6M 2s
2026-06-25T21:57:08.8795250Z  78550K .......... .......... .......... .......... .......... 59% 55.6M 2s
2026-06-25T21:57:08.8804890Z  78600K .......... .......... .......... .......... .......... 59% 50.2M 2s
2026-06-25T21:57:08.8810120Z  78650K .......... .......... .......... .......... .......... 59% 86.0M 2s
2026-06-25T21:57:08.8821770Z  78700K .......... .......... .......... .......... .......... 59% 42.1M 2s
2026-06-25T21:57:08.8826760Z  78750K .......... .......... .......... .......... .......... 59% 97.9M 2s
2026-06-25T21:57:08.8833110Z  78800K .......... .......... .......... .......... .......... 59% 80.3M 2s
2026-06-25T21:57:08.8843200Z  78850K .......... .......... .......... .......... .......... 59% 45.6M 2s
2026-06-25T21:57:08.8849240Z  78900K .......... .......... .......... .......... .......... 60% 89.4M 2s
2026-06-25T21:57:08.8860420Z  78950K .......... .......... .......... .......... .......... 60% 41.6M 2s
2026-06-25T21:57:08.8867060Z  79000K .......... .......... .......... .......... .......... 60% 83.8M 2s
2026-06-25T21:57:08.8876340Z  79050K .......... .......... .......... .......... .......... 60% 51.8M 2s
2026-06-25T21:57:08.8884320Z  79100K .......... .......... .......... .......... .......... 60% 56.8M 2s
2026-06-25T21:57:08.8891290Z  79150K .......... .......... .......... .......... .......... 60% 71.5M 2s
2026-06-25T21:57:08.8901060Z  79200K .......... .......... .......... .......... .......... 60% 54.5M 2s
2026-06-25T21:57:08.8911370Z  79250K .......... .......... .......... .......... .......... 60% 43.7M 2s
2026-06-25T21:57:08.8916690Z  79300K .......... .......... .......... .......... .......... 60% 92.1M 2s
2026-06-25T21:57:08.8925530Z  79350K .......... .......... .......... .......... .......... 60% 54.4M 2s
2026-06-25T21:57:08.8937300Z  79400K .......... .......... .......... .......... .......... 60% 48.3M 2s
2026-06-25T21:57:08.8944610Z  79450K .......... .......... .......... .......... .......... 60% 56.8M 2s
2026-06-25T21:57:08.8949430Z  79500K .......... .......... .......... .......... .......... 60% 98.0M 2s
2026-06-25T21:57:08.8958910Z  79550K .......... .......... .......... .......... .......... 60% 59.6M 2s
2026-06-25T21:57:08.8965710Z  79600K .......... .......... .......... .......... .......... 60% 60.5M 2s
2026-06-25T21:57:08.8972020Z  79650K .......... .......... .......... .......... .......... 60% 76.7M 2s
2026-06-25T21:57:08.8981610Z  79700K .......... .......... .......... .......... .......... 60% 62.4M 2s
2026-06-25T21:57:08.8990490Z  79750K .......... .......... .......... .......... .......... 60% 54.7M 2s
2026-06-25T21:57:08.8998960Z  79800K .......... .......... .......... .......... .......... 60% 64.1M 2s
2026-06-25T21:57:08.9004830Z  79850K .......... .......... .......... .......... .......... 60% 57.2M 2s
2026-06-25T21:57:08.9181430Z  79900K .......... .......... .......... .......... .......... 60% 2.83M 2s
2026-06-25T21:57:08.9192930Z  79950K .......... .......... .......... .......... .......... 60% 33.3M 2s
2026-06-25T21:57:08.9203240Z  80000K .......... .......... .......... .......... .......... 60% 43.7M 2s
2026-06-25T21:57:08.9209450Z  80050K .......... .......... .......... .......... .......... 60% 81.4M 2s
2026-06-25T21:57:08.9221120Z  80100K .......... .......... .......... .......... .......... 60% 45.3M 2s
2026-06-25T21:57:08.9228170Z  80150K .......... .......... .......... .......... .......... 60% 60.4M 2s
2026-06-25T21:57:08.9240240Z  80200K .......... .......... .......... .......... .......... 61% 43.1M 2s
2026-06-25T21:57:08.9249930Z  80250K .......... .......... .......... .......... .......... 61% 50.3M 2s
2026-06-25T21:57:08.9255720Z  80300K .......... .......... .......... .......... .......... 61% 73.9M 2s
2026-06-25T21:57:08.9266350Z  80350K .......... .......... .......... .......... .......... 61% 46.9M 2s
2026-06-25T21:57:08.9276100Z  80400K .......... .......... .......... .......... .......... 61% 49.5M 2s
2026-06-25T21:57:08.9283490Z  80450K .......... .......... .......... .......... .......... 61% 63.7M 2s
2026-06-25T21:57:08.9296560Z  80500K .......... .......... .......... .......... .......... 61% 46.2M 2s
2026-06-25T21:57:08.9306310Z  80550K .......... .......... .......... .......... .......... 61% 44.9M 2s
2026-06-25T21:57:08.9315140Z  80600K .......... .......... .......... .......... .......... 61% 54.9M 2s
2026-06-25T21:57:08.9322250Z  80650K .......... .......... .......... .......... .......... 61% 85.8M 2s
2026-06-25T21:57:08.9329890Z  80700K .......... .......... .......... .......... .......... 61% 49.7M 2s
2026-06-25T21:57:08.9337640Z  80750K .......... .......... .......... .......... .......... 61% 62.8M 2s
2026-06-25T21:57:08.9345900Z  80800K .......... .......... .......... .......... .......... 61% 61.3M 2s
2026-06-25T21:57:08.9354690Z  80850K .......... .......... .......... .......... .......... 61% 51.7M 2s
2026-06-25T21:57:08.9361740Z  80900K .......... .......... .......... .......... .......... 61% 69.4M 2s
2026-06-25T21:57:08.9370220Z  80950K .......... .......... .......... .......... .......... 61% 71.0M 2s
2026-06-25T21:57:08.9377280Z  81000K .......... .......... .......... .......... .......... 61% 58.8M 2s
2026-06-25T21:57:08.9390740Z  81050K .......... .......... .......... .......... .......... 61% 37.4M 2s
2026-06-25T21:57:08.9395230Z  81100K .......... .......... .......... .......... .......... 61% 95.2M 2s
2026-06-25T21:57:08.9406710Z  81150K .......... .......... .......... .......... .......... 61% 49.1M 2s
2026-06-25T21:57:08.9414050Z  81200K .......... .......... .......... .......... .......... 61% 55.3M 2s
2026-06-25T21:57:08.9423310Z  81250K .......... .......... .......... .......... .......... 61% 51.5M 2s
2026-06-25T21:57:08.9440990Z  81300K .......... .......... .......... .......... .......... 61% 33.8M 2s
2026-06-25T21:57:08.9457230Z  81350K .......... .......... .......... .......... .......... 61% 25.8M 2s
2026-06-25T21:57:08.9470050Z  81400K .......... .......... .......... .......... .......... 61% 44.6M 2s
2026-06-25T21:57:08.9481150Z  81450K .......... .......... .......... .......... .......... 61% 35.9M 2s
2026-06-25T21:57:08.9487890Z  81500K .......... .......... .......... .......... .......... 62% 73.1M 2s
2026-06-25T21:57:08.9497580Z  81550K .......... .......... .......... .......... .......... 62% 60.5M 2s
2026-06-25T21:57:08.9506440Z  81600K .......... .......... .......... .......... .......... 62% 49.3M 2s
2026-06-25T21:57:08.9515850Z  81650K .......... .......... .......... .......... .......... 62% 65.8M 2s
2026-06-25T21:57:08.9523680Z  81700K .......... .......... .......... .......... .......... 62% 47.4M 2s
2026-06-25T21:57:08.9643930Z  81750K .......... .......... .......... .......... .......... 62% 4.15M 2s
2026-06-25T21:57:08.9649450Z  81800K .......... .......... .......... .......... .......... 62% 62.9M 2s
2026-06-25T21:57:08.9659890Z  81850K .......... .......... .......... .......... .......... 62% 46.2M 2s
2026-06-25T21:57:08.9670360Z  81900K .......... .......... .......... .......... .......... 62% 49.8M 2s
2026-06-25T21:57:08.9679560Z  81950K .......... .......... .......... .......... .......... 62% 49.4M 1s
2026-06-25T21:57:08.9689530Z  82000K .......... .......... .......... .......... .......... 62% 56.1M 1s
2026-06-25T21:57:08.9697090Z  82050K .......... .......... .......... .......... .......... 62% 57.1M 1s
2026-06-25T21:57:08.9705460Z  82100K .......... .......... .......... .......... .......... 62% 60.6M 1s
2026-06-25T21:57:08.9713560Z  82150K .......... .......... .......... .......... .......... 62% 60.2M 1s
2026-06-25T21:57:08.9725830Z  82200K .......... .......... .......... .......... .......... 62% 45.5M 1s
2026-06-25T21:57:08.9730670Z  82250K .......... .......... .......... .......... .......... 62% 75.6M 1s
2026-06-25T21:57:08.9738320Z  82300K .......... .......... .......... .......... .......... 62% 58.9M 1s
2026-06-25T21:57:08.9749990Z  82350K .......... .......... .......... .......... .......... 62% 51.2M 1s
2026-06-25T21:57:08.9751250Z  82400K .......... .......... .......... .......... .......... 62%  236M 1s
2026-06-25T21:57:08.9756580Z  82450K .......... .......... .......... .......... .......... 62% 77.5M 1s
2026-06-25T21:57:08.9763260Z  82500K .......... .......... .......... .......... .......... 62%  110M 1s
2026-06-25T21:57:08.9765010Z  82550K .......... .......... .......... .......... .......... 62%  171M 1s
2026-06-25T21:57:08.9766470Z  82600K .......... .......... .......... .......... .......... 62%  296M 1s
2026-06-25T21:57:08.9768440Z  82650K .......... .......... .......... .......... .......... 62%  172M 1s
2026-06-25T21:57:08.9773550Z  82700K .......... .......... .......... .......... .......... 62% 89.3M 1s
2026-06-25T21:57:08.9779400Z  82750K .......... .......... .......... .......... .......... 62%  101M 1s
2026-06-25T21:57:08.9782880Z  82800K .......... .......... .......... .......... .......... 62%  119M 1s
2026-06-25T21:57:08.9788840Z  82850K .......... .......... .......... .......... .......... 63%  127M 1s
2026-06-25T21:57:08.9793540Z  82900K .......... .......... .......... .......... .......... 63% 78.6M 1s
2026-06-25T21:57:08.9802840Z  82950K .......... .......... .......... .......... .......... 63% 78.6M 1s
2026-06-25T21:57:08.9805980Z  83000K .......... .......... .......... .......... .......... 63% 67.0M 1s
2026-06-25T21:57:08.9808920Z  83050K .......... .......... .......... .......... .......... 63%  173M 1s
2026-06-25T21:57:08.9815000Z  83100K .......... .......... .......... .......... .......... 63% 80.4M 1s
2026-06-25T21:57:08.9819400Z  83150K .......... .......... .......... .......... .......... 63%  140M 1s
2026-06-25T21:57:08.9822910Z  83200K .......... .......... .......... .......... .......... 63%  123M 1s
2026-06-25T21:57:08.9829740Z  83250K .......... .......... .......... .......... .......... 63% 80.3M 1s
2026-06-25T21:57:08.9837590Z  83300K .......... .......... .......... .......... .......... 63% 55.7M 1s
2026-06-25T21:57:08.9846870Z  83350K .......... .......... .......... .......... .......... 63% 53.8M 1s
2026-06-25T21:57:08.9857350Z  83400K .......... .......... .......... .......... .......... 63% 52.2M 1s
2026-06-25T21:57:08.9864600Z  83450K .......... .......... .......... .......... .......... 63% 55.1M 1s
2026-06-25T21:57:08.9873110Z  83500K .......... .......... .......... .......... .......... 63% 57.1M 1s
2026-06-25T21:57:08.9881450Z  83550K .......... .......... .......... .......... .......... 63% 62.1M 1s
2026-06-25T21:57:08.9892230Z  83600K .......... .......... .......... .......... .......... 63% 49.4M 1s
2026-06-25T21:57:08.9901740Z  83650K .......... .......... .......... .......... .......... 63% 45.2M 1s
2026-06-25T21:57:09.0143700Z  83700K .......... .......... .......... .......... .......... 63% 2.05M 1s
2026-06-25T21:57:09.0144490Z  83750K .......... .......... .......... .......... .......... 63%  110M 1s
2026-06-25T21:57:09.0148850Z  83800K .......... .......... .......... .......... .......... 63%  147M 1s
2026-06-25T21:57:09.0154320Z  83850K .......... .......... .......... .......... .......... 63% 77.6M 1s
2026-06-25T21:57:09.0164310Z  83900K .......... .......... .......... .......... .......... 63% 54.0M 1s
2026-06-25T21:57:09.0169450Z  83950K .......... .......... .......... .......... .......... 63% 90.4M 1s
2026-06-25T21:57:09.0173830Z  84000K .......... .......... .......... .......... .......... 63%  120M 1s
2026-06-25T21:57:09.0179100Z  84050K .......... .......... .......... .......... .......... 63%  103M 1s
2026-06-25T21:57:09.0180150Z  84100K .......... .......... .......... .......... .......... 63%  179M 1s
2026-06-25T21:57:09.0184010Z  84150K .......... .......... .......... .......... .......... 64%  142M 1s
2026-06-25T21:57:09.0187110Z  84200K .......... .......... .......... .......... .......... 64%  141M 1s
2026-06-25T21:57:09.0192620Z  84250K .......... .......... .......... .......... .......... 64% 91.4M 1s
2026-06-25T21:57:09.0197380Z  84300K .......... .......... .......... .......... .......... 64%  124M 1s
2026-06-25T21:57:09.0198730Z  84350K .......... .......... .......... .......... .......... 64%  189M 1s
2026-06-25T21:57:09.0202090Z  84400K .......... .......... .......... .......... .......... 64%  159M 1s
2026-06-25T21:57:09.0206640Z  84450K .......... .......... .......... .......... .......... 64%  130M 1s
2026-06-25T21:57:09.0212440Z  84500K .......... .......... .......... .......... .......... 64% 71.8M 1s
2026-06-25T21:57:09.0221640Z  84550K .......... .......... .......... .......... .......... 64% 58.0M 1s
2026-06-25T21:57:09.0231470Z  84600K .......... .......... .......... .......... .......... 64% 51.7M 1s
2026-06-25T21:57:09.0240830Z  84650K .......... .......... .......... .......... .......... 64% 53.1M 1s
2026-06-25T21:57:09.0249420Z  84700K .......... .......... .......... .......... .......... 64% 53.5M 1s
2026-06-25T21:57:09.0258120Z  84750K .......... .......... .......... .......... .......... 64% 55.2M 1s
2026-06-25T21:57:09.0267530Z  84800K .......... .......... .......... .......... .......... 64% 54.9M 1s
2026-06-25T21:57:09.0276490Z  84850K .......... .......... .......... .......... .......... 64% 55.9M 1s
2026-06-25T21:57:09.0284040Z  84900K .......... .......... .......... .......... .......... 64% 63.7M 1s
2026-06-25T21:57:09.0292070Z  84950K .......... .......... .......... .......... .......... 64% 56.3M 1s
2026-06-25T21:57:09.0300040Z  85000K .......... .......... .......... .......... .......... 64% 68.6M 1s
2026-06-25T21:57:09.0308620Z  85050K .......... .......... .......... .......... .......... 64% 59.5M 1s
2026-06-25T21:57:09.0313330Z  85100K .......... .......... .......... .......... .......... 64% 83.6M 1s
2026-06-25T21:57:09.0324130Z  85150K .......... .......... .......... .......... .......... 64% 54.7M 1s
2026-06-25T21:57:09.0331310Z  85200K .......... .......... .......... .......... .......... 64% 59.4M 1s
2026-06-25T21:57:09.0339790Z  85250K .......... .......... .......... .......... .......... 64% 54.3M 1s
2026-06-25T21:57:09.0347490Z  85300K .......... .......... .......... .......... .......... 64% 90.4M 1s
2026-06-25T21:57:09.0353030Z  85350K .......... .......... .......... .......... .......... 64% 61.2M 1s
2026-06-25T21:57:09.0361800Z  85400K .......... .......... .......... .......... .......... 64% 57.4M 1s
2026-06-25T21:57:09.0370380Z  85450K .......... .......... .......... .......... .......... 65% 52.8M 1s
2026-06-25T21:57:09.0380550Z  85500K .......... .......... .......... .......... .......... 65% 50.7M 1s
2026-06-25T21:57:09.0389710Z  85550K .......... .......... .......... .......... .......... 65% 66.5M 1s
2026-06-25T21:57:09.0396950Z  85600K .......... .......... .......... .......... .......... 65% 52.6M 1s
2026-06-25T21:57:09.0406320Z  85650K .......... .......... .......... .......... .......... 65% 59.5M 1s
2026-06-25T21:57:09.0416720Z  85700K .......... .......... .......... .......... .......... 65% 40.4M 1s
2026-06-25T21:57:09.0574270Z  85750K .......... .......... .......... .......... .......... 65% 3.11M 1s
2026-06-25T21:57:09.0584060Z  85800K .......... .......... .......... .......... .......... 65% 53.3M 1s
2026-06-25T21:57:09.0589690Z  85850K .......... .......... .......... .......... .......... 65% 85.7M 1s
2026-06-25T21:57:09.0592680Z  85900K .......... .......... .......... .......... .......... 65%  114M 1s
2026-06-25T21:57:09.0599370Z  85950K .......... .......... .......... .......... .......... 65% 91.3M 1s
2026-06-25T21:57:09.0600950Z  86000K .......... .......... .......... .......... .......... 65%  164M 1s
2026-06-25T21:57:09.0605450Z  86050K .......... .......... .......... .......... .......... 65%  121M 1s
2026-06-25T21:57:09.0610650Z  86100K .......... .......... .......... .......... .......... 65% 88.6M 1s
2026-06-25T21:57:09.0614980Z  86150K .......... .......... .......... .......... .......... 65%  161M 1s
2026-06-25T21:57:09.0619830Z  86200K .......... .......... .......... .......... .......... 65% 89.3M 1s
2026-06-25T21:57:09.0623560Z  86250K .......... .......... .......... .......... .......... 65%  144M 1s
2026-06-25T21:57:09.0626750Z  86300K .......... .......... .......... .......... .......... 65%  120M 1s
2026-06-25T21:57:09.0635790Z  86350K .......... .......... .......... .......... .......... 65% 57.0M 1s
2026-06-25T21:57:09.0637540Z  86400K .......... .......... .......... .......... .......... 65%  224M 1s
2026-06-25T21:57:09.0643080Z  86450K .......... .......... .......... .......... .......... 65% 83.6M 1s
2026-06-25T21:57:09.0648730Z  86500K .......... .......... .......... .......... .......... 65%  118M 1s
2026-06-25T21:57:09.0652490Z  86550K .......... .......... .......... .......... .......... 65% 94.6M 1s
2026-06-25T21:57:09.0656970Z  86600K .......... .......... .......... .......... .......... 65%  159M 1s
2026-06-25T21:57:09.0660660Z  86650K .......... .......... .......... .......... .......... 65%  109M 1s
2026-06-25T21:57:09.0667360Z  86700K .......... .......... .......... .......... .......... 65% 67.7M 1s
2026-06-25T21:57:09.0682370Z  86750K .......... .......... .......... .......... .......... 65% 35.7M 1s
2026-06-25T21:57:09.0683650Z  86800K .......... .......... .......... .......... .......... 66%  488M 1s
2026-06-25T21:57:09.0688970Z  86850K .......... .......... .......... .......... .......... 66% 75.7M 1s
2026-06-25T21:57:09.0691170Z  86900K .......... .......... .......... .......... .......... 66%  414M 1s
2026-06-25T21:57:09.0691670Z  86950K .......... .......... .......... .......... .......... 66%  276M 1s
2026-06-25T21:57:09.0697200Z  87000K .......... .......... .......... .......... .......... 66% 88.0M 1s
2026-06-25T21:57:09.0700930Z  87050K .......... .......... .......... .......... .......... 66%  118M 1s
2026-06-25T21:57:09.0709590Z  87100K .......... .......... .......... .......... .......... 66% 59.5M 1s
2026-06-25T21:57:09.0712400Z  87150K .......... .......... .......... .......... .......... 66%  157M 1s
2026-06-25T21:57:09.0718100Z  87200K .......... .......... .......... .......... .......... 66% 90.9M 1s
2026-06-25T21:57:09.0719240Z  87250K .......... .......... .......... .......... .......... 66%  356M 1s
2026-06-25T21:57:09.0724040Z  87300K .......... .......... .......... .......... .......... 66%  145M 1s
2026-06-25T21:57:09.0728880Z  87350K .......... .......... .......... .......... .......... 66% 74.9M 1s
2026-06-25T21:57:09.0736160Z  87400K .......... .......... .......... .......... .......... 66% 86.1M 1s
2026-06-25T21:57:09.0740980Z  87450K .......... .......... .......... .......... .......... 66% 86.3M 1s
2026-06-25T21:57:09.0744390Z  87500K .......... .......... .......... .......... .......... 66%  186M 1s
2026-06-25T21:57:09.0748920Z  87550K .......... .......... .......... .......... .......... 66% 83.5M 1s
2026-06-25T21:57:09.0755220Z  87600K .......... .......... .......... .......... .......... 66% 75.5M 1s
2026-06-25T21:57:09.0756280Z  87650K .......... .......... .......... .......... .......... 66%  436M 1s
2026-06-25T21:57:09.1049930Z  87700K .......... .......... .......... .......... .......... 66% 1.68M 1s
2026-06-25T21:57:09.1051440Z  87750K .......... .......... .......... .......... .......... 66%  210M 1s
2026-06-25T21:57:09.1057780Z  87800K .......... .......... .......... .......... .......... 66% 64.4M 1s
2026-06-25T21:57:09.1064290Z  87850K .......... .......... .......... .......... .......... 66% 82.2M 1s
2026-06-25T21:57:09.1071430Z  87900K .......... .......... .......... .......... .......... 66% 60.8M 1s
2026-06-25T21:57:09.1076260Z  87950K .......... .......... .......... .......... .......... 66% 94.4M 1s
2026-06-25T21:57:09.1082840Z  88000K .......... .......... .......... .......... .......... 66% 91.1M 1s
2026-06-25T21:57:09.1085800Z  88050K .......... .......... .......... .......... .......... 66%  119M 1s
2026-06-25T21:57:09.1102390Z  88100K .......... .......... .......... .......... .......... 67% 42.6M 1s
2026-06-25T21:57:09.1103390Z  88150K .......... .......... .......... .......... .......... 67%  154M 1s
2026-06-25T21:57:09.1104040Z  88200K .......... .......... .......... .......... .......... 67%  514M 1s
2026-06-25T21:57:09.1107570Z  88250K .......... .......... .......... .......... .......... 67% 93.7M 1s
2026-06-25T21:57:09.1110500Z  88300K .......... .......... .......... .......... .......... 67%  108M 1s
2026-06-25T21:57:09.1117240Z  88350K .......... .......... .......... .......... .......... 67% 72.8M 1s
2026-06-25T21:57:09.1121450Z  88400K .......... .......... .......... .......... .......... 67%  132M 1s
2026-06-25T21:57:09.1143680Z  88450K .......... .......... .......... .......... .......... 67% 63.2M 1s
2026-06-25T21:57:09.1163620Z  88500K .......... .......... .......... .......... .......... 67%  172M 1s
2026-06-25T21:57:09.1167110Z  88550K .......... .......... .......... .......... .......... 67% 71.5M 1s
2026-06-25T21:57:09.1168040Z  88600K .......... .......... .......... .......... .......... 67% 55.2M 1s
2026-06-25T21:57:09.1168650Z  88650K .......... .......... .......... .......... .......... 67% 52.4M 1s
2026-06-25T21:57:09.1169310Z  88700K .......... .......... .......... .......... .......... 67% 59.1M 1s
2026-06-25T21:57:09.1177490Z  88750K .......... .......... .......... .......... .......... 67% 52.9M 1s
2026-06-25T21:57:09.1187180Z  88800K .......... .......... .......... .......... .......... 67% 41.2M 1s
2026-06-25T21:57:09.1196270Z  88850K .......... .......... .......... .......... .......... 67% 56.0M 1s
2026-06-25T21:57:09.1200500Z  88900K .......... .......... .......... .......... .......... 67%  104M 1s
2026-06-25T21:57:09.1208830Z  88950K .......... .......... .......... .......... .......... 67% 53.3M 1s
2026-06-25T21:57:09.1219140Z  89000K .......... .......... .......... .......... .......... 67% 51.6M 1s
2026-06-25T21:57:09.1228880Z  89050K .......... .......... .......... .......... .......... 67% 50.4M 1s
2026-06-25T21:57:09.1237290Z  89100K .......... .......... .......... .......... .......... 67% 54.7M 1s
2026-06-25T21:57:09.1246600Z  89150K .......... .......... .......... .......... .......... 67% 55.4M 1s
2026-06-25T21:57:09.1255100Z  89200K .......... .......... .......... .......... .......... 67% 49.2M 1s
2026-06-25T21:57:09.1261970Z  89250K .......... .......... .......... .......... .......... 67% 74.7M 1s
2026-06-25T21:57:09.1273070Z  89300K .......... .......... .......... .......... .......... 67% 59.9M 1s
2026-06-25T21:57:09.1300660Z  89350K .......... .......... .......... .......... .......... 67% 21.5M 1s
2026-06-25T21:57:09.1304810Z  89400K .......... .......... .......... .......... .......... 68%  105M 1s
2026-06-25T21:57:09.1306840Z  89450K .......... .......... .......... .......... .......... 68% 78.3M 1s
2026-06-25T21:57:09.1315070Z  89500K .......... .......... .......... .......... .......... 68%  161M 1s
2026-06-25T21:57:09.1319710Z  89550K .......... .......... .......... .......... .......... 68% 73.4M 1s
2026-06-25T21:57:09.1455900Z  89600K .......... .......... .......... .......... .......... 68% 3.45M 1s
2026-06-25T21:57:09.1468110Z  89650K .......... .......... .......... .......... .......... 68% 37.9M 1s
2026-06-25T21:57:09.1484270Z  89700K .......... .......... .......... .......... .......... 68% 33.8M 1s
2026-06-25T21:57:09.1494560Z  89750K .......... .......... .......... .......... .......... 68% 45.2M 1s
2026-06-25T21:57:09.1508210Z  89800K .......... .......... .......... .......... .......... 68% 37.6M 1s
2026-06-25T21:57:09.1522830Z  89850K .......... .......... .......... .......... .......... 68% 34.8M 1s
2026-06-25T21:57:09.1529110Z  89900K .......... .......... .......... .......... .......... 68% 54.1M 1s
2026-06-25T21:57:09.1541250Z  89950K .......... .......... .......... .......... .......... 68% 45.0M 1s
2026-06-25T21:57:09.1547070Z  90000K .......... .......... .......... .......... .......... 68% 66.9M 1s
2026-06-25T21:57:09.1560510Z  90050K .......... .......... .......... .......... .......... 68% 49.4M 1s
2026-06-25T21:57:09.1567670Z  90100K .......... .......... .......... .......... .......... 68% 50.4M 1s
2026-06-25T21:57:09.1576840Z  90150K .......... .......... .......... .......... .......... 68% 59.6M 1s
2026-06-25T21:57:09.1582550Z  90200K .......... .......... .......... .......... .......... 68% 72.2M 1s
2026-06-25T21:57:09.1592030Z  90250K .......... .......... .......... .......... .......... 68% 47.3M 1s
2026-06-25T21:57:09.1596780Z  90300K .......... .......... .......... .......... .......... 68%  108M 1s
2026-06-25T21:57:09.1607540Z  90350K .......... .......... .......... .......... .......... 68% 51.8M 1s
2026-06-25T21:57:09.1616720Z  90400K .......... .......... .......... .......... .......... 68% 47.9M 1s
2026-06-25T21:57:09.1625950Z  90450K .......... .......... .......... .......... .......... 68% 64.6M 1s
2026-06-25T21:57:09.1632920Z  90500K .......... .......... .......... .......... .......... 68% 76.8M 1s
2026-06-25T21:57:09.1643430Z  90550K .......... .......... .......... .......... .......... 68% 52.4M 1s
2026-06-25T21:57:09.1647780Z  90600K .......... .......... .......... .......... .......... 68% 62.0M 1s
2026-06-25T21:57:09.1656080Z  90650K .......... .......... .......... .......... .......... 68% 63.7M 1s
2026-06-25T21:57:09.1668000Z  90700K .......... .......... .......... .......... .......... 69% 59.3M 1s
2026-06-25T21:57:09.1674370Z  90750K .......... .......... .......... .......... .......... 69% 50.3M 1s
2026-06-25T21:57:09.1681840Z  90800K .......... .......... .......... .......... .......... 69% 62.0M 1s
2026-06-25T21:57:09.1687510Z  90850K .......... .......... .......... .......... .......... 69% 75.2M 1s
2026-06-25T21:57:09.1695350Z  90900K .......... .......... .......... .......... .......... 69% 66.9M 1s
2026-06-25T21:57:09.1713460Z  90950K .......... .......... .......... .......... .......... 69% 37.7M 1s
2026-06-25T21:57:09.1714440Z  91000K .......... .......... .......... .......... .......... 69% 81.1M 1s
2026-06-25T21:57:09.1720470Z  91050K .......... .......... .......... .......... .......... 69% 70.2M 1s
2026-06-25T21:57:09.1732570Z  91100K .......... .......... .......... .......... .......... 69% 42.3M 1s
2026-06-25T21:57:09.1741250Z  91150K .......... .......... .......... .......... .......... 69% 69.7M 1s
2026-06-25T21:57:09.1748880Z  91200K .......... .......... .......... .......... .......... 69% 51.5M 1s
2026-06-25T21:57:09.1754510Z  91250K .......... .......... .......... .......... .......... 69% 81.1M 1s
2026-06-25T21:57:09.1767560Z  91300K .......... .......... .......... .......... .......... 69% 45.3M 1s
2026-06-25T21:57:09.1773770Z  91350K .......... .......... .......... .......... .......... 69% 60.4M 1s
2026-06-25T21:57:09.1784310Z  91400K .......... .......... .......... .......... .......... 69% 53.5M 1s
2026-06-25T21:57:09.1792820Z  91450K .......... .......... .......... .......... .......... 69% 52.2M 1s
2026-06-25T21:57:09.1804580Z  91500K .......... .......... .......... .......... .......... 69% 42.6M 1s
2026-06-25T21:57:09.1812160Z  91550K .......... .......... .......... .......... .......... 69% 64.3M 1s
2026-06-25T21:57:09.1820900Z  91600K .......... .......... .......... .......... .......... 69% 48.1M 1s
2026-06-25T21:57:09.1831850Z  91650K .......... .......... .......... .......... .......... 69% 53.8M 1s
2026-06-25T21:57:09.1983700Z  91700K .......... .......... .......... .......... .......... 69% 3.19M 1s
2026-06-25T21:57:09.1991320Z  91750K .......... .......... .......... .......... .......... 69% 91.3M 1s
2026-06-25T21:57:09.1997210Z  91800K .......... .......... .......... .......... .......... 69% 58.3M 1s
2026-06-25T21:57:09.2011930Z  91850K .......... .......... .......... .......... .......... 69% 53.2M 1s
2026-06-25T21:57:09.2015160Z  91900K .......... .......... .......... .......... .......... 69% 54.7M 1s
2026-06-25T21:57:09.2023110Z  91950K .......... .......... .......... .......... .......... 69% 62.4M 1s
2026-06-25T21:57:09.2033080Z  92000K .......... .......... .......... .......... .......... 69% 51.4M 1s
2026-06-25T21:57:09.2039150Z  92050K .......... .......... .......... .......... .......... 70% 72.6M 1s
2026-06-25T21:57:09.2052600Z  92100K .......... .......... .......... .......... .......... 70% 53.2M 1s
2026-06-25T21:57:09.2057630Z  92150K .......... .......... .......... .......... .......... 70% 50.3M 1s
2026-06-25T21:57:09.2066830Z  92200K .......... .......... .......... .......... .......... 70% 64.5M 1s
2026-06-25T21:57:09.2078240Z  92250K .......... .......... .......... .......... .......... 70% 44.8M 1s
2026-06-25T21:57:09.2092410Z  92300K .......... .......... .......... .......... .......... 70% 35.1M 1s
2026-06-25T21:57:09.2102310Z  92350K .......... .......... .......... .......... .......... 70% 45.7M 1s
2026-06-25T21:57:09.2120040Z  92400K .......... .......... .......... .......... .......... 70% 29.6M 1s
2026-06-25T21:57:09.2139110Z  92450K .......... .......... .......... .......... .......... 70% 23.7M 1s
2026-06-25T21:57:09.2144590Z  92500K .......... .......... .......... .......... .......... 70% 91.6M 1s
2026-06-25T21:57:09.2153230Z  92550K .......... .......... .......... .......... .......... 70% 53.7M 1s
2026-06-25T21:57:09.2165960Z  92600K .......... .......... .......... .......... .......... 70% 44.4M 1s
2026-06-25T21:57:09.2172610Z  92650K .......... .......... .......... .......... .......... 70% 56.6M 1s
2026-06-25T21:57:09.2181210Z  92700K .......... .......... .......... .......... .......... 70% 55.0M 1s
2026-06-25T21:57:09.2190420Z  92750K .......... .......... .......... .......... .......... 70% 57.5M 1s
2026-06-25T21:57:09.2198450Z  92800K .......... .......... .......... .......... .......... 70% 55.4M 1s
2026-06-25T21:57:09.2209590Z  92850K .......... .......... .......... .......... .......... 70% 45.8M 1s
2026-06-25T21:57:09.2219500Z  92900K .......... .......... .......... .......... .......... 70% 47.7M 1s
2026-06-25T21:57:09.2227230Z  92950K .......... .......... .......... .......... .......... 70% 63.3M 1s
2026-06-25T21:57:09.2236020Z  93000K .......... .......... .......... .......... .......... 70% 54.1M 1s
2026-06-25T21:57:09.2245110Z  93050K .......... .......... .......... .......... .......... 70% 65.7M 1s
2026-06-25T21:57:09.2254700Z  93100K .......... .......... .......... .......... .......... 70% 43.8M 1s
2026-06-25T21:57:09.2264860Z  93150K .......... .......... .......... .......... .......... 70% 46.8M 1s
2026-06-25T21:57:09.2278510Z  93200K .......... .......... .......... .......... .......... 70% 45.4M 1s
2026-06-25T21:57:09.2290420Z  93250K .......... .......... .......... .......... .......... 70% 49.4M 1s
2026-06-25T21:57:09.2295760Z  93300K .......... .......... .......... .......... .......... 70% 58.5M 1s
2026-06-25T21:57:09.2304340Z  93350K .......... .......... .......... .......... .......... 71% 54.9M 1s
2026-06-25T21:57:09.2437960Z  93400K .......... .......... .......... .......... .......... 71% 3.72M 1s
2026-06-25T21:57:09.2446960Z  93450K .......... .......... .......... .......... .......... 71% 43.2M 1s
2026-06-25T21:57:09.2451620Z  93500K .......... .......... .......... .......... .......... 71% 80.3M 1s
2026-06-25T21:57:09.2463420Z  93550K .......... .......... .......... .......... .......... 71% 40.2M 1s
2026-06-25T21:57:09.2475680Z  93600K .......... .......... .......... .......... .......... 71% 63.5M 1s
2026-06-25T21:57:09.2479170Z  93650K .......... .......... .......... .......... .......... 71%  126M 1s
2026-06-25T21:57:09.2484680Z  93700K .......... .......... .......... .......... .......... 71% 59.1M 1s
2026-06-25T21:57:09.2489930Z  93750K .......... .......... .......... .......... .......... 71% 72.4M 1s
2026-06-25T21:57:09.2509750Z  93800K .......... .......... .......... .......... .......... 71% 46.4M 1s
2026-06-25T21:57:09.2516060Z  93850K .......... .......... .......... .......... .......... 71%  119M 1s
2026-06-25T21:57:09.2518250Z  93900K .......... .......... .......... .......... .......... 71%  116M 1s
2026-06-25T21:57:09.2519960Z  93950K .......... .......... .......... .......... .......... 71% 74.0M 1s
2026-06-25T21:57:09.2520900Z  94000K .......... .......... .......... .......... .......... 71%  198M 1s
2026-06-25T21:57:09.2521320Z  94050K .......... .......... .......... .......... .......... 71%  159M 1s
2026-06-25T21:57:09.2548520Z  94100K .......... .......... .......... .......... .......... 71% 80.3M 1s
2026-06-25T21:57:09.2552120Z  94150K .......... .......... .......... .......... .......... 71% 99.0M 1s
2026-06-25T21:57:09.2553700Z  94200K .......... .......... .......... .......... .......... 71%  106M 1s
2026-06-25T21:57:09.2554150Z  94250K .......... .......... .......... .......... .......... 71%  144M 1s
2026-06-25T21:57:09.2555570Z  94300K .......... .......... .......... .......... .......... 71% 70.9M 1s
2026-06-25T21:57:09.2567860Z  94350K .......... .......... .......... .......... .......... 71%  157M 1s
2026-06-25T21:57:09.2570170Z  94400K .......... .......... .......... .......... .......... 71% 60.3M 1s
2026-06-25T21:57:09.2571960Z  94450K .......... .......... .......... .......... .......... 71% 87.2M 1s
2026-06-25T21:57:09.2574050Z  94500K .......... .......... .......... .......... .......... 71% 55.4M 1s
2026-06-25T21:57:09.2583030Z  94550K .......... .......... .......... .......... .......... 71% 94.6M 1s
2026-06-25T21:57:09.2620250Z  94600K .......... .......... .......... .......... .......... 71%  110M 1s
2026-06-25T21:57:09.2621370Z  94650K .......... .......... .......... .......... .......... 72%  209M 1s
2026-06-25T21:57:09.2625760Z  94700K .......... .......... .......... .......... .......... 72%  148M 1s
2026-06-25T21:57:09.2627750Z  94750K .......... .......... .......... .......... .......... 72%  217M 1s
2026-06-25T21:57:09.2632300Z  94800K .......... .......... .......... .......... .......... 72%  130M 1s
2026-06-25T21:57:09.2634640Z  94850K .......... .......... .......... .......... .......... 72% 78.5M 1s
2026-06-25T21:57:09.2636640Z  94900K .......... .......... .......... .......... .......... 72% 64.2M 1s
2026-06-25T21:57:09.2637720Z  94950K .......... .......... .......... .......... .......... 72%  142M 1s
2026-06-25T21:57:09.2639480Z  95000K .......... .......... .......... .......... .......... 72%  289M 1s
2026-06-25T21:57:09.2639970Z  95050K .......... .......... .......... .......... .......... 72%  101M 1s
2026-06-25T21:57:09.2647720Z  95100K .......... .......... .......... .......... .......... 72% 65.8M 1s
2026-06-25T21:57:09.2649350Z  95150K .......... .......... .......... .......... .......... 72% 95.0M 1s
2026-06-25T21:57:09.2649880Z  95200K .......... .......... .......... .......... .......... 72% 78.6M 1s
2026-06-25T21:57:09.2650350Z  95250K .......... .......... .......... .......... .......... 72% 46.2M 1s
2026-06-25T21:57:09.2923580Z  95300K .......... .......... .......... .......... .......... 72% 1.80M 1s
2026-06-25T21:57:09.2925010Z  95350K .......... .......... .......... .......... .......... 72%  144M 1s
2026-06-25T21:57:09.2929650Z  95400K .......... .......... .......... .......... .......... 72% 82.6M 1s
2026-06-25T21:57:09.2942600Z  95450K .......... .......... .......... .......... .......... 72%  134M 1s
2026-06-25T21:57:09.2949920Z  95500K .......... .......... .......... .......... .......... 72%  114M 1s
2026-06-25T21:57:09.2950350Z  95550K .......... .......... .......... .......... .......... 72%  161M 1s
2026-06-25T21:57:09.2955020Z  95600K .......... .......... .......... .......... .......... 72% 56.8M 1s
2026-06-25T21:57:09.2992660Z  95650K .......... .......... .......... .......... .......... 72%  444M 1s
2026-06-25T21:57:09.3016580Z  95700K .......... .......... .......... .......... .......... 72%  103M 1s
2026-06-25T21:57:09.3031240Z  95750K .......... .......... .......... .......... .......... 72% 76.1M 1s
2026-06-25T21:57:09.3055900Z  95800K .......... .......... .......... .......... .......... 72%  114M 1s
2026-06-25T21:57:09.3061590Z  95850K .......... .......... .......... .......... .......... 72%  143M 1s
2026-06-25T21:57:09.3062540Z  95900K .......... .......... .......... .......... .......... 72% 88.0M 1s
2026-06-25T21:57:09.3064250Z  95950K .......... .......... .......... .......... .......... 72%  200M 1s
2026-06-25T21:57:09.3064860Z  96000K .......... .......... .......... .......... .......... 73%  109M 1s
2026-06-25T21:57:09.3065420Z  96050K .......... .......... .......... .......... .......... 73%  123M 1s
2026-06-25T21:57:09.3065790Z  96100K .......... .......... .......... .......... .......... 73% 63.2M 1s
2026-06-25T21:57:09.3066300Z  96150K .......... .......... .......... .......... .......... 73% 71.1M 1s
2026-06-25T21:57:09.3067260Z  96200K .......... .......... .......... .......... .......... 73% 36.0M 1s
2026-06-25T21:57:09.3067620Z  96250K .......... .......... .......... .......... .......... 73%  113M 1s
2026-06-25T21:57:09.3072020Z  96300K .......... .......... .......... .......... .......... 73% 50.2M 1s
2026-06-25T21:57:09.3072720Z  96350K .......... .......... .......... .......... .......... 73% 24.3M 1s
2026-06-25T21:57:09.3073100Z  96400K .......... .......... .......... .......... .......... 73%  199M 1s
2026-06-25T21:57:09.3079860Z  96450K .......... .......... .......... .......... .......... 73%  153M 1s
2026-06-25T21:57:09.3084510Z  96500K .......... .......... .......... .......... .......... 73% 55.3M 1s
2026-06-25T21:57:09.3085520Z  96550K .......... .......... .......... .......... .......... 73% 44.2M 1s
2026-06-25T21:57:09.3088330Z  96600K .......... .......... .......... .......... .......... 73% 48.2M 1s
2026-06-25T21:57:09.3089380Z  96650K .......... .......... .......... .......... .......... 73% 61.6M 1s
2026-06-25T21:57:09.3103370Z  96700K .......... .......... .......... .......... .......... 73% 38.4M 1s
2026-06-25T21:57:09.3118330Z  96750K .......... .......... .......... .......... .......... 73% 50.9M 1s
2026-06-25T21:57:09.3120150Z  96800K .......... .......... .......... .......... .......... 73% 65.2M 1s
2026-06-25T21:57:09.3151170Z  96850K .......... .......... .......... .......... .......... 73% 30.6M 1s
2026-06-25T21:57:09.3152910Z  96900K .......... .......... .......... .......... .......... 73% 31.5M 1s
2026-06-25T21:57:09.3163870Z  96950K .......... .......... .......... .......... .......... 73% 40.4M 1s
2026-06-25T21:57:09.3179960Z  97000K .......... .......... .......... .......... .......... 73% 30.8M 1s
2026-06-25T21:57:09.3189460Z  97050K .......... .......... .......... .......... .......... 73% 45.2M 1s
2026-06-25T21:57:09.3202800Z  97100K .......... .......... .......... .......... .......... 73% 40.9M 1s
2026-06-25T21:57:09.3212710Z  97150K .......... .......... .......... .......... .......... 73% 52.1M 1s
2026-06-25T21:57:09.3224430Z  97200K .......... .......... .......... .......... .......... 73% 44.0M 1s
2026-06-25T21:57:09.3232320Z  97250K .......... .......... .......... .......... .......... 73% 52.4M 1s
2026-06-25T21:57:09.3238580Z  97300K .......... .......... .......... .......... .......... 74% 64.3M 1s
2026-06-25T21:57:09.3251960Z  97350K .......... .......... .......... .......... .......... 74% 45.8M 1s
2026-06-25T21:57:09.3350950Z  97400K .......... .......... .......... .......... .......... 74% 4.86M 1s
2026-06-25T21:57:09.3357440Z  97450K .......... .......... .......... .......... .......... 74% 64.2M 1s
2026-06-25T21:57:09.3387180Z  97500K .......... .......... .......... .......... .......... 74% 17.3M 1s
2026-06-25T21:57:09.3400900Z  97550K .......... .......... .......... .......... .......... 74%  294M 1s
2026-06-25T21:57:09.3403360Z  97600K .......... .......... .......... .......... .......... 74%  244M 1s
2026-06-25T21:57:09.3404630Z  97650K .......... .......... .......... .......... .......... 74%  106M 1s
2026-06-25T21:57:09.3405900Z  97700K .......... .......... .......... .......... .......... 74% 89.8M 1s
2026-06-25T21:57:09.3426250Z  97750K .......... .......... .......... .......... .......... 74% 39.2M 1s
2026-06-25T21:57:09.3427780Z  97800K .......... .......... .......... .......... .......... 74% 53.6M 1s
2026-06-25T21:57:09.3428250Z  97850K .......... .......... .......... .......... .......... 74% 78.5M 1s
2026-06-25T21:57:09.3437050Z  97900K .......... .......... .......... .......... .......... 74% 51.3M 1s
2026-06-25T21:57:09.3447190Z  97950K .......... .......... .......... .......... .......... 74% 47.0M 1s
2026-06-25T21:57:09.3461990Z  98000K .......... .......... .......... .......... .......... 74% 38.7M 1s
2026-06-25T21:57:09.3468050Z  98050K .......... .......... .......... .......... .......... 74% 57.4M 1s
2026-06-25T21:57:09.3475610Z  98100K .......... .......... .......... .......... .......... 74% 63.4M 1s
2026-06-25T21:57:09.3490010Z  98150K .......... .......... .......... .......... .......... 74% 36.9M 1s
2026-06-25T21:57:09.3511810Z  98200K .......... .......... .......... .......... .......... 74% 23.4M 1s
2026-06-25T21:57:09.3518250Z  98250K .......... .......... .......... .......... .......... 74% 86.3M 1s
2026-06-25T21:57:09.3531260Z  98300K .......... .......... .......... .......... .......... 74% 36.0M 1s
2026-06-25T21:57:09.3535860Z  98350K .......... .......... .......... .......... .......... 74% 87.7M 1s
2026-06-25T21:57:09.3547410Z  98400K .......... .......... .......... .......... .......... 74% 57.9M 1s
2026-06-25T21:57:09.3554860Z  98450K .......... .......... .......... .......... .......... 74% 53.0M 1s
2026-06-25T21:57:09.3562100Z  98500K .......... .......... .......... .......... .......... 74% 56.8M 1s
2026-06-25T21:57:09.3569630Z  98550K .......... .......... .......... .......... .......... 74% 75.1M 1s
2026-06-25T21:57:09.3579920Z  98600K .......... .......... .......... .......... .......... 75% 59.9M 1s
2026-06-25T21:57:09.3584810Z  98650K .......... .......... .......... .......... .......... 75% 56.6M 1s
2026-06-25T21:57:09.3594680Z  98700K .......... .......... .......... .......... .......... 75% 58.1M 1s
2026-06-25T21:57:09.3603330Z  98750K .......... .......... .......... .......... .......... 75% 72.2M 1s
2026-06-25T21:57:09.3608930Z  98800K .......... .......... .......... .......... .......... 75% 53.1M 1s
2026-06-25T21:57:09.3631600Z  98850K .......... .......... .......... .......... .......... 75% 22.3M 1s
2026-06-25T21:57:09.3646030Z  98900K .......... .......... .......... .......... .......... 75% 34.8M 1s
2026-06-25T21:57:09.3662240Z  98950K .......... .......... .......... .......... .......... 75% 27.9M 1s
2026-06-25T21:57:09.3669780Z  99000K .......... .......... .......... .......... .......... 75% 61.6M 1s
2026-06-25T21:57:09.3689470Z  99050K .......... .......... .......... .......... .......... 75% 27.0M 1s
2026-06-25T21:57:09.3710440Z  99100K .......... .......... .......... .......... .......... 75% 22.4M 1s
2026-06-25T21:57:09.3721080Z  99150K .......... .......... .......... .......... .......... 75% 49.8M 1s
2026-06-25T21:57:09.3731450Z  99200K .......... .......... .......... .......... .......... 75% 52.9M 1s
2026-06-25T21:57:09.3734180Z  99250K .......... .......... .......... .......... .......... 75%  105M 1s
2026-06-25T21:57:09.3744930Z  99300K .......... .......... .......... .......... .......... 75% 44.5M 1s
2026-06-25T21:57:09.3858450Z  99350K .......... .......... .......... .......... .......... 75% 4.47M 1s
2026-06-25T21:57:09.3862620Z  99400K .......... .......... .......... .......... .......... 75% 59.0M 1s
2026-06-25T21:57:09.3873170Z  99450K .......... .......... .......... .......... .......... 75% 49.7M 1s
2026-06-25T21:57:09.3883460Z  99500K .......... .......... .......... .......... .......... 75% 47.8M 1s
2026-06-25T21:57:09.3890550Z  99550K .......... .......... .......... .......... .......... 75% 62.6M 1s
2026-06-25T21:57:09.3902680Z  99600K .......... .......... .......... .......... .......... 75% 38.4M 1s
2026-06-25T21:57:09.3914440Z  99650K .......... .......... .......... .......... .......... 75% 53.4M 1s
2026-06-25T21:57:09.3921380Z  99700K .......... .......... .......... .......... .......... 75% 55.3M 1s
2026-06-25T21:57:09.3938570Z  99750K .......... .......... .......... .......... .......... 75% 45.6M 1s
2026-06-25T21:57:09.3946910Z  99800K .......... .......... .......... .......... .......... 75%  146M 1s
2026-06-25T21:57:09.3951000Z  99850K .......... .......... .......... .......... .......... 75% 44.6M 1s
2026-06-25T21:57:09.3952570Z  99900K .......... .......... .......... .......... .......... 75%  150M 1s
2026-06-25T21:57:09.3953390Z  99950K .......... .......... .......... .......... .......... 76%  267M 1s
2026-06-25T21:57:09.3955940Z 100000K .......... .......... .......... .......... .......... 76%  111M 1s
2026-06-25T21:57:09.3970740Z 100050K .......... .......... .......... .......... .......... 76% 73.1M 1s
2026-06-25T21:57:09.3971290Z 100100K .......... .......... .......... .......... .......... 76%  143M 1s
2026-06-25T21:57:09.3977660Z 100150K .......... .......... .......... .......... .......... 76% 81.9M 1s
2026-06-25T21:57:09.3982280Z 100200K .......... .......... .......... .......... .......... 76%  108M 1s
2026-06-25T21:57:09.3986230Z 100250K .......... .......... .......... .......... .......... 76%  114M 1s
2026-06-25T21:57:09.3988800Z 100300K .......... .......... .......... .......... .......... 76%  133M 1s
2026-06-25T21:57:09.3992940Z 100350K .......... .......... .......... .......... .......... 76% 58.4M 1s
2026-06-25T21:57:09.4000520Z 100400K .......... .......... .......... .......... .......... 76% 57.0M 1s
2026-06-25T21:57:09.4015340Z 100450K .......... .......... .......... .......... .......... 76% 36.6M 1s
2026-06-25T21:57:09.4022350Z 100500K .......... .......... .......... .......... .......... 76% 61.3M 1s
2026-06-25T21:57:09.4054140Z 100550K .......... .......... .......... .......... .......... 76% 52.2M 1s
2026-06-25T21:57:09.4058130Z 100600K .......... .......... .......... .......... .......... 76% 42.0M 1s
2026-06-25T21:57:09.4058660Z 100650K .......... .......... .......... .......... .......... 76% 77.3M 1s
2026-06-25T21:57:09.4060100Z 100700K .......... .......... .......... .......... .......... 76% 67.0M 1s
2026-06-25T21:57:09.4070480Z 100750K .......... .......... .......... .......... .......... 76% 40.5M 1s
2026-06-25T21:57:09.4081780Z 100800K .......... .......... .......... .......... .......... 76% 39.7M 1s
2026-06-25T21:57:09.4089960Z 100850K .......... .......... .......... .......... .......... 76% 62.6M 1s
2026-06-25T21:57:09.4099760Z 100900K .......... .......... .......... .......... .......... 76% 45.8M 1s
2026-06-25T21:57:09.4108160Z 100950K .......... .......... .......... .......... .......... 76% 52.5M 1s
2026-06-25T21:57:09.4298120Z 101000K .......... .......... .......... .......... .......... 76% 2.60M 1s
2026-06-25T21:57:09.4310330Z 101050K .......... .......... .......... .......... .......... 76% 40.5M 1s
2026-06-25T21:57:09.4317920Z 101100K .......... .......... .......... .......... .......... 76% 55.5M 1s
2026-06-25T21:57:09.4326550Z 101150K .......... .......... .......... .......... .......... 76% 65.7M 1s
2026-06-25T21:57:09.4339190Z 101200K .......... .......... .......... .......... .......... 76% 59.3M 1s
2026-06-25T21:57:09.4339820Z 101250K .......... .......... .......... .......... .......... 77%  307M 1s
2026-06-25T21:57:09.4340220Z 101300K .......... .......... .......... .......... .......... 77%  149M 1s
2026-06-25T21:57:09.4345300Z 101350K .......... .......... .......... .......... .......... 77% 75.5M 1s
2026-06-25T21:57:09.4348180Z 101400K .......... .......... .......... .......... .......... 77%  140M 1s
2026-06-25T21:57:09.4351460Z 101450K .......... .......... .......... .......... .......... 77%  125M 1s
2026-06-25T21:57:09.4359920Z 101500K .......... .......... .......... .......... .......... 77% 90.4M 1s
2026-06-25T21:57:09.4365550Z 101550K .......... .......... .......... .......... .......... 77%  128M 1s
2026-06-25T21:57:09.4365950Z 101600K .......... .......... .......... .......... .......... 77% 99.0M 1s
2026-06-25T21:57:09.4376900Z 101650K .......... .......... .......... .......... .......... 77% 59.5M 1s
2026-06-25T21:57:09.4383130Z 101700K .......... .......... .......... .......... .......... 77% 66.5M 1s
2026-06-25T21:57:09.4386420Z 101750K .......... .......... .......... .......... .......... 77%  356M 1s
2026-06-25T21:57:09.4388420Z 101800K .......... .......... .......... .......... .......... 77% 97.5M 1s
2026-06-25T21:57:09.4395450Z 101850K .......... .......... .......... .......... .......... 77%  110M 1s
2026-06-25T21:57:09.4405340Z 101900K .......... .......... .......... .......... .......... 77%  268M 1s
2026-06-25T21:57:09.4405890Z 101950K .......... .......... .......... .......... .......... 77%  108M 1s
2026-06-25T21:57:09.4406880Z 102000K .......... .......... .......... .......... .......... 77% 94.8M 1s
2026-06-25T21:57:09.4413760Z 102050K .......... .......... .......... .......... .......... 77%  114M 1s
2026-06-25T21:57:09.4414840Z 102100K .......... .......... .......... .......... .......... 77%  102M 1s
2026-06-25T21:57:09.4416030Z 102150K .......... .......... .......... .......... .......... 77%  206M 1s
2026-06-25T21:57:09.4430230Z 102200K .......... .......... .......... .......... .......... 77% 42.8M 1s
2026-06-25T21:57:09.4435840Z 102250K .......... .......... .......... .......... .......... 77%  452M 1s
2026-06-25T21:57:09.4438750Z 102300K .......... .......... .......... .......... .......... 77% 75.7M 1s
2026-06-25T21:57:09.4443080Z 102350K .......... .......... .......... .......... .......... 77% 63.9M 1s
2026-06-25T21:57:09.4443430Z 102400K .......... .......... .......... .......... .......... 77%  292M 1s
2026-06-25T21:57:09.4451290Z 102450K .......... .......... .......... .......... .......... 77% 63.6M 1s
2026-06-25T21:57:09.4460140Z 102500K .......... .......... .......... .......... .......... 77%  116M 1s
2026-06-25T21:57:09.4462660Z 102550K .......... .......... .......... .......... .......... 78% 76.8M 1s
2026-06-25T21:57:09.4470240Z 102600K .......... .......... .......... .......... .......... 78% 72.2M 1s
2026-06-25T21:57:09.4477380Z 102650K .......... .......... .......... .......... .......... 78% 54.0M 1s
2026-06-25T21:57:09.4483460Z 102700K .......... .......... .......... .......... .......... 78% 87.8M 1s
2026-06-25T21:57:09.4493340Z 102750K .......... .......... .......... .......... .......... 78% 54.9M 1s
2026-06-25T21:57:09.4503980Z 102800K .......... .......... .......... .......... .......... 78% 64.4M 1s
2026-06-25T21:57:09.4510400Z 102850K .......... .......... .......... .......... .......... 78% 52.1M 1s
2026-06-25T21:57:09.4518990Z 102900K .......... .......... .......... .......... .......... 78% 54.9M 1s
2026-06-25T21:57:09.4529630Z 102950K .......... .......... .......... .......... .......... 78% 40.3M 1s
2026-06-25T21:57:09.4750320Z 103000K .......... .......... .......... .......... .......... 78% 2.24M 1s
2026-06-25T21:57:09.4764420Z 103050K .......... .......... .......... .......... .......... 78% 44.6M 1s
2026-06-25T21:57:09.4765860Z 103100K .......... .......... .......... .......... .......... 78%  104M 1s
2026-06-25T21:57:09.4772970Z 103150K .......... .......... .......... .......... .......... 78% 61.0M 1s
2026-06-25T21:57:09.4779900Z 103200K .......... .......... .......... .......... .......... 78% 67.5M 1s
2026-06-25T21:57:09.4789270Z 103250K .......... .......... .......... .......... .......... 78% 80.4M 1s
2026-06-25T21:57:09.4794800Z 103300K .......... .......... .......... .......... .......... 78% 53.5M 1s
2026-06-25T21:57:09.4802390Z 103350K .......... .......... .......... .......... .......... 78% 72.4M 1s
2026-06-25T21:57:09.4813880Z 103400K .......... .......... .......... .......... .......... 78% 51.5M 1s
2026-06-25T21:57:09.4818020Z 103450K .......... .......... .......... .......... .......... 78% 74.5M 1s
2026-06-25T21:57:09.4824980Z 103500K .......... .......... .......... .......... .......... 78% 61.2M 1s
2026-06-25T21:57:09.4832090Z 103550K .......... .......... .......... .......... .......... 78% 91.4M 1s
2026-06-25T21:57:09.4843590Z 103600K .......... .......... .......... .......... .......... 78% 44.8M 1s
2026-06-25T21:57:09.4848630Z 103650K .......... .......... .......... .......... .......... 78% 92.0M 1s
2026-06-25T21:57:09.4852730Z 103700K .......... .......... .......... .......... .......... 78%  105M 1s
2026-06-25T21:57:09.4857130Z 103750K .......... .......... .......... .......... .......... 78% 86.7M 1s
2026-06-25T21:57:09.4868290Z 103800K .......... .......... .......... .......... .......... 78% 96.1M 1s
2026-06-25T21:57:09.4869000Z 103850K .......... .......... .......... .......... .......... 79%  131M 1s
2026-06-25T21:57:09.4869470Z 103900K .......... .......... .......... .......... .......... 79%  131M 1s
2026-06-25T21:57:09.4887580Z 103950K .......... .......... .......... .......... .......... 79% 37.2M 1s
2026-06-25T21:57:09.4902710Z 104000K .......... .......... .......... .......... .......... 79% 44.7M 1s
2026-06-25T21:57:09.4909700Z 104050K .......... .......... .......... .......... .......... 79%  391M 1s
2026-06-25T21:57:09.4914050Z 104100K .......... .......... .......... .......... .......... 79%  296M 1s
2026-06-25T21:57:09.4921820Z 104150K .......... .......... .......... .......... .......... 79%  581M 1s
2026-06-25T21:57:09.4923920Z 104200K .......... .......... .......... .......... .......... 79%  444M 1s
2026-06-25T21:57:09.4929960Z 104250K .......... .......... .......... .......... .......... 79%  147M 1s
2026-06-25T21:57:09.4931570Z 104300K .......... .......... .......... .......... .......... 79% 74.5M 1s
2026-06-25T21:57:09.4937120Z 104350K .......... .......... .......... .......... .......... 79%  370M 1s
2026-06-25T21:57:09.4937590Z 104400K .......... .......... .......... .......... .......... 79%  192M 1s
2026-06-25T21:57:09.4938050Z 104450K .......... .......... .......... .......... .......... 79% 79.3M 1s
2026-06-25T21:57:09.4938790Z 104500K .......... .......... .......... .......... .......... 79%  281M 1s
2026-06-25T21:57:09.4940450Z 104550K .......... .......... .......... .......... .......... 79%  136M 1s
2026-06-25T21:57:09.4942110Z 104600K .......... .......... .......... .......... .......... 79%  108M 1s
2026-06-25T21:57:09.4944100Z 104650K .......... .......... .......... .......... .......... 79% 97.5M 1s
2026-06-25T21:57:09.4950290Z 104700K .......... .......... .......... .......... .......... 79%  126M 1s
2026-06-25T21:57:09.4951010Z 104750K .......... .......... .......... .......... .......... 79% 68.2M 1s
2026-06-25T21:57:09.4951440Z 104800K .......... .......... .......... .......... .......... 79%  158M 1s
2026-06-25T21:57:09.4953930Z 104850K .......... .......... .......... .......... .......... 79% 79.7M 1s
2026-06-25T21:57:09.5194880Z 104900K .......... .......... .......... .......... .......... 79% 2.04M 1s
2026-06-25T21:57:09.5200680Z 104950K .......... .......... .......... .......... .......... 79% 57.4M 1s
2026-06-25T21:57:09.5214170Z 105000K .......... .......... .......... .......... .......... 79% 37.0M 1s
2026-06-25T21:57:09.5223230Z 105050K .......... .......... .......... .......... .......... 79% 54.6M 1s
2026-06-25T21:57:09.5235600Z 105100K .......... .......... .......... .......... .......... 79% 40.6M 1s
2026-06-25T21:57:09.5245360Z 105150K .......... .......... .......... .......... .......... 79% 50.9M 1s
2026-06-25T21:57:09.5253200Z 105200K .......... .......... .......... .......... .......... 80% 56.3M 1s
2026-06-25T21:57:09.5267040Z 105250K .......... .......... .......... .......... .......... 80% 38.7M 1s
2026-06-25T21:57:09.5276080Z 105300K .......... .......... .......... .......... .......... 80% 49.4M 1s
2026-06-25T21:57:09.5286680Z 105350K .......... .......... .......... .......... .......... 80% 44.6M 1s
2026-06-25T21:57:09.5296010Z 105400K .......... .......... .......... .......... .......... 80% 51.8M 1s
2026-06-25T21:57:09.5305530Z 105450K .......... .......... .......... .......... .......... 80% 51.4M 1s
2026-06-25T21:57:09.5321650Z 105500K .......... .......... .......... .......... .......... 80% 41.5M 1s
2026-06-25T21:57:09.5323660Z 105550K .......... .......... .......... .......... .......... 80%  119M 1s
2026-06-25T21:57:09.5327590Z 105600K .......... .......... .......... .......... .......... 80% 86.6M 1s
2026-06-25T21:57:09.5334630Z 105650K .......... .......... .......... .......... .......... 80%  136M 1s
2026-06-25T21:57:09.5336890Z 105700K .......... .......... .......... .......... .......... 80% 79.3M 1s
2026-06-25T21:57:09.5341240Z 105750K .......... .......... .......... .......... .......... 80%  117M 1s
2026-06-25T21:57:09.5347120Z 105800K .......... .......... .......... .......... .......... 80% 99.6M 1s
2026-06-25T21:57:09.5353260Z 105850K .......... .......... .......... .......... .......... 80% 95.6M 1s
2026-06-25T21:57:09.5356700Z 105900K .......... .......... .......... .......... .......... 80%  113M 1s
2026-06-25T21:57:09.5364890Z 105950K .......... .......... .......... .......... .......... 80% 64.1M 1s
2026-06-25T21:57:09.5368700Z 106000K .......... .......... .......... .......... .......... 80% 99.9M 1s
2026-06-25T21:57:09.5379730Z 106050K .......... .......... .......... .......... .......... 80%  103M 1s
2026-06-25T21:57:09.5380870Z 106100K .......... .......... .......... .......... .......... 80% 90.4M 1s
2026-06-25T21:57:09.5381400Z 106150K .......... .......... .......... .......... .......... 80%  156M 1s
2026-06-25T21:57:09.5391610Z 106200K .......... .......... .......... .......... .......... 80% 51.2M 1s
2026-06-25T21:57:09.5401030Z 106250K .......... .......... .......... .......... .......... 80% 53.9M 1s
2026-06-25T21:57:09.5406640Z 106300K .......... .......... .......... .......... .......... 80% 71.7M 1s
2026-06-25T21:57:09.5420040Z 106350K .......... .......... .......... .......... .......... 80% 45.1M 1s
2026-06-25T21:57:09.5424300Z 106400K .......... .......... .......... .......... .......... 80% 72.2M 1s
2026-06-25T21:57:09.5438660Z 106450K .......... .......... .......... .......... .......... 80% 41.5M 1s
2026-06-25T21:57:09.5440420Z 106500K .......... .......... .......... .......... .......... 81%  296M 1s
2026-06-25T21:57:09.5445660Z 106550K .......... .......... .......... .......... .......... 81% 77.6M 1s
2026-06-25T21:57:09.5457760Z 106600K .......... .......... .......... .......... .......... 81% 38.5M 1s
2026-06-25T21:57:09.5468060Z 106650K .......... .......... .......... .......... .......... 81% 51.9M 1s
2026-06-25T21:57:09.5480260Z 106700K .......... .......... .......... .......... .......... 81% 40.8M 1s
2026-06-25T21:57:09.5489780Z 106750K .......... .......... .......... .......... .......... 81% 45.5M 1s
2026-06-25T21:57:09.5505560Z 106800K .......... .......... .......... .......... .......... 81% 35.1M 1s
2026-06-25T21:57:09.5518950Z 106850K .......... .......... .......... .......... .......... 81% 30.2M 1s
2026-06-25T21:57:09.5530370Z 106900K .......... .......... .......... .......... .......... 81% 43.0M 1s
2026-06-25T21:57:09.5541860Z 106950K .......... .......... .......... .......... .......... 81% 43.5M 1s
2026-06-25T21:57:09.5551120Z 107000K .......... .......... .......... .......... .......... 81% 49.4M 1s
2026-06-25T21:57:09.5556930Z 107050K .......... .......... .......... .......... .......... 81% 83.0M 1s
2026-06-25T21:57:09.5678090Z 107100K .......... .......... .......... .......... .......... 81% 4.07M 1s
2026-06-25T21:57:09.5687080Z 107150K .......... .......... .......... .......... .......... 81% 65.9M 1s
2026-06-25T21:57:09.5695420Z 107200K .......... .......... .......... .......... .......... 81% 48.7M 1s
2026-06-25T21:57:09.5704040Z 107250K .......... .......... .......... .......... .......... 81% 63.3M 1s
2026-06-25T21:57:09.5710090Z 107300K .......... .......... .......... .......... .......... 81% 61.7M 1s
2026-06-25T21:57:09.5722400Z 107350K .......... .......... .......... .......... .......... 81% 46.0M 1s
2026-06-25T21:57:09.5728630Z 107400K .......... .......... .......... .......... .......... 81% 61.7M 1s
2026-06-25T21:57:09.5740710Z 107450K .......... .......... .......... .......... .......... 81% 72.2M 1s
2026-06-25T21:57:09.5745510Z 107500K .......... .......... .......... .......... .......... 81%  198M 1s
2026-06-25T21:57:09.5763660Z 107550K .......... .......... .......... .......... .......... 81% 71.2M 1s
2026-06-25T21:57:09.5769240Z 107600K .......... .......... .......... .......... .......... 81%  154M 1s
2026-06-25T21:57:09.5771470Z 107650K .......... .......... .......... .......... .......... 81%  142M 1s
2026-06-25T21:57:09.5773440Z 107700K .......... .......... .......... .......... .......... 81%  137M 1s
2026-06-25T21:57:09.5776600Z 107750K .......... .......... .......... .......... .......... 81% 75.6M 1s
2026-06-25T21:57:09.5777120Z 107800K .......... .......... .......... .......... .......... 82% 64.2M 1s
2026-06-25T21:57:09.5777470Z 107850K .......... .......... .......... .......... .......... 82%  237M 1s
2026-06-25T21:57:09.5777780Z 107900K .......... .......... .......... .......... .......... 82% 98.4M 1s
2026-06-25T21:57:09.5787820Z 107950K .......... .......... .......... .......... .......... 82% 43.7M 1s
2026-06-25T21:57:09.5796170Z 108000K .......... .......... .......... .......... .......... 82% 61.2M 1s
2026-06-25T21:57:09.5804550Z 108050K .......... .......... .......... .......... .......... 82% 51.9M 1s
2026-06-25T21:57:09.5815160Z 108100K .......... .......... .......... .......... .......... 82% 55.4M 1s
2026-06-25T21:57:09.5822200Z 108150K .......... .......... .......... .......... .......... 82% 60.3M 1s
2026-06-25T21:57:09.5829770Z 108200K .......... .......... .......... .......... .......... 82% 57.0M 1s
2026-06-25T21:57:09.5838510Z 108250K .......... .......... .......... .......... .......... 82% 58.2M 1s
2026-06-25T21:57:09.5847750Z 108300K .......... .......... .......... .......... .......... 82% 57.4M 1s
2026-06-25T21:57:09.5854930Z 108350K .......... .......... .......... .......... .......... 82% 63.7M 1s
2026-06-25T21:57:09.5865310Z 108400K .......... .......... .......... .......... .......... 82% 51.6M 1s
2026-06-25T21:57:09.5875040Z 108450K .......... .......... .......... .......... .......... 82% 47.2M 1s
2026-06-25T21:57:09.5882440Z 108500K .......... .......... .......... .......... .......... 82% 63.5M 1s
2026-06-25T21:57:09.5891930Z 108550K .......... .......... .......... .......... .......... 82% 60.1M 1s
2026-06-25T21:57:09.5900170Z 108600K .......... .......... .......... .......... .......... 82% 53.4M 1s
2026-06-25T21:57:09.5905980Z 108650K .......... .......... .......... .......... .......... 82% 76.7M 1s
2026-06-25T21:57:09.5914310Z 108700K .......... .......... .......... .......... .......... 82% 56.1M 1s
2026-06-25T21:57:09.5922120Z 108750K .......... .......... .......... .......... .......... 82% 62.4M 1s
2026-06-25T21:57:09.5930570Z 108800K .......... .......... .......... .......... .......... 82% 65.0M 1s
2026-06-25T21:57:09.5938370Z 108850K .......... .......... .......... .......... .......... 82% 60.4M 1s
2026-06-25T21:57:09.6154280Z 108900K .......... .......... .......... .......... .......... 82% 2.28M 1s
2026-06-25T21:57:09.6161230Z 108950K .......... .......... .......... .......... .......... 82% 53.8M 1s
2026-06-25T21:57:09.6173810Z 109000K .......... .......... .......... .......... .......... 82% 38.3M 1s
2026-06-25T21:57:09.6181620Z 109050K .......... .......... .......... .......... .......... 82% 68.7M 1s
2026-06-25T21:57:09.6193440Z 109100K .......... .......... .......... .......... .......... 82% 40.6M 1s
2026-06-25T21:57:09.6198830Z 109150K .......... .......... .......... .......... .......... 83% 82.3M 1s
2026-06-25T21:57:09.6210840Z 109200K .......... .......... .......... .......... .......... 83% 41.9M 1s
2026-06-25T21:57:09.6221800Z 109250K .......... .......... .......... .......... .......... 83% 44.8M 1s
2026-06-25T21:57:09.6234060Z 109300K .......... .......... .......... .......... .......... 83% 43.3M 1s
2026-06-25T21:57:09.6243060Z 109350K .......... .......... .......... .......... .......... 83% 52.3M 1s
2026-06-25T21:57:09.6250410Z 109400K .......... .......... .......... .......... .......... 83% 66.4M 1s
2026-06-25T21:57:09.6258010Z 109450K .......... .......... .......... .......... .......... 83% 66.8M 1s
2026-06-25T21:57:09.6268980Z 109500K .......... .......... .......... .......... .......... 83% 45.0M 1s
2026-06-25T21:57:09.6272340Z 109550K .......... .......... .......... .......... .......... 83%  107M 1s
2026-06-25T21:57:09.6282260Z 109600K .......... .......... .......... .......... .......... 83% 51.3M 1s
2026-06-25T21:57:09.6293460Z 109650K .......... .......... .......... .......... .......... 83% 46.2M 1s
2026-06-25T21:57:09.6310630Z 109700K .......... .......... .......... .......... .......... 83% 27.8M 1s
2026-06-25T21:57:09.6312020Z 109750K .......... .......... .......... .......... .......... 83%  210M 1s
2026-06-25T21:57:09.6320670Z 109800K .......... .......... .......... .......... .......... 83% 63.0M 1s
2026-06-25T21:57:09.6329320Z 109850K .......... .......... .......... .......... .......... 83% 55.7M 1s
2026-06-25T21:57:09.6337800Z 109900K .......... .......... .......... .......... .......... 83% 59.9M 1s
2026-06-25T21:57:09.6346890Z 109950K .......... .......... .......... .......... .......... 83% 50.5M 1s
2026-06-25T21:57:09.6355680Z 110000K .......... .......... .......... .......... .......... 83% 71.3M 1s
2026-06-25T21:57:09.6362680Z 110050K .......... .......... .......... .......... .......... 83% 55.2M 1s
2026-06-25T21:57:09.6371930Z 110100K .......... .......... .......... .......... .......... 83% 51.8M 1s
2026-06-25T21:57:09.6382220Z 110150K .......... .......... .......... .......... .......... 83% 58.3M 1s
2026-06-25T21:57:09.6387050Z 110200K .......... .......... .......... .......... .......... 83% 70.9M 1s
2026-06-25T21:57:09.6395120Z 110250K .......... .......... .......... .......... .......... 83% 66.4M 1s
2026-06-25T21:57:09.6403120Z 110300K .......... .......... .......... .......... .......... 83% 69.8M 1s
2026-06-25T21:57:09.6406620Z 110350K .......... .......... .......... .......... .......... 83% 91.1M 1s
2026-06-25T21:57:09.6409690Z 110400K .......... .......... .......... .......... .......... 83%  150M 1s
2026-06-25T21:57:09.6419150Z 110450K .......... .......... .......... .......... .......... 84% 60.0M 1s
2026-06-25T21:57:09.6423780Z 110500K .......... .......... .......... .......... .......... 84% 97.5M 1s
2026-06-25T21:57:09.6432990Z 110550K .......... .......... .......... .......... .......... 84% 55.4M 1s
2026-06-25T21:57:09.6439560Z 110600K .......... .......... .......... .......... .......... 84% 65.2M 1s
2026-06-25T21:57:09.6449100Z 110650K .......... .......... .......... .......... .......... 84% 55.8M 1s
2026-06-25T21:57:09.6463910Z 110700K .......... .......... .......... .......... .......... 84% 30.8M 1s
2026-06-25T21:57:09.6571620Z 110750K .......... .......... .......... .......... .......... 84% 4.57M 1s
2026-06-25T21:57:09.6579420Z 110800K .......... .......... .......... .......... .......... 84% 57.7M 1s
2026-06-25T21:57:09.6588820Z 110850K .......... .......... .......... .......... .......... 84% 50.9M 1s
2026-06-25T21:57:09.6598790Z 110900K .......... .......... .......... .......... .......... 84% 50.0M 1s
2026-06-25T21:57:09.6609100Z 110950K .......... .......... .......... .......... .......... 84% 53.1M 1s
2026-06-25T21:57:09.6616450Z 111000K .......... .......... .......... .......... .......... 84% 58.2M 1s
2026-06-25T21:57:09.6627040Z 111050K .......... .......... .......... .......... .......... 84% 47.0M 1s
2026-06-25T21:57:09.6635380Z 111100K .......... .......... .......... .......... .......... 84% 57.9M 1s
2026-06-25T21:57:09.6647740Z 111150K .......... .......... .......... .......... .......... 84% 43.1M 1s
2026-06-25T21:57:09.6658020Z 111200K .......... .......... .......... .......... .......... 84% 47.1M 1s
2026-06-25T21:57:09.6665860Z 111250K .......... .......... .......... .......... .......... 84% 57.6M 1s
2026-06-25T21:57:09.6676210Z 111300K .......... .......... .......... .......... .......... 84% 52.2M 1s
2026-06-25T21:57:09.6685450Z 111350K .......... .......... .......... .......... .......... 84% 45.0M 1s
2026-06-25T21:57:09.6693910Z 111400K .......... .......... .......... .......... .......... 84% 57.6M 1s
2026-06-25T21:57:09.6705770Z 111450K .......... .......... .......... .......... .......... 84% 45.4M 1s
2026-06-25T21:57:09.6713480Z 111500K .......... .......... .......... .......... .......... 84% 55.2M 1s
2026-06-25T21:57:09.6721720Z 111550K .......... .......... .......... .......... .......... 84% 64.3M 1s
2026-06-25T21:57:09.6729170Z 111600K .......... .......... .......... .......... .......... 84% 64.7M 1s
2026-06-25T21:57:09.6734320Z 111650K .......... .......... .......... .......... .......... 84% 86.7M 1s
2026-06-25T21:57:09.6739590Z 111700K .......... .......... .......... .......... .......... 84%  127M 1s
2026-06-25T21:57:09.6743950Z 111750K .......... .......... .......... .......... .......... 85% 98.8M 1s
2026-06-25T21:57:09.6748340Z 111800K .......... .......... .......... .......... .......... 85%  101M 1s
2026-06-25T21:57:09.6753820Z 111850K .......... .......... .......... .......... .......... 85% 94.6M 1s
2026-06-25T21:57:09.6760610Z 111900K .......... .......... .......... .......... .......... 85% 79.8M 1s
2026-06-25T21:57:09.6765150Z 111950K .......... .......... .......... .......... .......... 85% 89.8M 1s
2026-06-25T21:57:09.6775340Z 112000K .......... .......... .......... .......... .......... 85%  344M 1s
2026-06-25T21:57:09.6777210Z 112050K .......... .......... .......... .......... .......... 85%  103M 1s
2026-06-25T21:57:09.6778030Z 112100K .......... .......... .......... .......... .......... 85% 76.2M 1s
2026-06-25T21:57:09.6781280Z 112150K .......... .......... .......... .......... .......... 85%  120M 1s
2026-06-25T21:57:09.6787180Z 112200K .......... .......... .......... .......... .......... 85% 80.3M 1s
2026-06-25T21:57:09.6793490Z 112250K .......... .......... .......... .......... .......... 85%  105M 1s
2026-06-25T21:57:09.6795430Z 112300K .......... .......... .......... .......... .......... 85%  192M 1s
2026-06-25T21:57:09.6800470Z 112350K .......... .......... .......... .......... .......... 85% 88.6M 1s
2026-06-25T21:57:09.6805300Z 112400K .......... .......... .......... .......... .......... 85%  108M 1s
2026-06-25T21:57:09.6810990Z 112450K .......... .......... .......... .......... .......... 85% 78.3M 1s
2026-06-25T21:57:09.6814300Z 112500K .......... .......... .......... .......... .......... 85%  137M 1s
2026-06-25T21:57:09.6819770Z 112550K .......... .......... .......... .......... .......... 85%  100M 1s
2026-06-25T21:57:09.6824440Z 112600K .......... .......... .......... .......... .......... 85% 92.3M 1s
2026-06-25T21:57:09.6826700Z 112650K .......... .......... .......... .......... .......... 85%  248M 1s
2026-06-25T21:57:09.6830030Z 112700K .......... .......... .......... .......... .......... 85%  135M 1s
2026-06-25T21:57:09.7116390Z 112750K .......... .......... .......... .......... .......... 85% 1.71M 1s
2026-06-25T21:57:09.7120040Z 112800K .......... .......... .......... .......... .......... 85%  116M 1s
2026-06-25T21:57:09.7128000Z 112850K .......... .......... .......... .......... .......... 85% 72.6M 1s
2026-06-25T21:57:09.7128670Z 112900K .......... .......... .......... .......... .......... 85%  330M 1s
2026-06-25T21:57:09.7136820Z 112950K .......... .......... .......... .......... .......... 85% 72.6M 1s
2026-06-25T21:57:09.7139060Z 113000K .......... .......... .......... .......... .......... 85%  332M 1s
2026-06-25T21:57:09.7142730Z 113050K .......... .......... .......... .......... .......... 85% 78.9M 1s
2026-06-25T21:57:09.7152290Z 113100K .......... .......... .......... .......... .......... 86% 66.7M 1s
2026-06-25T21:57:09.7154830Z 113150K .......... .......... .......... .......... .......... 86%  112M 1s
2026-06-25T21:57:09.7161420Z 113200K .......... .......... .......... .......... .......... 86% 92.5M 1s
2026-06-25T21:57:09.7162090Z 113250K .......... .......... .......... .......... .......... 86%  362M 1s
2026-06-25T21:57:09.7169040Z 113300K .......... .......... .......... .......... .......... 86% 67.6M 1s
2026-06-25T21:57:09.7173350Z 113350K .......... .......... .......... .......... .......... 86%  122M 1s
2026-06-25T21:57:09.7177950Z 113400K .......... .......... .......... .......... .......... 86% 95.4M 1s
2026-06-25T21:57:09.7180220Z 113450K .......... .......... .......... .......... .......... 86%  261M 1s
2026-06-25T21:57:09.7184780Z 113500K .......... .......... .......... .......... .......... 86% 98.2M 1s
2026-06-25T21:57:09.7192880Z 113550K .......... .......... .......... .......... .......... 86% 68.7M 1s
2026-06-25T21:57:09.7195170Z 113600K .......... .......... .......... .......... .......... 86%  138M 1s
2026-06-25T21:57:09.7197780Z 113650K .......... .......... .......... .......... .......... 86%  225M 1s
2026-06-25T21:57:09.7204750Z 113700K .......... .......... .......... .......... .......... 86% 65.1M 1s
2026-06-25T21:57:09.7210330Z 113750K .......... .......... .......... .......... .......... 86%  102M 1s
2026-06-25T21:57:09.7220030Z 113800K .......... .......... .......... .......... .......... 86% 50.1M 1s
2026-06-25T21:57:09.7228440Z 113850K .......... .......... .......... .......... .......... 86% 57.6M 1s
2026-06-25T21:57:09.7235850Z 113900K .......... .......... .......... .......... .......... 86% 63.9M 0s
2026-06-25T21:57:09.7244890Z 113950K .......... .......... .......... .......... .......... 86% 50.0M 0s
2026-06-25T21:57:09.7253880Z 114000K .......... .......... .......... .......... .......... 86% 54.9M 0s
2026-06-25T21:57:09.7261950Z 114050K .......... .......... .......... .......... .......... 86% 63.0M 0s
2026-06-25T21:57:09.7273080Z 114100K .......... .......... .......... .......... .......... 86% 48.2M 0s
2026-06-25T21:57:09.7280290Z 114150K .......... .......... .......... .......... .......... 86% 58.2M 0s
2026-06-25T21:57:09.7288300Z 114200K .......... .......... .......... .......... .......... 86% 69.6M 0s
2026-06-25T21:57:09.7297780Z 114250K .......... .......... .......... .......... .......... 86% 52.4M 0s
2026-06-25T21:57:09.7302180Z 114300K .......... .......... .......... .......... .......... 86% 87.5M 0s
2026-06-25T21:57:09.7310340Z 114350K .......... .......... .......... .......... .......... 86% 58.9M 0s
2026-06-25T21:57:09.7320140Z 114400K .......... .......... .......... .......... .......... 87% 51.2M 0s
2026-06-25T21:57:09.7331680Z 114450K .......... .......... .......... .......... .......... 87% 41.7M 0s
2026-06-25T21:57:09.7341850Z 114500K .......... .......... .......... .......... .......... 87% 48.3M 0s
2026-06-25T21:57:09.7353110Z 114550K .......... .......... .......... .......... .......... 87% 45.9M 0s
2026-06-25T21:57:09.7358350Z 114600K .......... .......... .......... .......... .......... 87% 82.2M 0s
2026-06-25T21:57:09.7366820Z 114650K .......... .......... .......... .......... .......... 87% 56.6M 0s
2026-06-25T21:57:09.7374590Z 114700K .......... .......... .......... .......... .......... 87% 71.7M 0s
2026-06-25T21:57:09.7381600Z 114750K .......... .......... .......... .......... .......... 87% 61.5M 0s
2026-06-25T21:57:09.7542830Z 114800K .......... .......... .......... .......... .......... 87% 3.05M 0s
2026-06-25T21:57:09.7552450Z 114850K .......... .......... .......... .......... .......... 87% 49.0M 0s
2026-06-25T21:57:09.7563770Z 114900K .......... .......... .......... .......... .......... 87% 52.1M 0s
2026-06-25T21:57:09.7572410Z 114950K .......... .......... .......... .......... .......... 87% 56.8M 0s
2026-06-25T21:57:09.7579080Z 115000K .......... .......... .......... .......... .......... 87% 60.5M 0s
2026-06-25T21:57:09.7582690Z 115050K .......... .......... .......... .......... .......... 87%  102M 0s
2026-06-25T21:57:09.7595480Z 115100K .......... .......... .......... .......... .......... 87% 45.0M 0s
2026-06-25T21:57:09.7599340Z 115150K .......... .......... .......... .......... .......... 87% 93.4M 0s
2026-06-25T21:57:09.7608940Z 115200K .......... .......... .......... .......... .......... 87% 52.7M 0s
2026-06-25T21:57:09.7618720Z 115250K .......... .......... .......... .......... .......... 87% 51.3M 0s
2026-06-25T21:57:09.7625540Z 115300K .......... .......... .......... .......... .......... 87% 69.3M 0s
2026-06-25T21:57:09.7633800Z 115350K .......... .......... .......... .......... .......... 87% 56.3M 0s
2026-06-25T21:57:09.7640850Z 115400K .......... .......... .......... .......... .......... 87% 65.8M 0s
2026-06-25T21:57:09.7657370Z 115450K .......... .......... .......... .......... .......... 87% 31.8M 0s
2026-06-25T21:57:09.7660010Z 115500K .......... .......... .......... .......... .......... 87%  145M 0s
2026-06-25T21:57:09.7662310Z 115550K .......... .......... .......... .......... .......... 87%  202M 0s
2026-06-25T21:57:09.7671590Z 115600K .......... .......... .......... .......... .......... 87% 51.4M 0s
2026-06-25T21:57:09.7677890Z 115650K .......... .......... .......... .......... .......... 87% 73.5M 0s
2026-06-25T21:57:09.7682270Z 115700K .......... .......... .......... .......... .......... 88%  137M 0s
2026-06-25T21:57:09.7686520Z 115750K .......... .......... .......... .......... .......... 88%  117M 0s
2026-06-25T21:57:09.7693310Z 115800K .......... .......... .......... .......... .......... 88% 72.3M 0s
2026-06-25T21:57:09.7695850Z 115850K .......... .......... .......... .......... .......... 88%  173M 0s
2026-06-25T21:57:09.7697940Z 115900K .......... .......... .......... .......... .......... 88%  180M 0s
2026-06-25T21:57:09.7708230Z 115950K .......... .......... .......... .......... .......... 88% 51.8M 0s
2026-06-25T21:57:09.7710050Z 116000K .......... .......... .......... .......... .......... 88%  170M 0s
2026-06-25T21:57:09.7715290Z 116050K .......... .......... .......... .......... .......... 88%  156M 0s
2026-06-25T21:57:09.7720110Z 116100K .......... .......... .......... .......... .......... 88% 74.5M 0s
2026-06-25T21:57:09.7721910Z 116150K .......... .......... .......... .......... .......... 88%  234M 0s
2026-06-25T21:57:09.7727390Z 116200K .......... .......... .......... .......... .......... 88% 95.2M 0s
2026-06-25T21:57:09.7732210Z 116250K .......... .......... .......... .......... .......... 88%  125M 0s
2026-06-25T21:57:09.7736500Z 116300K .......... .......... .......... .......... .......... 88% 98.2M 0s
2026-06-25T21:57:09.7741470Z 116350K .......... .......... .......... .......... .......... 88%  102M 0s
2026-06-25T21:57:09.7747560Z 116400K .......... .......... .......... .......... .......... 88% 76.2M 0s
2026-06-25T21:57:09.7752440Z 116450K .......... .......... .......... .......... .......... 88%  151M 0s
2026-06-25T21:57:09.7754700Z 116500K .......... .......... .......... .......... .......... 88%  124M 0s
2026-06-25T21:57:09.7761700Z 116550K .......... .......... .......... .......... .......... 88% 71.6M 0s
2026-06-25T21:57:09.7765710Z 116600K .......... .......... .......... .......... .......... 88%  116M 0s
2026-06-25T21:57:09.7770600Z 116650K .......... .......... .......... .......... .......... 88% 98.0M 0s
2026-06-25T21:57:09.7776920Z 116700K .......... .......... .......... .......... .......... 88% 74.0M 0s
2026-06-25T21:57:09.8008760Z 116750K .......... .......... .......... .......... .......... 88% 2.12M 0s
2026-06-25T21:57:09.8016090Z 116800K .......... .......... .......... .......... .......... 88% 56.5M 0s
2026-06-25T21:57:09.8019900Z 116850K .......... .......... .......... .......... .......... 88%  136M 0s
2026-06-25T21:57:09.8024430Z 116900K .......... .......... .......... .......... .......... 88%  126M 0s
2026-06-25T21:57:09.8025570Z 116950K .......... .......... .......... .......... .......... 88%  208M 0s
2026-06-25T21:57:09.8032060Z 117000K .......... .......... .......... .......... .......... 88% 78.5M 0s
2026-06-25T21:57:09.8036820Z 117050K .......... .......... .......... .......... .......... 89%  113M 0s
2026-06-25T21:57:09.8040390Z 117100K .......... .......... .......... .......... .......... 89%  186M 0s
2026-06-25T21:57:09.8044850Z 117150K .......... .......... .......... .......... .......... 89% 82.6M 0s
2026-06-25T21:57:09.8049060Z 117200K .......... .......... .......... .......... .......... 89%  126M 0s
2026-06-25T21:57:09.8057350Z 117250K .......... .......... .......... .......... .......... 89% 81.7M 0s
2026-06-25T21:57:09.8059180Z 117300K .......... .......... .......... .......... .......... 89%  444M 0s
2026-06-25T21:57:09.8062700Z 117350K .......... .......... .......... .......... .......... 89% 69.4M 0s
2026-06-25T21:57:09.8068610Z 117400K .......... .......... .......... .......... .......... 89%  103M 0s
2026-06-25T21:57:09.8075000Z 117450K .......... .......... .......... .......... .......... 89% 76.4M 0s
2026-06-25T21:57:09.8075990Z 117500K .......... .......... .......... .......... .......... 89%  209M 0s
2026-06-25T21:57:09.8083500Z 117550K .......... .......... .......... .......... .......... 89% 85.2M 0s
2026-06-25T21:57:09.8089020Z 117600K .......... .......... .......... .......... .......... 89% 97.1M 0s
2026-06-25T21:57:09.8090750Z 117650K .......... .......... .......... .......... .......... 89%  148M 0s
2026-06-25T21:57:09.8097470Z 117700K .......... .......... .......... .......... .......... 89% 71.9M 0s
2026-06-25T21:57:09.8103120Z 117750K .......... .......... .......... .......... .......... 89% 88.3M 0s
2026-06-25T21:57:09.8108040Z 117800K .......... .......... .......... .......... .......... 89%  104M 0s
2026-06-25T21:57:09.8110470Z 117850K .......... .......... .......... .......... .......... 89%  151M 0s
2026-06-25T21:57:09.8117770Z 117900K .......... .......... .......... .......... .......... 89% 73.4M 0s
2026-06-25T21:57:09.8127450Z 117950K .......... .......... .......... .......... .......... 89% 49.5M 0s
2026-06-25T21:57:09.8134420Z 118000K .......... .......... .......... .......... .......... 89% 67.3M 0s
2026-06-25T21:57:09.8143970Z 118050K .......... .......... .......... .......... .......... 89% 61.8M 0s
2026-06-25T21:57:09.8146340Z 118100K .......... .......... .......... .......... .......... 89%  112M 0s
2026-06-25T21:57:09.8157410Z 118150K .......... .......... .......... .......... .......... 89% 49.1M 0s
2026-06-25T21:57:09.8166060Z 118200K .......... .......... .......... .......... .......... 89% 58.1M 0s
2026-06-25T21:57:09.8174310Z 118250K .......... .......... .......... .......... .......... 89% 54.9M 0s
2026-06-25T21:57:09.8180730Z 118300K .......... .......... .......... .......... .......... 89% 86.3M 0s
2026-06-25T21:57:09.8184370Z 118350K .......... .......... .......... .......... .......... 90% 98.8M 0s
2026-06-25T21:57:09.8193670Z 118400K .......... .......... .......... .......... .......... 90% 55.2M 0s
2026-06-25T21:57:09.8200640Z 118450K .......... .......... .......... .......... .......... 90% 65.6M 0s
2026-06-25T21:57:09.8450380Z 118500K .......... .......... .......... .......... .......... 90% 1.98M 0s
2026-06-25T21:57:09.8451690Z 118550K .......... .......... .......... .......... .......... 90%  127M 0s
2026-06-25T21:57:09.8455220Z 118600K .......... .......... .......... .......... .......... 90%  125M 0s
2026-06-25T21:57:09.8459980Z 118650K .......... .......... .......... .......... .......... 90%  121M 0s
2026-06-25T21:57:09.8465620Z 118700K .......... .......... .......... .......... .......... 90% 83.5M 0s
2026-06-25T21:57:09.8468300Z 118750K .......... .......... .......... .......... .......... 90%  174M 0s
2026-06-25T21:57:09.8473570Z 118800K .......... .......... .......... .......... .......... 90% 91.3M 0s
2026-06-25T21:57:09.8475700Z 118850K .......... .......... .......... .......... .......... 90%  221M 0s
2026-06-25T21:57:09.8486890Z 118900K .......... .......... .......... .......... .......... 90% 44.5M 0s
2026-06-25T21:57:09.8499290Z 118950K .......... .......... .......... .......... .......... 90% 45.5M 0s
2026-06-25T21:57:09.8507100Z 119000K .......... .......... .......... .......... .......... 90% 55.0M 0s
2026-06-25T21:57:09.8515140Z 119050K .......... .......... .......... .......... .......... 90% 54.5M 0s
2026-06-25T21:57:09.8526850Z 119100K .......... .......... .......... .......... .......... 90% 52.9M 0s
2026-06-25T21:57:09.8533760Z 119150K .......... .......... .......... .......... .......... 90% 59.5M 0s
2026-06-25T21:57:09.8542600Z 119200K .......... .......... .......... .......... .......... 90% 54.6M 0s
2026-06-25T21:57:09.8550620Z 119250K .......... .......... .......... .......... .......... 90% 52.6M 0s
2026-06-25T21:57:09.8559210Z 119300K .......... .......... .......... .......... .......... 90% 64.9M 0s
2026-06-25T21:57:09.8567410Z 119350K .......... .......... .......... .......... .......... 90% 55.5M 0s
2026-06-25T21:57:09.8577200Z 119400K .......... .......... .......... .......... .......... 90% 50.2M 0s
2026-06-25T21:57:09.8590540Z 119450K .......... .......... .......... .......... .......... 90% 36.1M 0s
2026-06-25T21:57:09.8601270Z 119500K .......... .......... .......... .......... .......... 90% 44.9M 0s
2026-06-25T21:57:09.8608490Z 119550K .......... .......... .......... .......... .......... 90% 91.4M 0s
2026-06-25T21:57:09.8622380Z 119600K .......... .......... .......... .......... .......... 90% 34.2M 0s
2026-06-25T21:57:09.8626940Z 119650K .......... .......... .......... .......... .......... 91% 83.0M 0s
2026-06-25T21:57:09.8639580Z 119700K .......... .......... .......... .......... .......... 91% 56.8M 0s
2026-06-25T21:57:09.8640050Z 119750K .......... .......... .......... .......... .......... 91%  108M 0s
2026-06-25T21:57:09.8653010Z 119800K .......... .......... .......... .......... .......... 91% 43.4M 0s
2026-06-25T21:57:09.8663070Z 119850K .......... .......... .......... .......... .......... 91% 47.3M 0s
2026-06-25T21:57:09.8666560Z 119900K .......... .......... .......... .......... .......... 91%  139M 0s
2026-06-25T21:57:09.8676420Z 119950K .......... .......... .......... .......... .......... 91% 44.1M 0s
2026-06-25T21:57:09.8684640Z 120000K .......... .......... .......... .......... .......... 91% 59.0M 0s
2026-06-25T21:57:09.8692300Z 120050K .......... .......... .......... .......... .......... 91% 80.2M 0s
2026-06-25T21:57:09.8702880Z 120100K .......... .......... .......... .......... .......... 91% 41.1M 0s
2026-06-25T21:57:09.8706770Z 120150K .......... .......... .......... .......... .......... 91%  112M 0s
2026-06-25T21:57:09.8716500Z 120200K .......... .......... .......... .......... .......... 91% 51.3M 0s
2026-06-25T21:57:09.8724450Z 120250K .......... .......... .......... .......... .......... 91% 60.4M 0s
2026-06-25T21:57:09.8731260Z 120300K .......... .......... .......... .......... .......... 91% 70.4M 0s
2026-06-25T21:57:09.8742690Z 120350K .......... .......... .......... .......... .......... 91% 49.7M 0s
2026-06-25T21:57:09.8747600Z 120400K .......... .......... .......... .......... .......... 91% 73.2M 0s
2026-06-25T21:57:09.8756310Z 120450K .......... .......... .......... .......... .......... 91% 56.5M 0s
2026-06-25T21:57:09.8767450Z 120500K .......... .......... .......... .......... .......... 91% 43.5M 0s
2026-06-25T21:57:09.8771310Z 120550K .......... .......... .......... .......... .......... 91%  149M 0s
2026-06-25T21:57:09.8779500Z 120600K .......... .......... .......... .......... .......... 91% 56.6M 0s
2026-06-25T21:57:09.8790500Z 120650K .......... .......... .......... .......... .......... 91% 53.3M 0s
2026-06-25T21:57:09.8798300Z 120700K .......... .......... .......... .......... .......... 91% 59.2M 0s
2026-06-25T21:57:09.8908480Z 120750K .......... .......... .......... .......... .......... 91% 4.39M 0s
2026-06-25T21:57:09.8915390Z 120800K .......... .......... .......... .......... .......... 91% 74.0M 0s
2026-06-25T21:57:09.8923060Z 120850K .......... .......... .......... .......... .......... 91% 57.0M 0s
2026-06-25T21:57:09.8930900Z 120900K .......... .......... .......... .......... .......... 91% 63.0M 0s
2026-06-25T21:57:09.8939940Z 120950K .......... .......... .......... .......... .......... 92% 53.8M 0s
2026-06-25T21:57:09.8947900Z 121000K .......... .......... .......... .......... .......... 92% 61.5M 0s
2026-06-25T21:57:09.8957240Z 121050K .......... .......... .......... .......... .......... 92% 56.1M 0s
2026-06-25T21:57:09.8964930Z 121100K .......... .......... .......... .......... .......... 92% 60.2M 0s
2026-06-25T21:57:09.8972760Z 121150K .......... .......... .......... .......... .......... 92% 61.4M 0s
2026-06-25T21:57:09.8992750Z 121200K .......... .......... .......... .......... .......... 92% 25.3M 0s
2026-06-25T21:57:09.8996360Z 121250K .......... .......... .......... .......... .......... 92%  346M 0s
2026-06-25T21:57:09.9000890Z 121300K .......... .......... .......... .......... .......... 92% 69.3M 0s
2026-06-25T21:57:09.9009350Z 121350K .......... .......... .......... .......... .......... 92% 53.8M 0s
2026-06-25T21:57:09.9017710Z 121400K .......... .......... .......... .......... .......... 92% 60.8M 0s
2026-06-25T21:57:09.9027430Z 121450K .......... .......... .......... .......... .......... 92% 51.2M 0s
2026-06-25T21:57:09.9035780Z 121500K .......... .......... .......... .......... .......... 92% 55.9M 0s
2026-06-25T21:57:09.9044720Z 121550K .......... .......... .......... .......... .......... 92% 56.4M 0s
2026-06-25T21:57:09.9052580Z 121600K .......... .......... .......... .......... .......... 92% 70.8M 0s
2026-06-25T21:57:09.9058120Z 121650K .......... .......... .......... .......... .......... 92% 86.3M 0s
2026-06-25T21:57:09.9065110Z 121700K .......... .......... .......... .......... .......... 92% 59.8M 0s
2026-06-25T21:57:09.9073840Z 121750K .......... .......... .......... .......... .......... 92% 59.4M 0s
2026-06-25T21:57:09.9078990Z 121800K .......... .......... .......... .......... .......... 92% 93.2M 0s
2026-06-25T21:57:09.9080970Z 121850K .......... .......... .......... .......... .......... 92%  191M 0s
2026-06-25T21:57:09.9090730Z 121900K .......... .......... .......... .......... .......... 92% 56.4M 0s
2026-06-25T21:57:09.9100110Z 121950K .......... .......... .......... .......... .......... 92% 54.6M 0s
2026-06-25T21:57:09.9108560Z 122000K .......... .......... .......... .......... .......... 92% 60.1M 0s
2026-06-25T21:57:09.9115400Z 122050K .......... .......... .......... .......... .......... 92% 61.5M 0s
2026-06-25T21:57:09.9124280Z 122100K .......... .......... .......... .......... .......... 92% 51.7M 0s
2026-06-25T21:57:09.9130480Z 122150K .......... .......... .......... .......... .......... 92% 79.3M 0s
2026-06-25T21:57:09.9133880Z 122200K .......... .......... .......... .......... .......... 92%  130M 0s
2026-06-25T21:57:09.9144280Z 122250K .......... .......... .......... .......... .......... 92% 49.4M 0s
2026-06-25T21:57:09.9146030Z 122300K .......... .......... .......... .......... .......... 93%  245M 0s
2026-06-25T21:57:09.9156120Z 122350K .......... .......... .......... .......... .......... 93% 50.7M 0s
2026-06-25T21:57:09.9161680Z 122400K .......... .......... .......... .......... .......... 93% 93.2M 0s
2026-06-25T21:57:09.9167270Z 122450K .......... .......... .......... .......... .......... 93% 93.0M 0s
2026-06-25T21:57:09.9173040Z 122500K .......... .......... .......... .......... .......... 93% 76.4M 0s
2026-06-25T21:57:09.9413350Z 122550K .......... .......... .......... .......... .......... 93% 2.03M 0s
2026-06-25T21:57:09.9417860Z 122600K .......... .......... .......... .......... .......... 93%  117M 0s
2026-06-25T21:57:09.9425840Z 122650K .......... .......... .......... .......... .......... 93% 72.9M 0s
2026-06-25T21:57:09.9433650Z 122700K .......... .......... .......... .......... .......... 93% 53.3M 0s
2026-06-25T21:57:09.9440600Z 122750K .......... .......... .......... .......... .......... 93%  104M 0s
2026-06-25T21:57:09.9443920Z 122800K .......... .......... .......... .......... .......... 93% 78.8M 0s
2026-06-25T21:57:09.9450040Z 122850K .......... .......... .......... .......... .......... 93% 94.1M 0s
2026-06-25T21:57:09.9453400Z 122900K .......... .......... .......... .......... .......... 93%  146M 0s
2026-06-25T21:57:09.9458500Z 122950K .......... .......... .......... .......... .......... 93% 81.7M 0s
2026-06-25T21:57:09.9465400Z 123000K .......... .......... .......... .......... .......... 93% 83.5M 0s
2026-06-25T21:57:09.9468840Z 123050K .......... .......... .......... .......... .......... 93%  116M 0s
2026-06-25T21:57:09.9474530Z 123100K .......... .......... .......... .......... .......... 93%  109M 0s
2026-06-25T21:57:09.9483130Z 123150K .......... .......... .......... .......... .......... 93% 53.8M 0s
2026-06-25T21:57:09.9487610Z 123200K .......... .......... .......... .......... .......... 93% 88.9M 0s
2026-06-25T21:57:09.9493170Z 123250K .......... .......... .......... .......... .......... 93% 91.1M 0s
2026-06-25T21:57:09.9497820Z 123300K .......... .......... .......... .......... .......... 93% 97.7M 0s
2026-06-25T21:57:09.9502930Z 123350K .......... .......... .......... .......... .......... 93% 97.9M 0s
2026-06-25T21:57:09.9510600Z 123400K .......... .......... .......... .......... .......... 93% 84.0M 0s
2026-06-25T21:57:09.9514030Z 123450K .......... .......... .......... .......... .......... 93%  106M 0s
2026-06-25T21:57:09.9517580Z 123500K .......... .......... .......... .......... .......... 93%  150M 0s
2026-06-25T21:57:09.9522010Z 123550K .......... .......... .......... .......... .......... 93%  111M 0s
2026-06-25T21:57:09.9531340Z 123600K .......... .......... .......... .......... .......... 94% 66.4M 0s
2026-06-25T21:57:09.9533230Z 123650K .......... .......... .......... .......... .......... 94%  202M 0s
2026-06-25T21:57:09.9535970Z 123700K .......... .......... .......... .......... .......... 94% 94.6M 0s
2026-06-25T21:57:09.9543990Z 123750K .......... .......... .......... .......... .......... 94%  120M 0s
2026-06-25T21:57:09.9545570Z 123800K .......... .......... .......... .......... .......... 94%  135M 0s
2026-06-25T21:57:09.9547270Z 123850K .......... .......... .......... .......... .......... 94%  130M 0s
2026-06-25T21:57:09.9550950Z 123900K .......... .......... .......... .......... .......... 94%  170M 0s
2026-06-25T21:57:09.9555510Z 123950K .......... .......... .......... .......... .......... 94% 89.8M 0s
2026-06-25T21:57:09.9557290Z 124000K .......... .......... .......... .......... .......... 94%  281M 0s
2026-06-25T21:57:09.9578750Z 124050K .......... .......... .......... .......... .......... 94% 61.8M 0s
2026-06-25T21:57:09.9579240Z 124100K .......... .......... .......... .......... .......... 94%  102M 0s
2026-06-25T21:57:09.9579560Z 124150K .......... .......... .......... .......... .......... 94%  162M 0s
2026-06-25T21:57:09.9579950Z 124200K .......... .......... .......... .......... .......... 94%  171M 0s
2026-06-25T21:57:09.9580320Z 124250K .......... .......... .......... .......... .......... 94%  160M 0s
2026-06-25T21:57:09.9580860Z 124300K .......... .......... .......... .......... .......... 94%  588M 0s
2026-06-25T21:57:09.9581210Z 124350K .......... .......... .......... .......... .......... 94%  509M 0s
2026-06-25T21:57:09.9814330Z 124400K .......... .......... .......... .......... .......... 94% 2.09M 0s
2026-06-25T21:57:09.9819800Z 124450K .......... .......... .......... .......... .......... 94% 84.6M 0s
2026-06-25T21:57:09.9825510Z 124500K .......... .......... .......... .......... .......... 94%  107M 0s
2026-06-25T21:57:09.9830340Z 124550K .......... .......... .......... .......... .......... 94%  117M 0s
2026-06-25T21:57:09.9836510Z 124600K .......... .......... .......... .......... .......... 94% 64.5M 0s
2026-06-25T21:57:09.9840140Z 124650K .......... .......... .......... .......... .......... 94%  198M 0s
2026-06-25T21:57:09.9847050Z 124700K .......... .......... .......... .......... .......... 94% 70.8M 0s
2026-06-25T21:57:09.9853590Z 124750K .......... .......... .......... .......... .......... 94% 59.5M 0s
2026-06-25T21:57:09.9863260Z 124800K .......... .......... .......... .......... .......... 94% 53.4M 0s
2026-06-25T21:57:09.9875320Z 124850K .......... .......... .......... .......... .......... 94% 40.8M 0s
2026-06-25T21:57:09.9884420Z 124900K .......... .......... .......... .......... .......... 95% 50.1M 0s
2026-06-25T21:57:09.9895790Z 124950K .......... .......... .......... .......... .......... 95% 46.2M 0s
2026-06-25T21:57:09.9901990Z 125000K .......... .......... .......... .......... .......... 95% 68.0M 0s
2026-06-25T21:57:09.9913630Z 125050K .......... .......... .......... .......... .......... 95% 48.8M 0s
2026-06-25T21:57:09.9922110Z 125100K .......... .......... .......... .......... .......... 95% 52.1M 0s
2026-06-25T21:57:09.9933070Z 125150K .......... .......... .......... .......... .......... 95% 52.6M 0s
2026-06-25T21:57:09.9941110Z 125200K .......... .......... .......... .......... .......... 95% 47.9M 0s
2026-06-25T21:57:09.9949890Z 125250K .......... .......... .......... .......... .......... 95% 64.6M 0s
2026-06-25T21:57:09.9957090Z 125300K .......... .......... .......... .......... .......... 95% 58.7M 0s
2026-06-25T21:57:09.9967420Z 125350K .......... .......... .......... .......... .......... 95% 47.1M 0s
2026-06-25T21:57:09.9976540Z 125400K .......... .......... .......... .......... .......... 95% 70.8M 0s
2026-06-25T21:57:09.9982700Z 125450K .......... .......... .......... .......... .......... 95% 62.3M 0s
2026-06-25T21:57:09.9989910Z 125500K .......... .......... .......... .......... .......... 95% 64.3M 0s
2026-06-25T21:57:09.9997030Z 125550K .......... .......... .......... .......... .......... 95% 71.5M 0s
2026-06-25T21:57:10.0008540Z 125600K .......... .......... .......... .......... .......... 95% 46.9M 0s
2026-06-25T21:57:10.0013620Z 125650K .......... .......... .......... .......... .......... 95% 74.2M 0s
2026-06-25T21:57:10.0023150Z 125700K .......... .......... .......... .......... .......... 95% 53.5M 0s
2026-06-25T21:57:10.0026580Z 125750K .......... .......... .......... .......... .......... 95%  125M 0s
2026-06-25T21:57:10.0040420Z 125800K .......... .......... .......... .......... .......... 95% 41.1M 0s
2026-06-25T21:57:10.0049730Z 125850K .......... .......... .......... .......... .......... 95% 51.4M 0s
2026-06-25T21:57:10.0053420Z 125900K .......... .......... .......... .......... .......... 95% 84.9M 0s
2026-06-25T21:57:10.0057050Z 125950K .......... .......... .......... .......... .......... 95%  133M 0s
2026-06-25T21:57:10.0071840Z 126000K .......... .......... .......... .......... .......... 95% 33.5M 0s
2026-06-25T21:57:10.0079610Z 126050K .......... .......... .......... .......... .......... 95% 68.4M 0s
2026-06-25T21:57:10.0095300Z 126100K .......... .......... .......... .......... .......... 95% 35.1M 0s
2026-06-25T21:57:10.0101000Z 126150K .......... .......... .......... .......... .......... 95% 63.2M 0s
2026-06-25T21:57:10.0109280Z 126200K .......... .......... .......... .......... .......... 95% 55.5M 0s
2026-06-25T21:57:10.0116700Z 126250K .......... .......... .......... .......... .......... 96% 66.9M 0s
2026-06-25T21:57:10.0127440Z 126300K .......... .......... .......... .......... .......... 96% 54.0M 0s
2026-06-25T21:57:10.0135320Z 126350K .......... .......... .......... .......... .......... 96% 60.2M 0s
2026-06-25T21:57:10.0138620Z 126400K .......... .......... .......... .......... .......... 96%  110M 0s
2026-06-25T21:57:10.0159270Z 126450K .......... .......... .......... .......... .......... 96% 23.5M 0s
2026-06-25T21:57:10.0173560Z 126500K .......... .......... .......... .......... .......... 96% 34.7M 0s
2026-06-25T21:57:10.0318080Z 126550K .......... .......... .......... .......... .......... 96% 3.52M 0s
2026-06-25T21:57:10.0320840Z 126600K .......... .......... .......... .......... .......... 96% 71.8M 0s
2026-06-25T21:57:10.0323850Z 126650K .......... .......... .......... .......... .......... 96%  102M 0s
2026-06-25T21:57:10.0334220Z 126700K .......... .......... .......... .......... .......... 96% 64.2M 0s
2026-06-25T21:57:10.0337460Z 126750K .......... .......... .......... .......... .......... 96% 78.8M 0s
2026-06-25T21:57:10.0348750Z 126800K .......... .......... .......... .......... .......... 96% 54.3M 0s
2026-06-25T21:57:10.0351060Z 126850K .......... .......... .......... .......... .......... 96%  101M 0s
2026-06-25T21:57:10.0361950Z 126900K .......... .......... .......... .......... .......... 96% 47.9M 0s
2026-06-25T21:57:10.0379730Z 126950K .......... .......... .......... .......... .......... 96% 27.1M 0s
2026-06-25T21:57:10.0380140Z 127000K .......... .......... .......... .......... .......... 96%  514M 0s
2026-06-25T21:57:10.0381460Z 127050K .......... .......... .......... .......... .......... 96%  384M 0s
2026-06-25T21:57:10.0393540Z 127100K .......... .......... .......... .......... .......... 96% 53.2M 0s
2026-06-25T21:57:10.0398950Z 127150K .......... .......... .......... .......... .......... 96% 64.9M 0s
2026-06-25T21:57:10.0404980Z 127200K .......... .......... .......... .......... .......... 96% 81.1M 0s
2026-06-25T21:57:10.0407230Z 127250K .......... .......... .......... .......... .......... 96%  188M 0s
2026-06-25T21:57:10.0423150Z 127300K .......... .......... .......... .......... .......... 96% 36.4M 0s
2026-06-25T21:57:10.0430720Z 127350K .......... .......... .......... .......... .......... 96% 49.0M 0s
2026-06-25T21:57:10.0437210Z 127400K .......... .......... .......... .......... .......... 96% 84.6M 0s
2026-06-25T21:57:10.0453820Z 127450K .......... .......... .......... .......... .......... 96% 30.1M 0s
2026-06-25T21:57:10.0461560Z 127500K .......... .......... .......... .......... .......... 96% 61.6M 0s
2026-06-25T21:57:10.0473800Z 127550K .......... .......... .......... .......... .......... 97% 38.4M 0s
2026-06-25T21:57:10.0487970Z 127600K .......... .......... .......... .......... .......... 97% 38.0M 0s
2026-06-25T21:57:10.0507560Z 127650K .......... .......... .......... .......... .......... 97% 26.2M 0s
2026-06-25T21:57:10.0516330Z 127700K .......... .......... .......... .......... .......... 97% 46.3M 0s
2026-06-25T21:57:10.0521620Z 127750K .......... .......... .......... .......... .......... 97% 81.9M 0s
2026-06-25T21:57:10.0525820Z 127800K .......... .......... .......... .......... .......... 97%  124M 0s
2026-06-25T21:57:10.0538830Z 127850K .......... .......... .......... .......... .......... 97% 40.0M 0s
2026-06-25T21:57:10.0546080Z 127900K .......... .......... .......... .......... .......... 97% 65.8M 0s
2026-06-25T21:57:10.0550900Z 127950K .......... .......... .......... .......... .......... 97% 90.4M 0s
2026-06-25T21:57:10.0556470Z 128000K .......... .......... .......... .......... .......... 97% 74.3M 0s
2026-06-25T21:57:10.0570410Z 128050K .......... .......... .......... .......... .......... 97% 36.4M 0s
2026-06-25T21:57:10.0585900Z 128100K .......... .......... .......... .......... .......... 97% 37.0M 0s
2026-06-25T21:57:10.0592120Z 128150K .......... .......... .......... .......... .......... 97% 56.6M 0s
2026-06-25T21:57:10.0602500Z 128200K .......... .......... .......... .......... .......... 97% 47.1M 0s
2026-06-25T21:57:10.0626200Z 128250K .......... .......... .......... .......... .......... 97% 21.1M 0s
2026-06-25T21:57:10.0636400Z 128300K .......... .......... .......... .......... .......... 97% 43.6M 0s
2026-06-25T21:57:10.0646460Z 128350K .......... .......... .......... .......... .......... 97% 48.7M 0s
2026-06-25T21:57:10.0654350Z 128400K .......... .......... .......... .......... .......... 97% 65.8M 0s
2026-06-25T21:57:10.0793050Z 128450K .......... .......... .......... .......... .......... 97% 3.53M 0s
2026-06-25T21:57:10.0802040Z 128500K .......... .......... .......... .......... .......... 97% 57.6M 0s
2026-06-25T21:57:10.0804700Z 128550K .......... .......... .......... .......... .......... 97%  116M 0s
2026-06-25T21:57:10.0810930Z 128600K .......... .......... .......... .......... .......... 97% 97.3M 0s
2026-06-25T21:57:10.0813610Z 128650K .......... .......... .......... .......... .......... 97%  143M 0s
2026-06-25T21:57:10.0819760Z 128700K .......... .......... .......... .......... .......... 97% 72.7M 0s
2026-06-25T21:57:10.0825130Z 128750K .......... .......... .......... .......... .......... 97%  139M 0s
2026-06-25T21:57:10.0826440Z 128800K .......... .......... .......... .......... .......... 97%  170M 0s
2026-06-25T21:57:10.0830920Z 128850K .......... .......... .......... .......... .......... 98%  104M 0s
2026-06-25T21:57:10.0839160Z 128900K .......... .......... .......... .......... .......... 98% 85.4M 0s
2026-06-25T21:57:10.0843810Z 128950K .......... .......... .......... .......... .......... 98% 67.7M 0s
2026-06-25T21:57:10.0846800Z 129000K .......... .......... .......... .......... .......... 98%  233M 0s
2026-06-25T21:57:10.0851430Z 129050K .......... .......... .......... .......... .......... 98% 96.1M 0s
2026-06-25T21:57:10.0855000Z 129100K .......... .......... .......... .......... .......... 98%  132M 0s
2026-06-25T21:57:10.0859320Z 129150K .......... .......... .......... .......... .......... 98%  108M 0s
2026-06-25T21:57:10.0868310Z 129200K .......... .......... .......... .......... .......... 98% 65.2M 0s
2026-06-25T21:57:10.0875890Z 129250K .......... .......... .......... .......... .......... 98% 94.3M 0s
2026-06-25T21:57:10.0882770Z 129300K .......... .......... .......... .......... .......... 98%  176M 0s
2026-06-25T21:57:10.0883260Z 129350K .......... .......... .......... .......... .......... 98% 74.2M 0s
2026-06-25T21:57:10.0892850Z 129400K .......... .......... .......... .......... .......... 98% 85.5M 0s
2026-06-25T21:57:10.0902360Z 129450K .......... .......... .......... .......... .......... 98% 56.4M 0s
2026-06-25T21:57:10.0905060Z 129500K .......... .......... .......... .......... .......... 98%  196M 0s
2026-06-25T21:57:10.0906530Z 129550K .......... .......... .......... .......... .......... 98%  149M 0s
2026-06-25T21:57:10.0909430Z 129600K .......... .......... .......... .......... .......... 98%  195M 0s
2026-06-25T21:57:10.0914360Z 129650K .......... .......... .......... .......... .......... 98%  197M 0s
2026-06-25T21:57:10.0919050Z 129700K .......... .......... .......... .......... .......... 98%  114M 0s
2026-06-25T21:57:10.0922840Z 129750K .......... .......... .......... .......... .......... 98% 71.6M 0s
2026-06-25T21:57:10.0925470Z 129800K .......... .......... .......... .......... .......... 98%  189M 0s
2026-06-25T21:57:10.0928460Z 129850K .......... .......... .......... .......... .......... 98% 58.3M 0s
2026-06-25T21:57:10.0934880Z 129900K .......... .......... .......... .......... .......... 98%  309M 0s
2026-06-25T21:57:10.0935880Z 129950K .......... .......... .......... .......... .......... 98%  116M 0s
2026-06-25T21:57:10.0956020Z 130000K .......... .......... .......... .......... .......... 98% 54.3M 0s
2026-06-25T21:57:10.0966880Z 130050K .......... .......... .......... .......... .......... 98% 32.1M 0s
2026-06-25T21:57:10.0972200Z 130100K .......... .......... .......... .......... .......... 98%  155M 0s
2026-06-25T21:57:10.0974300Z 130150K .......... .......... .......... .......... .......... 98% 42.8M 0s
2026-06-25T21:57:10.0987410Z 130200K .......... .......... .......... .......... .......... 99% 40.9M 0s
2026-06-25T21:57:10.0999840Z 130250K .......... .......... .......... .......... .......... 99% 96.1M 0s
2026-06-25T21:57:10.1000280Z 130300K .......... .......... .......... .......... .......... 99% 53.9M 0s
2026-06-25T21:57:10.1246100Z 130350K .......... .......... .......... .......... .......... 99% 2.00M 0s
2026-06-25T21:57:10.1252140Z 130400K .......... .......... .......... .......... .......... 99% 66.3M 0s
2026-06-25T21:57:10.1257740Z 130450K .......... .......... .......... .......... .......... 99% 88.0M 0s
2026-06-25T21:57:10.1261440Z 130500K .......... .......... .......... .......... .......... 99%  106M 0s
2026-06-25T21:57:10.1263210Z 130550K .......... .......... .......... .......... .......... 99%  373M 0s
2026-06-25T21:57:10.1264810Z 130600K .......... .......... .......... .......... .......... 99%  452M 0s
2026-06-25T21:57:10.1265690Z 130650K .......... .......... .......... .......... .......... 99%  474M 0s
2026-06-25T21:57:10.1272410Z 130700K .......... .......... .......... .......... .......... 99% 70.0M 0s
2026-06-25T21:57:10.1279390Z 130750K .......... .......... .......... .......... .......... 99% 72.1M 0s
2026-06-25T21:57:10.1282450Z 130800K .......... .......... .......... .......... .......... 99%  123M 0s
2026-06-25T21:57:10.1286080Z 130850K .......... .......... .......... .......... .......... 99%  127M 0s
2026-06-25T21:57:10.1290380Z 130900K .......... .......... .......... .......... .......... 99%  146M 0s
2026-06-25T21:57:10.1292470Z 130950K .......... .......... .......... .......... .......... 99%  144M 0s
2026-06-25T21:57:10.1299470Z 131000K .......... .......... .......... .......... .......... 99% 70.2M 0s
2026-06-25T21:57:10.1305150Z 131050K .......... .......... .......... .......... .......... 99%  110M 0s
2026-06-25T21:57:10.1306930Z 131100K .......... .......... .......... .......... .......... 99%  148M 0s
2026-06-25T21:57:10.1312950Z 131150K .......... .......... .......... .......... .......... 99%  102M 0s
2026-06-25T21:57:10.1319310Z 131200K .......... .......... .......... .......... .......... 99% 75.2M 0s
2026-06-25T21:57:10.1323450Z 131250K .......... .......... .......... .......... .......... 99% 99.9M 0s
2026-06-25T21:57:10.1332230Z 131300K .......... .......... .......... .......... .......... 99% 58.7M 0s
2026-06-25T21:57:10.1345270Z 131350K .......... .......... .......... .......... .......... 99% 37.6M 0s
2026-06-25T21:57:10.1357760Z 131400K .......... .......... .......... .......... .......... 99% 39.1M 0s
2026-06-25T21:57:10.1367450Z 131450K .......... .......... .......... .......... .......... 99% 49.4M 0s
2026-06-25T21:57:10.1367860Z 131500K .......... .......                                    100%  197M=3.7s
2026-06-25T21:57:10.1368060Z 
2026-06-25T21:57:10.1369340Z 2026-06-25 21:57:10 (35.2 MB/s) - ‘opus_data-a5177ec6fb7d15058e99e57029746100121f68e4890b1467d4094aa336b6013e.tar.gz’ saved [134674421/134674421]
2026-06-25T21:57:10.1369790Z 
2026-06-25T21:57:10.1379610Z Validating checksum
2026-06-25T21:57:10.6023220Z Checksums match
2026-06-25T21:57:10.6086850Z x dnn/models/lace_v2.pth
2026-06-25T21:57:10.7117730Z x dnn/models/nolace_v2.pth
2026-06-25T21:57:10.7849130Z x dnn/models/nolace_160_v2.pth
2026-06-25T21:57:10.8297740Z x dnn/models/bbwenet_v2.pth
2026-06-25T21:57:10.8644450Z x dnn/models/fargan_sq1Ab_adv_50.pth
2026-06-25T21:57:10.8714460Z x dnn/models/rdovae_aug3b26d_d4096.pth
2026-06-25T21:57:10.8758270Z x dnn/models/plc4ar_16.pth
2026-06-25T21:57:10.8766540Z x dnn/models/pitch_vsmallconv1.pth
2026-06-25T21:57:10.8769010Z x dnn/models/lossgen3_2000.pth
2026-06-25T21:57:10.8901800Z x dnn/lace_data.c
2026-06-25T21:57:10.8902450Z x dnn/lace_data.h
2026-06-25T21:57:10.9264660Z x dnn/nolace_data.c
2026-06-25T21:57:10.9265470Z x dnn/nolace_data.h
2026-06-25T21:57:10.9625420Z x dnn/fargan_data.c
2026-06-25T21:57:10.9626210Z x dnn/fargan_data.h
2026-06-25T21:57:10.9661960Z x dnn/pitchdnn_data.c
2026-06-25T21:57:10.9662980Z x dnn/pitchdnn_data.h
2026-06-25T21:57:10.9850120Z x dnn/plc_data.c
2026-06-25T21:57:10.9851160Z x dnn/plc_data.h
2026-06-25T21:57:10.9852100Z x dnn/dred_rdovae_constants.h
2026-06-25T21:57:10.9852840Z x dnn/dred_rdovae_stats_data.h
2026-06-25T21:57:10.9853630Z x dnn/dred_rdovae_enc_data.h
2026-06-25T21:57:10.9854500Z x dnn/dred_rdovae_stats_data.c
2026-06-25T21:57:10.9855980Z x dnn/dred_rdovae_dec_data.h
2026-06-25T21:57:10.9984170Z x dnn/dred_rdovae_enc_data.c
2026-06-25T21:57:11.0097840Z x dnn/dred_rdovae_dec_data.c
2026-06-25T21:57:11.0100370Z x dnn/lossgen_data.c
2026-06-25T21:57:11.0101080Z x dnn/lossgen_data.h
2026-06-25T21:57:11.0102110Z x dnn/bbwenet_data.h
2026-06-25T21:57:11.0277940Z x dnn/bbwenet_data.c
2026-06-25T21:57:11.0287640Z Updating build configuration files, please wait....
2026-06-25T21:57:14.2040730Z glibtoolize: putting auxiliary files in '.'.
2026-06-25T21:57:14.2041020Z glibtoolize: linking file './ltmain.sh'
2026-06-25T21:57:14.2829990Z glibtoolize: putting macros in AC_CONFIG_MACRO_DIRS, 'm4'.
2026-06-25T21:57:14.2830320Z glibtoolize: linking file 'm4/libtool.m4'
2026-06-25T21:57:14.2985090Z glibtoolize: linking file 'm4/ltoptions.m4'
2026-06-25T21:57:14.3152280Z glibtoolize: linking file 'm4/ltsugar.m4'
2026-06-25T21:57:14.3322310Z glibtoolize: linking file 'm4/ltversion.m4'
2026-06-25T21:57:14.3507940Z glibtoolize: linking file 'm4/lt~obsolete.m4'
2026-06-25T21:57:15.8853480Z configure.ac:37: installing './compile'
2026-06-25T21:57:15.8854010Z configure.ac:36: installing './config.guess'
2026-06-25T21:57:15.8854260Z configure.ac:36: installing './config.sub'
2026-06-25T21:57:15.8854890Z configure.ac:33: installing './install-sh'
2026-06-25T21:57:15.8857370Z configure.ac:33: installing './missing'
2026-06-25T21:57:15.8973830Z Makefile.am:468: warning: '%'-style pattern rules are a GNU make extension
2026-06-25T21:57:15.8974300Z Makefile.am:471: warning: '%'-style pattern rules are a GNU make extension
2026-06-25T21:57:15.8975350Z Makefile.am: installing './INSTALL'
2026-06-25T21:57:15.9470040Z Makefile.am: installing './depcomp'
2026-06-25T21:57:15.9625860Z parallel-tests: installing './test-driver'
2026-06-25T21:57:16.1008540Z checking whether make supports nested variables... yes
2026-06-25T21:57:16.1093080Z checking for a BSD-compatible install... /opt/homebrew/bin/ginstall -c
2026-06-25T21:57:16.1163640Z checking whether sleep supports fractional seconds... yes
2026-06-25T21:57:16.7859700Z checking filesystem timestamp resolution... 2
2026-06-25T21:57:16.7944750Z checking whether build environment is sane... yes
2026-06-25T21:57:16.8011930Z checking for aarch64-apple-darwin-strip... /Applications/Xcode_15.4.app/Contents/Developer/Toolchains/XcodeDefault.xctoolchain/usr/bin/strip
2026-06-25T21:57:16.8045900Z checking for a race-free mkdir -p... /opt/homebrew/bin/gmkdir -p
2026-06-25T21:57:16.8050090Z checking for gawk... no
2026-06-25T21:57:16.8053080Z checking for mawk... no
2026-06-25T21:57:16.8056120Z checking for nawk... no
2026-06-25T21:57:16.8058640Z checking for awk... awk
2026-06-25T21:57:16.8189310Z checking whether make sets $(MAKE)... yes
2026-06-25T21:57:16.8318730Z checking xargs -n works... yes
2026-06-25T21:57:16.8369850Z checking whether UID '501' is supported by ustar format... yes
2026-06-25T21:57:16.8370360Z checking whether GID '20' is supported by ustar format... yes
2026-06-25T21:57:16.8560220Z checking how to create a ustar tar archive... gnutar
2026-06-25T21:57:16.8560640Z checking whether to enable maintainer-specific portions of Makefiles... yes
2026-06-25T21:57:16.8809290Z checking build system type... aarch64-apple-darwin23.6.0
2026-06-25T21:57:16.8869900Z checking host system type... aarch64-apple-darwin
2026-06-25T21:57:16.8889630Z checking how to print strings... printf
2026-06-25T21:57:16.9028590Z checking whether make supports the include directive... yes (GNU style)
2026-06-25T21:57:16.9029690Z checking for aarch64-apple-darwin-gcc... /Applications/Xcode_15.4.app/Contents/Developer/Toolchains/XcodeDefault.xctoolchain/usr/bin/clang
2026-06-25T21:57:17.0462930Z checking whether the C compiler works... yes
2026-06-25T21:57:17.0463270Z checking for C compiler default output file name... a.out
2026-06-25T21:57:17.0823100Z checking for suffix of executables... 
2026-06-25T21:57:17.1244480Z checking whether we are cross compiling... yes
2026-06-25T21:57:17.1498690Z checking for suffix of object files... o
2026-06-25T21:57:17.1979740Z checking whether the compiler supports GNU C... yes
2026-06-25T21:57:17.2242930Z checking whether /Applications/Xcode_15.4.app/Contents/Developer/Toolchains/XcodeDefault.xctoolchain/usr/bin/clang accepts -g... yes
2026-06-25T21:57:17.2948840Z checking for /Applications/Xcode_15.4.app/Contents/Developer/Toolchains/XcodeDefault.xctoolchain/usr/bin/clang option to enable C23 features... unsupported
2026-06-25T21:57:17.3343930Z checking for /Applications/Xcode_15.4.app/Contents/Developer/Toolchains/XcodeDefault.xctoolchain/usr/bin/clang option to enable C11 features... none needed
2026-06-25T21:57:17.3668120Z checking whether /Applications/Xcode_15.4.app/Contents/Developer/Toolchains/XcodeDefault.xctoolchain/usr/bin/clang understands -c and -o together... yes
2026-06-25T21:57:17.4077510Z checking dependency style of /Applications/Xcode_15.4.app/Contents/Developer/Toolchains/XcodeDefault.xctoolchain/usr/bin/clang... gcc3
2026-06-25T21:57:17.5240490Z checking for a sed that does not truncate output... /usr/bin/sed
2026-06-25T21:57:17.5272040Z checking for grep that handles long lines and -e... /usr/bin/grep
2026-06-25T21:57:17.5286800Z checking for egrep... /usr/bin/grep -E
2026-06-25T21:57:17.5301280Z checking for fgrep... /usr/bin/grep -F
2026-06-25T21:57:17.5410450Z checking for ld used by /Applications/Xcode_15.4.app/Contents/Developer/Toolchains/XcodeDefault.xctoolchain/usr/bin/clang... /Applications/Xcode_15.4.app/Contents/Developer/Toolchains/XcodeDefault.xctoolchain/usr/bin/ld
2026-06-25T21:57:17.5460470Z checking if the linker (/Applications/Xcode_15.4.app/Contents/Developer/Toolchains/XcodeDefault.xctoolchain/usr/bin/ld) is GNU ld... no
2026-06-25T21:57:17.5465590Z checking for BSD- or MS-compatible name lister (nm)... no
2026-06-25T21:57:17.5470140Z checking for aarch64-apple-darwin-dumpbin... no
2026-06-25T21:57:17.5473390Z checking for aarch64-apple-darwin-link... no
2026-06-25T21:57:17.5476320Z checking for dumpbin... no
2026-06-25T21:57:17.5479360Z checking for link... link -dump
2026-06-25T21:57:17.5479680Z configure: WARNING: using cross tools not prefixed with host triplet
2026-06-25T21:57:17.9757330Z checking the name lister (nm) interface... BSD nm
2026-06-25T21:57:17.9757810Z checking whether ln -s works... yes
2026-06-25T21:57:17.9810090Z checking the maximum length of command line arguments... 786432
2026-06-25T21:57:17.9858110Z checking how to convert aarch64-apple-darwin23.6.0 file names to aarch64-apple-darwin format... func_convert_file_noop
2026-06-25T21:57:17.9858760Z checking how to convert aarch64-apple-darwin23.6.0 file names to toolchain format... func_convert_file_noop
2026-06-25T21:57:17.9859460Z checking for /Applications/Xcode_15.4.app/Contents/Developer/Toolchains/XcodeDefault.xctoolchain/usr/bin/ld option to reload object files... -r
2026-06-25T21:57:17.9863740Z checking for file... file
2026-06-25T21:57:17.9867590Z checking for aarch64-apple-darwin-objdump... no
2026-06-25T21:57:17.9872150Z checking for objdump... objdump
2026-06-25T21:57:17.9874880Z checking how to recognize dependent libraries... pass_all
2026-06-25T21:57:17.9879100Z checking for aarch64-apple-darwin-dlltool... no
2026-06-25T21:57:17.9882520Z checking for dlltool... no
2026-06-25T21:57:17.9883280Z checking how to associate runtime and link libraries... printf %s\n
2026-06-25T21:57:17.9884570Z checking for aarch64-apple-darwin-ranlib... /Applications/Xcode_15.4.app/Contents/Developer/Toolchains/XcodeDefault.xctoolchain/usr/bin/ranlib
2026-06-25T21:57:17.9886550Z checking for aarch64-apple-darwin-ar... /Applications/Xcode_15.4.app/Contents/Developer/Toolchains/XcodeDefault.xctoolchain/usr/bin/ar
2026-06-25T21:57:18.0155150Z checking for archiver @FILE support... no
2026-06-25T21:57:18.0156060Z checking for aarch64-apple-darwin-strip... (cached) /Applications/Xcode_15.4.app/Contents/Developer/Toolchains/XcodeDefault.xctoolchain/usr/bin/strip
2026-06-25T21:57:18.2073210Z checking command to parse nm output from /Applications/Xcode_15.4.app/Contents/Developer/Toolchains/XcodeDefault.xctoolchain/usr/bin/clang object... ok
2026-06-25T21:57:18.2165880Z checking for sysroot... no
2026-06-25T21:57:18.2246240Z checking for a working dd... /bin/dd
2026-06-25T21:57:18.2305030Z checking how to truncate binary pipes... /bin/dd bs=4096 count=1
2026-06-25T21:57:18.2311990Z checking for aarch64-apple-darwin-mt... no
2026-06-25T21:57:18.2316070Z checking for mt... no
2026-06-25T21:57:18.2361730Z checking if : is a manifest tool... no
2026-06-25T21:57:18.2373110Z checking for aarch64-apple-darwin-dsymutil... no
2026-06-25T21:57:18.2376750Z checking for dsymutil... dsymutil
2026-06-25T21:57:18.2380180Z checking for aarch64-apple-darwin-nmedit... no
2026-06-25T21:57:18.2382720Z checking for nmedit... nmedit
2026-06-25T21:57:18.2385970Z checking for aarch64-apple-darwin-lipo... no
2026-06-25T21:57:18.2388580Z checking for lipo... lipo
2026-06-25T21:57:18.2393480Z checking for aarch64-apple-darwin-otool... no
2026-06-25T21:57:18.2396920Z checking for otool... otool
2026-06-25T21:57:18.2400400Z checking for aarch64-apple-darwin-otool64... no
2026-06-25T21:57:18.2403460Z checking for otool64... no
2026-06-25T21:57:18.2795410Z checking for -single_module linker flag... ld: warning: -single_module is obsolete
2026-06-25T21:57:18.2834720Z no
2026-06-25T21:57:18.3366980Z checking for -no_fixup_chains linker flag... yes
2026-06-25T21:57:18.3796680Z checking for -exported_symbols_list linker flag... yes
2026-06-25T21:57:18.4724850Z checking for -force_load linker flag... yes
2026-06-25T21:57:18.4983990Z checking for stdio.h... yes
2026-06-25T21:57:18.5278130Z checking for stdlib.h... yes
2026-06-25T21:57:18.5571230Z checking for string.h... yes
2026-06-25T21:57:18.5870310Z checking for inttypes.h... yes
2026-06-25T21:57:18.6185110Z checking for stdint.h... yes
2026-06-25T21:57:18.6483940Z checking for strings.h... yes
2026-06-25T21:57:18.6798630Z checking for sys/stat.h... yes
2026-06-25T21:57:18.7087250Z checking for sys/types.h... yes
2026-06-25T21:57:18.7402590Z checking for unistd.h... yes
2026-06-25T21:57:18.7704570Z checking for dlfcn.h... yes
2026-06-25T21:57:18.7748610Z checking for objdir... .libs
2026-06-25T21:57:18.8603050Z checking if /Applications/Xcode_15.4.app/Contents/Developer/Toolchains/XcodeDefault.xctoolchain/usr/bin/clang supports -fno-rtti -fno-exceptions... yes
2026-06-25T21:57:18.8603950Z checking for /Applications/Xcode_15.4.app/Contents/Developer/Toolchains/XcodeDefault.xctoolchain/usr/bin/clang option to produce PIC... -fno-common -DPIC
2026-06-25T21:57:18.8839600Z checking if /Applications/Xcode_15.4.app/Contents/Developer/Toolchains/XcodeDefault.xctoolchain/usr/bin/clang PIC flag -fno-common -DPIC works... yes
2026-06-25T21:57:18.9094990Z checking if /Applications/Xcode_15.4.app/Contents/Developer/Toolchains/XcodeDefault.xctoolchain/usr/bin/clang static flag -static works... no
2026-06-25T21:57:18.9432550Z checking if /Applications/Xcode_15.4.app/Contents/Developer/Toolchains/XcodeDefault.xctoolchain/usr/bin/clang supports -c -o file.o... yes
2026-06-25T21:57:18.9433390Z checking if /Applications/Xcode_15.4.app/Contents/Developer/Toolchains/XcodeDefault.xctoolchain/usr/bin/clang supports -c -o file.o... (cached) yes
2026-06-25T21:57:18.9434660Z checking whether the /Applications/Xcode_15.4.app/Contents/Developer/Toolchains/XcodeDefault.xctoolchain/usr/bin/clang linker (/Applications/Xcode_15.4.app/Contents/Developer/Toolchains/XcodeDefault.xctoolchain/usr/bin/ld) supports shared libraries... yes
2026-06-25T21:57:18.9657140Z checking dynamic linker characteristics... darwin dyld
2026-06-25T21:57:18.9657510Z checking how to hardcode library paths into programs... immediate
2026-06-25T21:57:18.9681280Z checking whether stripping libraries is possible... yes
2026-06-25T21:57:18.9681580Z checking if libtool supports shared libraries... yes
2026-06-25T21:57:18.9682080Z checking whether to build shared libraries... no
2026-06-25T21:57:18.9682340Z checking whether to build static libraries... yes
2026-06-25T21:57:18.9686800Z checking for aarch64-apple-darwin-gcc... (cached) /Applications/Xcode_15.4.app/Contents/Developer/Toolchains/XcodeDefault.xctoolchain/usr/bin/clang
2026-06-25T21:57:19.0519420Z checking whether the compiler supports GNU C... (cached) yes
2026-06-25T21:57:19.0520110Z checking whether /Applications/Xcode_15.4.app/Contents/Developer/Toolchains/XcodeDefault.xctoolchain/usr/bin/clang accepts -g... (cached) yes
2026-06-25T21:57:19.0521220Z checking for /Applications/Xcode_15.4.app/Contents/Developer/Toolchains/XcodeDefault.xctoolchain/usr/bin/clang option to enable C23 features... (cached) unsupported
2026-06-25T21:57:19.0522310Z checking for /Applications/Xcode_15.4.app/Contents/Developer/Toolchains/XcodeDefault.xctoolchain/usr/bin/clang option to enable C11 features... (cached) none needed
2026-06-25T21:57:19.0524680Z checking whether /Applications/Xcode_15.4.app/Contents/Developer/Toolchains/XcodeDefault.xctoolchain/usr/bin/clang understands -c and -o together... (cached) yes
2026-06-25T21:57:19.0526740Z checking dependency style of /Applications/Xcode_15.4.app/Contents/Developer/Toolchains/XcodeDefault.xctoolchain/usr/bin/clang... (cached) gcc3
2026-06-25T21:57:19.0858130Z checking for an ANSI C-conforming const... yes
2026-06-25T21:57:19.1046150Z checking for inline... inline
2026-06-25T21:57:19.1430580Z checking dependency style of /Applications/Xcode_15.4.app/Contents/Developer/Toolchains/XcodeDefault.xctoolchain/usr/bin/clang... gcc3
2026-06-25T21:57:19.1628600Z checking for C/C++ restrict keyword... __restrict
2026-06-25T21:57:19.1828900Z checking for C99 variable-size arrays... yes
2026-06-25T21:57:19.2287540Z checking how to run the C preprocessor... /Applications/Xcode_15.4.app/Contents/Developer/Toolchains/XcodeDefault.xctoolchain/usr/bin/clang -E
2026-06-25T21:57:19.3703770Z checking if compiler supports ARM Neon intrinsics... yes
2026-06-25T21:57:19.4020710Z checking for NE10... no
2026-06-25T21:57:19.4892470Z checking if compiler supports Aarch64 Neon intrinsics... yes
2026-06-25T21:57:19.5505300Z checking if compiler supports Aarch64 dotprod intrinsics... no
2026-06-25T21:57:19.6457820Z checking if compiler supports Aarch64 dotprod intrinsics with -march=armv8.2-a+dotprod... yes
2026-06-25T21:57:19.6496420Z checking argument osce training data... no
2026-06-25T21:57:19.6697290Z checking if /Applications/Xcode_15.4.app/Contents/Developer/Toolchains/XcodeDefault.xctoolchain/usr/bin/clang supports -fvisibility=hidden... yes
2026-06-25T21:57:19.7112980Z checking whether to add -D_FORTIFY_SOURCE=2 to CFLAGS... yes
2026-06-25T21:57:19.7336190Z checking if /Applications/Xcode_15.4.app/Contents/Developer/Toolchains/XcodeDefault.xctoolchain/usr/bin/clang supports -Wall -Wextra -Wcast-align -Wnested-externs -Wshadow -Wstrict-prototypes... yes
2026-06-25T21:57:19.7854490Z checking for lrintf... yes
2026-06-25T21:57:19.8531040Z checking for lrint... yes
2026-06-25T21:57:19.9169230Z checking for __malloc_hook... no
2026-06-25T21:57:19.9752040Z checking for elf_aux_info... no
2026-06-25T21:57:20.0119830Z checking that generated files are newer than configure... done
2026-06-25T21:57:20.0123110Z configure: creating ./config.status
2026-06-25T21:57:20.4005430Z config.status: creating Makefile
2026-06-25T21:57:20.4289940Z config.status: creating opus.pc
2026-06-25T21:57:20.4409480Z config.status: creating opus-uninstalled.pc
2026-06-25T21:57:20.4528280Z config.status: creating celt/arm/armopts.s
2026-06-25T21:57:20.4679340Z config.status: creating doc/Makefile
2026-06-25T21:57:20.4838630Z config.status: creating doc/Doxyfile
2026-06-25T21:57:20.4998170Z config.status: creating config.h
2026-06-25T21:57:20.5243540Z config.status: executing depfiles commands
2026-06-25T21:57:21.1602400Z config.status: executing libtool commands
2026-06-25T21:57:21.1732810Z configure:
2026-06-25T21:57:21.1735000Z ------------------------------------------------------------------------
2026-06-25T21:57:21.1737040Z   opus unknown:  Automatic configuration OK.
2026-06-25T21:57:21.1737350Z 
2026-06-25T21:57:21.1737510Z     Compiler support:
2026-06-25T21:57:21.1737700Z 
2026-06-25T21:57:21.1737860Z       C99 var arrays: ................ yes
2026-06-25T21:57:21.1738300Z       C99 lrintf: .................... yes
2026-06-25T21:57:21.1839210Z       Use alloca: .................... no (using var arrays)
2026-06-25T21:57:21.1939100Z 
2026-06-25T21:57:21.1945050Z     General configuration:
2026-06-25T21:57:21.1955210Z 
2026-06-25T21:57:21.1955510Z       Floating point support: ........ yes
2026-06-25T21:57:21.1955850Z       Fast float approximations: ..... yes
2026-06-25T21:57:21.1956170Z       Fixed point debugging: ......... no
2026-06-25T21:57:21.1956620Z       Inline Assembly Optimizations: . No inline ASM for your platform, please send patches
2026-06-25T21:57:21.1957060Z       External Assembly Optimizations: 
2026-06-25T21:57:21.1957440Z       Intrinsics Optimizations: ...... ARM (NEON) (NEON Aarch64) (DOTPROD)
2026-06-25T21:57:21.1957910Z       Run-time CPU detection: ........ ARM (DOTPROD Intrinsics)
2026-06-25T21:57:21.1958260Z       Custom modes: .................. no
2026-06-25T21:57:21.1958480Z       Assertion checking: ............ no
2026-06-25T21:57:21.1958770Z       Hardening: ..................... yes
2026-06-25T21:57:21.1958970Z       Fuzzing: ....................... no
2026-06-25T21:57:21.1959160Z       Check ASM: ..................... no
2026-06-25T21:57:21.1959290Z 
2026-06-25T21:57:21.1959360Z       API documentation: ............. no
2026-06-25T21:57:21.1959550Z       Extra programs: ................ no
2026-06-25T21:57:21.1959790Z ------------------------------------------------------------------------
2026-06-25T21:57:21.1959990Z 
2026-06-25T21:57:21.1960090Z  Type "make; make install" to compile and install
2026-06-25T21:57:21.1960320Z  Type "make check" to run the test suite
2026-06-25T21:57:21.1960460Z 
2026-06-25T21:57:21.2447970Z /Applications/Xcode_15.4.app/Contents/Developer/usr/bin/make  all-recursive
2026-06-25T21:57:21.3146540Z   CC       celt/bands.lo
2026-06-25T21:57:21.3147890Z   CC       celt/celt.lo
2026-06-25T21:57:21.3172380Z make[3]: Nothing to be done for `all'.
2026-06-25T21:57:21.3193170Z   CC       celt/celt_encoder.lo
2026-06-25T21:57:21.4428000Z   CC       celt/celt_decoder.lo
2026-06-25T21:57:21.6000230Z   CC       celt/cwrs.lo
2026-06-25T21:57:21.7240810Z   CC       celt/entcode.lo
2026-06-25T21:57:21.7314800Z   CC       celt/entdec.lo
2026-06-25T21:57:21.7613420Z   CC       celt/entenc.lo
2026-06-25T21:57:21.8170580Z   CC       celt/kiss_fft.lo
2026-06-25T21:57:21.9090950Z   CC       celt/laplace.lo
2026-06-25T21:57:21.9266320Z   CC       celt/mathops.lo
2026-06-25T21:57:22.0356020Z   CC       celt/mdct.lo
2026-06-25T21:57:22.0359690Z   CC       celt/modes.lo
2026-06-25T21:57:22.0440030Z   CC       celt/pitch.lo
2026-06-25T21:57:22.1631450Z   CC       celt/celt_lpc.lo
2026-06-25T21:57:22.1658770Z   CC       celt/quant_bands.lo
2026-06-25T21:57:22.2005890Z   CC       celt/rate.lo
2026-06-25T21:57:22.3160640Z   CC       celt/vq.lo
2026-06-25T21:57:22.3163530Z   CC       celt/arm/armcpu.lo
2026-06-25T21:57:22.3610800Z   CC       celt/arm/arm_celt_map.lo
2026-06-25T21:57:22.3989910Z   CC       celt/arm/celt_neon_intr.lo
2026-06-25T21:57:22.5267460Z   CC       celt/arm/pitch_neon_intr.lo
2026-06-25T21:57:22.5501870Z   CC       silk/CNG.lo
2026-06-25T21:57:22.6340640Z   CC       silk/code_signs.lo
2026-06-25T21:57:22.6898780Z   CC       silk/init_decoder.lo
2026-06-25T21:57:22.7445330Z   CC       silk/decode_core.lo
2026-06-25T21:57:22.8467610Z   CC       silk/decode_frame.lo
2026-06-25T21:57:22.8481040Z   CC       silk/decode_parameters.lo
2026-06-25T21:57:22.9572430Z   CC       silk/decode_indices.lo
2026-06-25T21:57:22.9629250Z   CC       silk/decode_pulses.lo
2026-06-25T21:57:22.9654070Z   CC       silk/decoder_set_fs.lo
2026-06-25T21:57:23.0747030Z   CC       silk/encode_indices.lo
2026-06-25T21:57:23.0749520Z   CC       silk/dec_API.lo
2026-06-25T21:57:23.0753140Z   CC       silk/enc_API.lo
2026-06-25T21:57:23.1877690Z   CC       silk/encode_pulses.lo
2026-06-25T21:57:23.2216490Z   CC       silk/gain_quant.lo
2026-06-25T21:57:23.2532220Z   CC       silk/interpolate.lo
2026-06-25T21:57:23.3213500Z   CC       silk/LP_variable_cutoff.lo
2026-06-25T21:57:23.3379330Z   CC       silk/NLSF_decode.lo
2026-06-25T21:57:23.3843880Z   CC       silk/NSQ.lo
2026-06-25T21:57:23.4476060Z   CC       silk/NSQ_del_dec.lo
2026-06-25T21:57:23.4526090Z   CC       silk/PLC.lo
2026-06-25T21:57:23.5559990Z   CC       silk/shell_coder.lo
2026-06-25T21:57:23.6039480Z   CC       silk/tables_gain.lo
2026-06-25T21:57:23.6534370Z   CC       silk/tables_LTP.lo
2026-06-25T21:57:23.6819180Z   CC       silk/tables_NLSF_CB_NB_MB.lo
2026-06-25T21:57:23.7210250Z   CC       silk/tables_NLSF_CB_WB.lo
2026-06-25T21:57:23.7620780Z   CC       silk/tables_other.lo
2026-06-25T21:57:23.7934950Z   CC       silk/tables_pitch_lag.lo
2026-06-25T21:57:23.8304780Z   CC       silk/tables_pulses_per_block.lo
2026-06-25T21:57:23.8755940Z   CC       silk/VAD.lo
2026-06-25T21:57:23.9012870Z   CC       silk/control_audio_bandwidth.lo
2026-06-25T21:57:23.9388450Z   CC       silk/quant_LTP_gains.lo
2026-06-25T21:57:24.0276420Z   CC       silk/VQ_WMat_EC.lo
2026-06-25T21:57:24.0345870Z   CC       silk/HP_variable_cutoff.lo
2026-06-25T21:57:24.0824450Z   CC       silk/NLSF_encode.lo
2026-06-25T21:57:24.1417030Z   CC       silk/NLSF_VQ.lo
2026-06-25T21:57:24.1531780Z   CC       silk/NLSF_unpack.lo
2026-06-25T21:57:24.2162610Z   CC       silk/NLSF_del_dec_quant.lo
2026-06-25T21:57:24.2607720Z   CC       silk/process_NLSFs.lo
2026-06-25T21:57:24.2637450Z   CC       silk/stereo_LR_to_MS.lo
2026-06-25T21:57:24.3544780Z   CC       silk/stereo_MS_to_LR.lo
2026-06-25T21:57:24.3780280Z   CC       silk/check_control_input.lo
2026-06-25T21:57:24.4190290Z   CC       silk/control_SNR.lo
2026-06-25T21:57:24.5065670Z   CC       silk/init_encoder.lo
2026-06-25T21:57:24.5066040Z   CC       silk/control_codec.lo
2026-06-25T21:57:24.5343220Z   CC       silk/A2NLSF.lo
2026-06-25T21:57:24.6228940Z   CC       silk/ana_filt_bank_1.lo
2026-06-25T21:57:24.6437330Z   CC       silk/biquad_alt.lo
2026-06-25T21:57:24.7024960Z   CC       silk/bwexpander_32.lo
2026-06-25T21:57:24.7409490Z   CC       silk/bwexpander.lo
2026-06-25T21:57:24.7627180Z   CC       silk/debug.lo
2026-06-25T21:57:24.8291960Z   CC       silk/decode_pitch.lo
2026-06-25T21:57:24.8357510Z   CC       silk/inner_prod_aligned.lo
2026-06-25T21:57:24.8597570Z   CC       silk/lin2log.lo
2026-06-25T21:57:24.9470410Z   CC       silk/log2lin.lo
2026-06-25T21:57:24.9528510Z   CC       silk/LPC_analysis_filter.lo
2026-06-25T21:57:24.9720240Z   CC       silk/LPC_inv_pred_gain.lo
2026-06-25T21:57:25.0657440Z   CC       silk/table_LSF_cos.lo
2026-06-25T21:57:25.0716380Z   CC       silk/NLSF2A.lo
2026-06-25T21:57:25.1008920Z   CC       silk/NLSF_stabilize.lo
2026-06-25T21:57:25.1785200Z   CC       silk/NLSF_VQ_weights_laroia.lo
2026-06-25T21:57:25.2090440Z   CC       silk/pitch_est_tables.lo
2026-06-25T21:57:25.2269280Z   CC       silk/resampler.lo
2026-06-25T21:57:25.3073330Z   CC       silk/resampler_down2_3.lo
2026-06-25T21:57:25.3241000Z   CC       silk/resampler_down2.lo
2026-06-25T21:57:25.3496380Z   CC       silk/resampler_private_AR2.lo
2026-06-25T21:57:25.4305190Z   CC       silk/resampler_private_down_FIR.lo
2026-06-25T21:57:25.4353920Z   CC       silk/resampler_private_IIR_FIR.lo
2026-06-25T21:57:25.4602450Z   CC       silk/resampler_private_up2_HQ.lo
2026-06-25T21:57:25.5447090Z   CC       silk/resampler_rom.lo
2026-06-25T21:57:25.5653610Z   CC       silk/sigm_Q15.lo
2026-06-25T21:57:25.5834670Z   CC       silk/sort.lo
2026-06-25T21:57:25.6605790Z   CC       silk/sum_sqr_shift.lo
2026-06-25T21:57:25.6706990Z   CC       silk/stereo_decode_pred.lo
2026-06-25T21:57:25.7009650Z   CC       silk/stereo_encode_pred.lo
2026-06-25T21:57:25.7790890Z   CC       silk/stereo_find_predictor.lo
2026-06-25T21:57:25.7826500Z   CC       silk/stereo_quant_pred.lo
2026-06-25T21:57:25.8119860Z   CC       silk/LPC_fit.lo
2026-06-25T21:57:25.9017960Z   CC       silk/float/apply_sine_window_FLP.lo
2026-06-25T21:57:25.9021490Z   CC       silk/float/corrMatrix_FLP.lo
2026-06-25T21:57:25.9275610Z   CC       silk/float/encode_frame_FLP.lo
2026-06-25T21:57:26.0185930Z   CC       silk/float/find_LPC_FLP.lo
2026-06-25T21:57:26.0234160Z   CC       silk/float/find_LTP_FLP.lo
2026-06-25T21:57:26.0889440Z   CC       silk/float/find_pitch_lags_FLP.lo
2026-06-25T21:57:26.1322650Z   CC       silk/float/find_pred_coefs_FLP.lo
2026-06-25T21:57:26.1375920Z   CC       silk/float/LPC_analysis_filter_FLP.lo
2026-06-25T21:57:26.2103590Z   CC       silk/float/LTP_analysis_filter_FLP.lo
2026-06-25T21:57:26.2480550Z   CC       silk/float/LTP_scale_ctrl_FLP.lo
2026-06-25T21:57:26.2757680Z   CC       silk/float/noise_shape_analysis_FLP.lo
2026-06-25T21:57:26.3396540Z   CC       silk/float/process_gains_FLP.lo
2026-06-25T21:57:26.3614590Z   CC       silk/float/regularize_correlations_FLP.lo
2026-06-25T21:57:26.4355060Z   CC       silk/float/residual_energy_FLP.lo
2026-06-25T21:57:26.4605630Z   CC       silk/float/warped_autocorrelation_FLP.lo
2026-06-25T21:57:26.4792880Z   CC       silk/float/wrappers_FLP.lo
2026-06-25T21:57:26.5616290Z   CC       silk/float/autocorrelation_FLP.lo
2026-06-25T21:57:26.5799320Z   CC       silk/float/burg_modified_FLP.lo
2026-06-25T21:57:26.6117600Z   CC       silk/float/bwexpander_FLP.lo
2026-06-25T21:57:26.6901020Z   CC       silk/float/energy_FLP.lo
2026-06-25T21:57:26.7193390Z   CC       silk/float/inner_product_FLP.lo
2026-06-25T21:57:26.7221770Z   CC       silk/float/k2a_FLP.lo
2026-06-25T21:57:26.8191550Z   CC       silk/float/LPC_inv_pred_gain_FLP.lo
2026-06-25T21:57:26.8409260Z   CC       silk/float/scale_copy_vector_FLP.lo
2026-06-25T21:57:26.8413020Z   CC       silk/float/pitch_analysis_core_FLP.lo
2026-06-25T21:57:26.9611310Z   CC       silk/float/scale_vector_FLP.lo
2026-06-25T21:57:26.9744630Z   CC       silk/float/schur_FLP.lo
2026-06-25T21:57:27.0545450Z   CC       silk/float/sort_FLP.lo
2026-06-25T21:57:27.0986750Z   CC       silk/arm/arm_silk_map.lo
2026-06-25T21:57:27.1125250Z   CC       silk/arm/biquad_alt_neon_intr.lo
2026-06-25T21:57:27.1871030Z   CC       silk/arm/LPC_inv_pred_gain_neon_intr.lo
2026-06-25T21:57:27.2198380Z   CC       silk/arm/NSQ_del_dec_neon_intr.lo
2026-06-25T21:57:27.2417610Z   CC       silk/arm/NSQ_neon.lo
2026-06-25T21:57:27.3247450Z   CC       src/opus.lo
2026-06-25T21:57:27.3560370Z   CC       src/opus_decoder.lo
2026-06-25T21:57:27.4773780Z   CC       src/opus_encoder.lo
2026-06-25T21:57:27.4967050Z   CC       src/extensions.lo
2026-06-25T21:57:27.5726900Z   CC       src/opus_multistream.lo
2026-06-25T21:57:27.6330140Z   CC       src/opus_multistream_encoder.lo
2026-06-25T21:57:27.6916560Z   CC       src/opus_multistream_decoder.lo
2026-06-25T21:57:27.8087180Z   CC       src/repacketizer.lo
2026-06-25T21:57:27.8343480Z   CC       src/opus_projection_encoder.lo
2026-06-25T21:57:27.8509270Z   CC       src/opus_projection_decoder.lo
2026-06-25T21:57:27.9306930Z   CC       src/mapping_matrix.lo
2026-06-25T21:57:27.9643830Z   CC       src/analysis.lo
2026-06-25T21:57:27.9764570Z   CC       src/mlp.lo
2026-06-25T21:57:28.0794160Z   CC       src/mlp_data.lo
2026-06-25T21:57:28.2171990Z   CCLD     libopus.la
2026-06-25T21:57:28.5438140Z /Applications/Xcode_15.4.app/Contents/Developer/usr/bin/make  install-recursive
2026-06-25T21:57:28.6807600Z make[3]: Nothing to be done for `all'.
2026-06-25T21:57:28.7496690Z  /opt/homebrew/bin/gmkdir -p '/Users/runner/work/LiteReplayd/LiteReplayd/build/prefix/lib'
2026-06-25T21:57:28.7513870Z  /bin/sh ./libtool   --mode=install /opt/homebrew/bin/ginstall -c   libopus.la '/Users/runner/work/LiteReplayd/LiteReplayd/build/prefix/lib'
2026-06-25T21:57:28.7766110Z libtool: install: /opt/homebrew/bin/ginstall -c .libs/libopus.lai /Users/runner/work/LiteReplayd/LiteReplayd/build/prefix/lib/libopus.la
2026-06-25T21:57:28.7810690Z libtool: install: /opt/homebrew/bin/ginstall -c .libs/libopus.a /Users/runner/work/LiteReplayd/LiteReplayd/build/prefix/lib/libopus.a
2026-06-25T21:57:28.7853560Z libtool: install: chmod 644 /Users/runner/work/LiteReplayd/LiteReplayd/build/prefix/lib/libopus.a
2026-06-25T21:57:28.7885830Z libtool: install: /Applications/Xcode_15.4.app/Contents/Developer/Toolchains/XcodeDefault.xctoolchain/usr/bin/ranlib /Users/runner/work/LiteReplayd/LiteReplayd/build/prefix/lib/libopus.a
2026-06-25T21:57:28.8242110Z make[5]: Nothing to be done for `install-exec-am'.
2026-06-25T21:57:28.8242490Z make[5]: Nothing to be done for `install-data-am'.
2026-06-25T21:57:28.8265400Z  /opt/homebrew/bin/gmkdir -p '/Users/runner/work/LiteReplayd/LiteReplayd/build/prefix/share/aclocal'
2026-06-25T21:57:28.8305230Z  /opt/homebrew/bin/ginstall -c -m 644 opus.m4 '/Users/runner/work/LiteReplayd/LiteReplayd/build/prefix/share/aclocal'
2026-06-25T21:57:28.8344790Z  /opt/homebrew/bin/gmkdir -p '/Users/runner/work/LiteReplayd/LiteReplayd/build/prefix/lib/pkgconfig'
2026-06-25T21:57:28.8380450Z  /opt/homebrew/bin/ginstall -c -m 644 opus.pc '/Users/runner/work/LiteReplayd/LiteReplayd/build/prefix/lib/pkgconfig'
2026-06-25T21:57:28.8420270Z  /opt/homebrew/bin/gmkdir -p '/Users/runner/work/LiteReplayd/LiteReplayd/build/prefix/include/opus'
2026-06-25T21:57:28.8456010Z  /opt/homebrew/bin/ginstall -c -m 644 include/opus.h include/opus_multistream.h include/opus_types.h include/opus_defines.h include/opus_projection.h '/Users/runner/work/LiteReplayd/LiteReplayd/build/prefix/include/opus'
2026-06-25T21:57:28.8493720Z ==> lame (mp3)
2026-06-25T21:57:29.9105810Z checking build system type... arm-apple-darwin23.6.0
2026-06-25T21:57:29.9244290Z checking host system type... aarch64-apple-darwin
2026-06-25T21:57:29.9337530Z checking for a BSD-compatible install... /opt/homebrew/bin/ginstall -c
2026-06-25T21:57:29.9367240Z checking whether build environment is sane... yes
2026-06-25T21:57:29.9463490Z checking for aarch64-apple-darwin-strip... /Applications/Xcode_15.4.app/Contents/Developer/Toolchains/XcodeDefault.xctoolchain/usr/bin/strip
2026-06-25T21:57:29.9484960Z checking for a thread-safe mkdir -p... /opt/homebrew/bin/gmkdir -p
2026-06-25T21:57:29.9488420Z checking for gawk... no
2026-06-25T21:57:29.9495590Z checking for mawk... no
2026-06-25T21:57:29.9495910Z checking for nawk... no
2026-06-25T21:57:29.9497250Z checking for awk... awk
2026-06-25T21:57:29.9650950Z checking whether make sets $(MAKE)... yes
2026-06-25T21:57:29.9789410Z checking whether make supports nested variables... yes
2026-06-25T21:57:29.9884980Z checking whether to enable maintainer-specific portions of Makefiles... no
2026-06-25T21:57:30.0006990Z checking for style of include used by make... GNU
2026-06-25T21:57:30.0023730Z checking for aarch64-apple-darwin-gcc... /Applications/Xcode_15.4.app/Contents/Developer/Toolchains/XcodeDefault.xctoolchain/usr/bin/clang
2026-06-25T21:57:30.1429660Z checking whether the C compiler works... yes
2026-06-25T21:57:30.1430220Z checking for C compiler default output file name... a.out
2026-06-25T21:57:30.1847530Z checking for suffix of executables... 
2026-06-25T21:57:30.2337020Z checking whether we are cross compiling... yes
2026-06-25T21:57:30.2841730Z checking for suffix of object files... o
2026-06-25T21:57:30.3050310Z checking whether we are using the GNU C compiler... yes
2026-06-25T21:57:30.3410930Z checking whether /Applications/Xcode_15.4.app/Contents/Developer/Toolchains/XcodeDefault.xctoolchain/usr/bin/clang accepts -g... yes
2026-06-25T21:57:30.4154080Z checking for /Applications/Xcode_15.4.app/Contents/Developer/Toolchains/XcodeDefault.xctoolchain/usr/bin/clang option to accept ISO C89... none needed
2026-06-25T21:57:30.4697100Z checking whether /Applications/Xcode_15.4.app/Contents/Developer/Toolchains/XcodeDefault.xctoolchain/usr/bin/clang understands -c and -o together... yes
2026-06-25T21:57:30.5214880Z checking dependency style of /Applications/Xcode_15.4.app/Contents/Developer/Toolchains/XcodeDefault.xctoolchain/usr/bin/clang... gcc3
2026-06-25T21:57:30.5683080Z checking how to run the C preprocessor... /Applications/Xcode_15.4.app/Contents/Developer/Toolchains/XcodeDefault.xctoolchain/usr/bin/clang -E
2026-06-25T21:57:30.6337610Z checking for grep that handles long lines and -e... /usr/bin/grep
2026-06-25T21:57:30.6352430Z checking for egrep... /usr/bin/grep -E
2026-06-25T21:57:30.7306560Z checking for ANSI C header files... yes
2026-06-25T21:57:30.7663880Z checking for sys/types.h... yes
2026-06-25T21:57:30.8000900Z checking for sys/stat.h... yes
2026-06-25T21:57:30.8337990Z checking for stdlib.h... yes
2026-06-25T21:57:30.8680790Z checking for string.h... yes
2026-06-25T21:57:30.9027230Z checking for memory.h... yes
2026-06-25T21:57:30.9370460Z checking for strings.h... yes
2026-06-25T21:57:30.9717870Z checking for inttypes.h... yes
2026-06-25T21:57:31.0057190Z checking for stdint.h... yes
2026-06-25T21:57:31.0414310Z checking for unistd.h... yes
2026-06-25T21:57:31.0789150Z checking minix/config.h usability... no
2026-06-25T21:57:31.1284240Z checking minix/config.h presence... no
2026-06-25T21:57:31.1284580Z checking for minix/config.h... no
2026-06-25T21:57:31.1728670Z checking whether it is safe to define __EXTENSIONS__... yes
2026-06-25T21:57:31.2185130Z checking for library containing strerror... none required
2026-06-25T21:57:31.2202930Z checking how to print strings... printf
2026-06-25T21:57:31.3613420Z checking for a sed that does not truncate output... /usr/bin/sed
2026-06-25T21:57:31.3637870Z checking for fgrep... /usr/bin/grep -F
2026-06-25T21:57:31.3743680Z checking for ld used by /Applications/Xcode_15.4.app/Contents/Developer/Toolchains/XcodeDefault.xctoolchain/usr/bin/clang... /Applications/Xcode_15.4.app/Contents/Developer/Toolchains/XcodeDefault.xctoolchain/usr/bin/ld
2026-06-25T21:57:31.3791560Z checking if the linker (/Applications/Xcode_15.4.app/Contents/Developer/Toolchains/XcodeDefault.xctoolchain/usr/bin/ld) is GNU ld... no
2026-06-25T21:57:31.3795960Z checking for BSD- or MS-compatible name lister (nm)... no
2026-06-25T21:57:31.3800310Z checking for aarch64-apple-darwin-dumpbin... no
2026-06-25T21:57:31.3803130Z checking for aarch64-apple-darwin-link... no
2026-06-25T21:57:31.3805880Z checking for dumpbin... no
2026-06-25T21:57:31.3808860Z configure: WARNING: using cross tools not prefixed with host triplet
2026-06-25T21:57:31.3809180Z checking for link... link -dump
2026-06-25T21:57:31.4123170Z checking the name lister (nm) interface... BSD nm
2026-06-25T21:57:31.4123530Z checking whether ln -s works... yes
2026-06-25T21:57:31.4157820Z checking the maximum length of command line arguments... 786432
2026-06-25T21:57:31.4192940Z checking how to convert arm-apple-darwin23.6.0 file names to aarch64-apple-darwin format... func_convert_file_noop
2026-06-25T21:57:31.4193600Z checking how to convert arm-apple-darwin23.6.0 file names to toolchain format... func_convert_file_noop
2026-06-25T21:57:31.4194300Z checking for /Applications/Xcode_15.4.app/Contents/Developer/Toolchains/XcodeDefault.xctoolchain/usr/bin/ld option to reload object files... -r
2026-06-25T21:57:31.4197920Z checking for aarch64-apple-darwin-objdump... no
2026-06-25T21:57:31.4201320Z checking for objdump... objdump
2026-06-25T21:57:31.4203860Z checking how to recognize dependent libraries... pass_all
2026-06-25T21:57:31.4207510Z checking for aarch64-apple-darwin-dlltool... no
2026-06-25T21:57:31.4211550Z checking for dlltool... no
2026-06-25T21:57:31.4212150Z checking how to associate runtime and link libraries... printf %s\n
2026-06-25T21:57:31.4213420Z checking for aarch64-apple-darwin-ar... /Applications/Xcode_15.4.app/Contents/Developer/Toolchains/XcodeDefault.xctoolchain/usr/bin/ar
2026-06-25T21:57:31.4438400Z checking for archiver @FILE support... no
2026-06-25T21:57:31.4439450Z checking for aarch64-apple-darwin-strip... (cached) /Applications/Xcode_15.4.app/Contents/Developer/Toolchains/XcodeDefault.xctoolchain/usr/bin/strip
2026-06-25T21:57:31.4441000Z checking for aarch64-apple-darwin-ranlib... /Applications/Xcode_15.4.app/Contents/Developer/Toolchains/XcodeDefault.xctoolchain/usr/bin/ranlib
2026-06-25T21:57:31.6502430Z checking command to parse nm output from /Applications/Xcode_15.4.app/Contents/Developer/Toolchains/XcodeDefault.xctoolchain/usr/bin/clang object... ok
2026-06-25T21:57:31.6578630Z checking for sysroot... no
2026-06-25T21:57:31.6633710Z checking for a working dd... /bin/dd
2026-06-25T21:57:31.6679590Z checking how to truncate binary pipes... /bin/dd bs=4096 count=1
2026-06-25T21:57:31.6685930Z checking for aarch64-apple-darwin-mt... no
2026-06-25T21:57:31.6689300Z checking for mt... no
2026-06-25T21:57:31.6727300Z checking if : is a manifest tool... no
2026-06-25T21:57:31.6737520Z checking for aarch64-apple-darwin-dsymutil... no
2026-06-25T21:57:31.6740310Z checking for dsymutil... dsymutil
2026-06-25T21:57:31.6743310Z checking for aarch64-apple-darwin-nmedit... no
2026-06-25T21:57:31.6745870Z checking for nmedit... nmedit
2026-06-25T21:57:31.6748910Z checking for aarch64-apple-darwin-lipo... no
2026-06-25T21:57:31.6751540Z checking for lipo... lipo
2026-06-25T21:57:31.6754510Z checking for aarch64-apple-darwin-otool... no
2026-06-25T21:57:31.6756940Z checking for otool... otool
2026-06-25T21:57:31.6759690Z checking for aarch64-apple-darwin-otool64... no
2026-06-25T21:57:31.6762380Z checking for otool64... no
2026-06-25T21:57:31.7177350Z checking for -single_module linker flag... ld: warning: -single_module is obsolete
2026-06-25T21:57:31.7377830Z no
2026-06-25T21:57:31.7873530Z checking for -exported_symbols_list linker flag... yes
2026-06-25T21:57:31.8781340Z checking for -force_load linker flag... yes
2026-06-25T21:57:31.9086160Z checking for dlfcn.h... yes
2026-06-25T21:57:31.9140530Z checking for objdir... .libs
2026-06-25T21:57:32.0085380Z checking if /Applications/Xcode_15.4.app/Contents/Developer/Toolchains/XcodeDefault.xctoolchain/usr/bin/clang supports -fno-rtti -fno-exceptions... yes
2026-06-25T21:57:32.0086280Z checking for /Applications/Xcode_15.4.app/Contents/Developer/Toolchains/XcodeDefault.xctoolchain/usr/bin/clang option to produce PIC... -fno-common -DPIC
2026-06-25T21:57:32.0337140Z checking if /Applications/Xcode_15.4.app/Contents/Developer/Toolchains/XcodeDefault.xctoolchain/usr/bin/clang PIC flag -fno-common -DPIC works... yes
2026-06-25T21:57:32.0606520Z checking if /Applications/Xcode_15.4.app/Contents/Developer/Toolchains/XcodeDefault.xctoolchain/usr/bin/clang static flag -static works... no
2026-06-25T21:57:32.0950430Z checking if /Applications/Xcode_15.4.app/Contents/Developer/Toolchains/XcodeDefault.xctoolchain/usr/bin/clang supports -c -o file.o... yes
2026-06-25T21:57:32.0951500Z checking if /Applications/Xcode_15.4.app/Contents/Developer/Toolchains/XcodeDefault.xctoolchain/usr/bin/clang supports -c -o file.o... (cached) yes
2026-06-25T21:57:32.0952700Z checking whether the /Applications/Xcode_15.4.app/Contents/Developer/Toolchains/XcodeDefault.xctoolchain/usr/bin/clang linker (/Applications/Xcode_15.4.app/Contents/Developer/Toolchains/XcodeDefault.xctoolchain/usr/bin/ld) supports shared libraries... yes
2026-06-25T21:57:32.1191980Z checking dynamic linker characteristics... darwin dyld
2026-06-25T21:57:32.1193460Z checking how to hardcode library paths into programs... immediate
2026-06-25T21:57:32.1216300Z checking whether stripping libraries is possible... yes
2026-06-25T21:57:32.1216630Z checking if libtool supports shared libraries... yes
2026-06-25T21:57:32.1216950Z checking whether to build shared libraries... no
2026-06-25T21:57:32.1217220Z checking whether to build static libraries... yes
2026-06-25T21:57:32.1221630Z checking for aarch64-apple-darwin-gcc... (cached) /Applications/Xcode_15.4.app/Contents/Developer/Toolchains/XcodeDefault.xctoolchain/usr/bin/clang
2026-06-25T21:57:32.1909750Z checking whether we are using the GNU C compiler... (cached) yes
2026-06-25T21:57:32.1910450Z checking whether /Applications/Xcode_15.4.app/Contents/Developer/Toolchains/XcodeDefault.xctoolchain/usr/bin/clang accepts -g... (cached) yes
2026-06-25T21:57:32.1911390Z checking for /Applications/Xcode_15.4.app/Contents/Developer/Toolchains/XcodeDefault.xctoolchain/usr/bin/clang option to accept ISO C89... (cached) none needed
2026-06-25T21:57:32.1912900Z checking whether /Applications/Xcode_15.4.app/Contents/Developer/Toolchains/XcodeDefault.xctoolchain/usr/bin/clang understands -c and -o together... (cached) yes
2026-06-25T21:57:32.1914890Z checking dependency style of /Applications/Xcode_15.4.app/Contents/Developer/Toolchains/XcodeDefault.xctoolchain/usr/bin/clang... (cached) gcc3
2026-06-25T21:57:32.2072650Z checking compiler... clang
2026-06-25T21:57:32.2152960Z checking version of clang... 15.0.0
2026-06-25T21:57:32.2519200Z checking dmalloc.h usability... no
2026-06-25T21:57:32.2909200Z checking dmalloc.h presence... no
2026-06-25T21:57:32.2909460Z checking for dmalloc.h... no
2026-06-25T21:57:32.2911200Z checking for ANSI C header files... (cached) yes
2026-06-25T21:57:32.3886940Z checking errno.h usability... yes
2026-06-25T21:57:32.4075730Z checking errno.h presence... yes
2026-06-25T21:57:32.4076040Z checking for errno.h... yes
2026-06-25T21:57:32.4449080Z checking fcntl.h usability... yes
2026-06-25T21:57:32.4657000Z checking fcntl.h presence... yes
2026-06-25T21:57:32.4657250Z checking for fcntl.h... yes
2026-06-25T21:57:32.5033450Z checking limits.h usability... yes
2026-06-25T21:57:32.5215420Z checking limits.h presence... yes
2026-06-25T21:57:32.5215680Z checking for limits.h... yes
2026-06-25T21:57:32.5273250Z checking for stdint.h... (cached) yes
2026-06-25T21:57:32.5331410Z checking for string.h... (cached) yes
2026-06-25T21:57:32.5732530Z checking sys/soundcard.h usability... no
2026-06-25T21:57:32.6206530Z checking sys/soundcard.h presence... no
2026-06-25T21:57:32.6206850Z checking for sys/soundcard.h... no
2026-06-25T21:57:32.6680690Z checking sys/time.h usability... yes
2026-06-25T21:57:32.6889970Z checking sys/time.h presence... yes
2026-06-25T21:57:32.6890230Z checking for sys/time.h... yes
2026-06-25T21:57:32.6950080Z checking for unistd.h... (cached) yes
2026-06-25T21:57:32.7351920Z checking linux/soundcard.h usability... no
2026-06-25T21:57:32.7875890Z checking linux/soundcard.h presence... no
2026-06-25T21:57:32.7876170Z checking for linux/soundcard.h... no
2026-06-25T21:57:32.8383280Z checking working SSE intrinsics... no
2026-06-25T21:57:32.8788310Z checking for an ANSI C-conforming const... yes
2026-06-25T21:57:32.8994600Z checking for inline... inline
2026-06-25T21:57:32.8995030Z checking for special C compiler options needed for large files... no
2026-06-25T21:57:32.9232520Z checking for _FILE_OFFSET_BITS value needed for large files... no
2026-06-25T21:57:33.1175100Z checking size of short... 2
2026-06-25T21:57:33.3085900Z checking size of unsigned short... 2
2026-06-25T21:57:33.5903440Z checking size of int... 4
2026-06-25T21:57:33.8755700Z checking size of unsigned int... 4
2026-06-25T21:57:34.2424950Z checking size of long... 8
2026-06-25T21:57:34.6083370Z checking size of unsigned long... 8
2026-06-25T21:57:34.9630360Z checking size of long long... 8
2026-06-25T21:57:35.3253530Z checking size of unsigned long long... 8
2026-06-25T21:57:35.6084280Z checking size of float... 4
2026-06-25T21:57:35.9740140Z checking size of double... 8
2026-06-25T21:57:36.0006040Z checking for long double with more range or precision than double... no
2026-06-25T21:57:36.0782620Z checking for uint8_t... yes
2026-06-25T21:57:36.1649090Z checking for int8_t... yes
2026-06-25T21:57:36.2509080Z checking for uint16_t... yes
2026-06-25T21:57:36.3358730Z checking for int16_t... yes
2026-06-25T21:57:36.4177960Z checking for uint32_t... yes
2026-06-25T21:57:36.4968950Z checking for int32_t... yes
2026-06-25T21:57:36.5778760Z checking for uint64_t... yes
2026-06-25T21:57:36.6593700Z checking for int64_t... yes
2026-06-25T21:57:36.6867150Z configure: WARNING: can't check for IEEE854 compliant 80 bit floats
2026-06-25T21:57:36.6867480Z checking for IEEE854 compliant 80 bit floats... 
2026-06-25T21:57:36.7191760Z checking for ieee754_float64_t... no
2026-06-25T21:57:36.7727480Z checking for ieee754_float32_t... no
2026-06-25T21:57:36.7785080Z configure: WARNING:
2026-06-25T21:57:36.7785310Z   **************************************************************************
2026-06-25T21:57:36.7785810Z   *                                                                        *
2026-06-25T21:57:36.7786190Z   * You are cross compiling:                                               *
2026-06-25T21:57:36.7786640Z   *   - I did not have a change to determine                               *
2026-06-25T21:57:36.7786980Z   *     + the size of:                                                     *
2026-06-25T21:57:36.7787280Z   *       - short                                                          *
2026-06-25T21:57:36.7787600Z   *       - unsigned short                                                 *
2026-06-25T21:57:36.7787900Z   *       - int                                                            *
2026-06-25T21:57:36.7788190Z   *       - unsigned int                                                   *
2026-06-25T21:57:36.7788480Z   *       - long                                                           *
2026-06-25T21:57:36.7788770Z   *       - unsigned long                                                  *
2026-06-25T21:57:36.7789070Z   *       - float                                                          *
2026-06-25T21:57:36.7789350Z   *       - double                                                         *
2026-06-25T21:57:36.7789650Z   *       - long double                                                    *
2026-06-25T21:57:36.7789970Z   *     + the endianess of the system                                      *
2026-06-25T21:57:36.7790320Z   *   - You have to provide appropriate defines for them in config.h, e.g. *
2026-06-25T21:57:36.7790680Z   *     + define SIZEOF_SHORT to 2 if the size of a short is 2             *
2026-06-25T21:57:36.7791040Z   *     + define WORDS_BIGENDIAN if your system is a big endian system     *
2026-06-25T21:57:36.7791350Z   *                                                                        *
2026-06-25T21:57:36.7791610Z   **************************************************************************
2026-06-25T21:57:36.8561780Z checking for size_t... yes
2026-06-25T21:57:36.9023410Z checking whether time.h and sys/time.h may both be included... yes
2026-06-25T21:57:36.9674350Z checking for working alloca.h... yes
2026-06-25T21:57:37.0334490Z checking for alloca... yes
2026-06-25T21:57:37.0778540Z checking for gettimeofday... yes
2026-06-25T21:57:37.1292700Z checking for strtol... yes
2026-06-25T21:57:37.2116430Z checking for socket... yes
2026-06-25T21:57:37.3033240Z checking termcap.h usability... no
2026-06-25T21:57:37.3583980Z checking termcap.h presence... no
2026-06-25T21:57:37.3584250Z checking for termcap.h... no
2026-06-25T21:57:37.4105430Z checking ncurses/termcap.h usability... no
2026-06-25T21:57:37.4623650Z checking ncurses/termcap.h presence... no
2026-06-25T21:57:37.4624130Z checking for ncurses/termcap.h... no
2026-06-25T21:57:37.5198560Z checking for initscr in -ltermcap... yes
2026-06-25T21:57:37.5691470Z checking for initscr in -lcurses... yes
2026-06-25T21:57:37.6295660Z checking for initscr in -lncurses... yes
2026-06-25T21:57:37.6417000Z checking for ld used by /Applications/Xcode_15.4.app/Contents/Developer/Toolchains/XcodeDefault.xctoolchain/usr/bin/clang... /Applications/Xcode_15.4.app/Contents/Developer/Toolchains/XcodeDefault.xctoolchain/usr/bin/ld
2026-06-25T21:57:37.6470890Z checking if the linker (/Applications/Xcode_15.4.app/Contents/Developer/Toolchains/XcodeDefault.xctoolchain/usr/bin/ld) is GNU ld... no
2026-06-25T21:57:37.6690250Z checking for shared library run path origin... done
2026-06-25T21:57:37.8210630Z checking for iconv... yes
2026-06-25T21:57:37.8211360Z checking for working iconv... guessing yes
2026-06-25T21:57:37.8212770Z checking how to link with libiconv... -liconv
2026-06-25T21:57:37.8536470Z checking for iconv declaration... 
2026-06-25T21:57:37.8536930Z          extern size_t iconv (iconv_t cd, char * *inbuf, size_t *inbytesleft, char * *outbuf, size_t *outbytesleft);
2026-06-25T21:57:37.8998410Z checking for cos in -lm... yes
2026-06-25T21:57:37.9534950Z checking for cos in -lffm... no
2026-06-25T21:57:38.0087260Z checking for cos in -lcpml... no
2026-06-25T21:57:38.0092280Z checking for gtk-config... no
2026-06-25T21:57:38.0093750Z checking for GTK - version >= 1.2.0... no
2026-06-25T21:57:38.0094080Z *** The gtk-config script installed by GTK could not be found
2026-06-25T21:57:38.0094410Z *** If GTK was installed in PREFIX, make sure PREFIX/bin is in
2026-06-25T21:57:38.0094770Z *** your path, or set the GTK_CONFIG environment variable to the
2026-06-25T21:57:38.0095040Z *** full path to gtk-config.
2026-06-25T21:57:38.0106730Z checking use of ElectricFence malloc debugging... no
2026-06-25T21:57:38.0109980Z checking use of file io... lame
2026-06-25T21:57:38.0110220Z checking use of analyzer hooks... yes
2026-06-25T21:57:38.0306310Z checking use of mpg123 decoder... yes (Layer 1, 2, 3)
2026-06-25T21:57:38.0306610Z checking if the lame frontend should be build... no
2026-06-25T21:57:38.0307030Z checking if mp3x is requested... no
2026-06-25T21:57:38.0308040Z checking if mp3rtp is requested... no
2026-06-25T21:57:38.0308750Z checking if dynamic linking of the frontends is requested... no
2026-06-25T21:57:38.0311310Z checking for termcap... yes
2026-06-25T21:57:38.0312420Z checking if I have to build the internal vector lib... no
2026-06-25T21:57:38.0314960Z checking for nasm... /opt/homebrew/bin/nasm
2026-06-25T21:57:38.0315710Z checking for assembler routines for this processor type... no
2026-06-25T21:57:38.0318750Z checking for additional optimizations... no
2026-06-25T21:57:38.0319610Z checking for debug options... no
2026-06-25T21:57:38.0593850Z checking that generated files are newer than configure... done
2026-06-25T21:57:38.0594300Z configure: creating ./config.status
2026-06-25T21:57:38.4223550Z config.status: creating Makefile
2026-06-25T21:57:38.4345090Z config.status: creating libmp3lame/Makefile
2026-06-25T21:57:38.4499440Z config.status: creating libmp3lame/i386/Makefile
2026-06-25T21:57:38.4646130Z config.status: creating libmp3lame/vector/Makefile
2026-06-25T21:57:38.4795110Z config.status: creating frontend/Makefile
2026-06-25T21:57:38.4947720Z config.status: creating mpglib/Makefile
2026-06-25T21:57:38.5100750Z config.status: creating doc/Makefile
2026-06-25T21:57:38.5259080Z config.status: creating doc/html/Makefile
2026-06-25T21:57:38.5413920Z config.status: creating doc/man/Makefile
2026-06-25T21:57:38.5566400Z config.status: creating include/Makefile
2026-06-25T21:57:38.5722320Z config.status: creating Dll/Makefile
2026-06-25T21:57:38.5877980Z config.status: creating misc/Makefile
2026-06-25T21:57:38.6050390Z config.status: creating dshow/Makefile
2026-06-25T21:57:38.6211730Z config.status: creating ACM/Makefile
2026-06-25T21:57:38.6381360Z config.status: creating ACM/ADbg/Makefile
2026-06-25T21:57:38.6548180Z config.status: creating ACM/ddk/Makefile
2026-06-25T21:57:38.6703590Z config.status: creating ACM/tinyxml/Makefile
2026-06-25T21:57:38.6869730Z config.status: creating lame.spec
2026-06-25T21:57:38.6999210Z config.status: creating mac/Makefile
2026-06-25T21:57:38.7162670Z config.status: creating macosx/Makefile
2026-06-25T21:57:38.7329480Z config.status: creating macosx/English.lproj/Makefile
2026-06-25T21:57:38.7497830Z config.status: creating macosx/LAME.xcodeproj/Makefile
2026-06-25T21:57:38.7666970Z config.status: creating vc_solution/Makefile
2026-06-25T21:57:38.7848610Z config.status: creating config.h
2026-06-25T21:57:38.8069660Z config.status: executing depfiles commands
2026-06-25T21:57:39.1524670Z config.status: executing libtool commands
2026-06-25T21:57:39.2121370Z /Applications/Xcode_15.4.app/Contents/Developer/usr/bin/make  all-recursive
2026-06-25T21:57:39.2182970Z Making all in mpglib
2026-06-25T21:57:39.2211670Z /bin/sh ../libtool  --tag=CC   --mode=compile /Applications/Xcode_15.4.app/Contents/Developer/Toolchains/XcodeDefault.xctoolchain/usr/bin/clang -DHAVE_CONFIG_H  -I. -I.. -I../include -I. -I../libmp3lame -I..  -arch arm64 -isysroot /Applications/Xcode_15.4.app/Contents/Developer/Platforms/iPhoneOS.platform/Developer/SDKs/iPhoneOS17.5.sdk -miphoneos-version-min=14.0 -I/Users/runner/work/LiteReplayd/LiteReplayd/build/prefix/include -fPIC -O2  -O3 -Wall -arch arm64 -isysroot /Applications/Xcode_15.4.app/Contents/Developer/Platforms/iPhoneOS.platform/Developer/SDKs/iPhoneOS17.5.sdk -miphoneos-version-min=14.0 -I/Users/runner/work/LiteReplayd/LiteReplayd/build/prefix/include -fPIC -O2 -fno-common -MT common.lo -MD -MP -MF .deps/common.Tpo -c -o common.lo common.c
2026-06-25T21:57:39.2216530Z /bin/sh ../libtool  --tag=CC   --mode=compile /Applications/Xcode_15.4.app/Contents/Developer/Toolchains/XcodeDefault.xctoolchain/usr/bin/clang -DHAVE_CONFIG_H  -I. -I.. -I../include -I. -I../libmp3lame -I..  -arch arm64 -isysroot /Applications/Xcode_15.4.app/Contents/Developer/Platforms/iPhoneOS.platform/Developer/SDKs/iPhoneOS17.5.sdk -miphoneos-version-min=14.0 -I/Users/runner/work/LiteReplayd/LiteReplayd/build/prefix/include -fPIC -O2  -O3 -Wall -arch arm64 -isysroot /Applications/Xcode_15.4.app/Contents/Developer/Platforms/iPhoneOS.platform/Developer/SDKs/iPhoneOS17.5.sdk -miphoneos-version-min=14.0 -I/Users/runner/work/LiteReplayd/LiteReplayd/build/prefix/include -fPIC -O2 -fno-common -MT dct64_i386.lo -MD -MP -MF .deps/dct64_i386.Tpo -c -o dct64_i386.lo dct64_i386.c
2026-06-25T21:57:39.2220790Z /bin/sh ../libtool  --tag=CC   --mode=compile /Applications/Xcode_15.4.app/Contents/Developer/Toolchains/XcodeDefault.xctoolchain/usr/bin/clang -DHAVE_CONFIG_H  -I. -I.. -I../include -I. -I../libmp3lame -I..  -arch arm64 -isysroot /Applications/Xcode_15.4.app/Contents/Developer/Platforms/iPhoneOS.platform/Developer/SDKs/iPhoneOS17.5.sdk -miphoneos-version-min=14.0 -I/Users/runner/work/LiteReplayd/LiteReplayd/build/prefix/include -fPIC -O2  -O3 -Wall -arch arm64 -isysroot /Applications/Xcode_15.4.app/Contents/Developer/Platforms/iPhoneOS.platform/Developer/SDKs/iPhoneOS17.5.sdk -miphoneos-version-min=14.0 -I/Users/runner/work/LiteReplayd/LiteReplayd/build/prefix/include -fPIC -O2 -fno-common -MT decode_i386.lo -MD -MP -MF .deps/decode_i386.Tpo -c -o decode_i386.lo decode_i386.c
2026-06-25T21:57:39.2630630Z libtool: compile:  /Applications/Xcode_15.4.app/Contents/Developer/Toolchains/XcodeDefault.xctoolchain/usr/bin/clang -DHAVE_CONFIG_H -I. -I.. -I../include -I. -I../libmp3lame -I.. -arch arm64 -isysroot /Applications/Xcode_15.4.app/Contents/Developer/Platforms/iPhoneOS.platform/Developer/SDKs/iPhoneOS17.5.sdk -miphoneos-version-min=14.0 -I/Users/runner/work/LiteReplayd/LiteReplayd/build/prefix/include -fPIC -O2 -O3 -Wall -arch arm64 -isysroot /Applications/Xcode_15.4.app/Contents/Developer/Platforms/iPhoneOS.platform/Developer/SDKs/iPhoneOS17.5.sdk -miphoneos-version-min=14.0 -I/Users/runner/work/LiteReplayd/LiteReplayd/build/prefix/include -fPIC -O2 -fno-common -MT dct64_i386.lo -MD -MP -MF .deps/dct64_i386.Tpo -c dct64_i386.c -o dct64_i386.o
2026-06-25T21:57:39.2651780Z libtool: compile:  /Applications/Xcode_15.4.app/Contents/Developer/Toolchains/XcodeDefault.xctoolchain/usr/bin/clang -DHAVE_CONFIG_H -I. -I.. -I../include -I. -I../libmp3lame -I.. -arch arm64 -isysroot /Applications/Xcode_15.4.app/Contents/Developer/Platforms/iPhoneOS.platform/Developer/SDKs/iPhoneOS17.5.sdk -miphoneos-version-min=14.0 -I/Users/runner/work/LiteReplayd/LiteReplayd/build/prefix/include -fPIC -O2 -O3 -Wall -arch arm64 -isysroot /Applications/Xcode_15.4.app/Contents/Developer/Platforms/iPhoneOS.platform/Developer/SDKs/iPhoneOS17.5.sdk -miphoneos-version-min=14.0 -I/Users/runner/work/LiteReplayd/LiteReplayd/build/prefix/include -fPIC -O2 -fno-common -MT common.lo -MD -MP -MF .deps/common.Tpo -c common.c -o common.o
2026-06-25T21:57:39.2660050Z libtool: compile:  /Applications/Xcode_15.4.app/Contents/Developer/Toolchains/XcodeDefault.xctoolchain/usr/bin/clang -DHAVE_CONFIG_H -I. -I.. -I../include -I. -I../libmp3lame -I.. -arch arm64 -isysroot /Applications/Xcode_15.4.app/Contents/Developer/Platforms/iPhoneOS.platform/Developer/SDKs/iPhoneOS17.5.sdk -miphoneos-version-min=14.0 -I/Users/runner/work/LiteReplayd/LiteReplayd/build/prefix/include -fPIC -O2 -O3 -Wall -arch arm64 -isysroot /Applications/Xcode_15.4.app/Contents/Developer/Platforms/iPhoneOS.platform/Developer/SDKs/iPhoneOS17.5.sdk -miphoneos-version-min=14.0 -I/Users/runner/work/LiteReplayd/LiteReplayd/build/prefix/include -fPIC -O2 -fno-common -MT decode_i386.lo -MD -MP -MF .deps/decode_i386.Tpo -c decode_i386.c -o decode_i386.o
2026-06-25T21:57:39.3101310Z mv -f .deps/common.Tpo .deps/common.Plo
2026-06-25T21:57:39.3109780Z mv -f .deps/dct64_i386.Tpo .deps/dct64_i386.Plo
2026-06-25T21:57:39.3119770Z /bin/sh ../libtool  --tag=CC   --mode=compile /Applications/Xcode_15.4.app/Contents/Developer/Toolchains/XcodeDefault.xctoolchain/usr/bin/clang -DHAVE_CONFIG_H  -I. -I.. -I../include -I. -I../libmp3lame -I..  -arch arm64 -isysroot /Applications/Xcode_15.4.app/Contents/Developer/Platforms/iPhoneOS.platform/Developer/SDKs/iPhoneOS17.5.sdk -miphoneos-version-min=14.0 -I/Users/runner/work/LiteReplayd/LiteReplayd/build/prefix/include -fPIC -O2  -O3 -Wall -arch arm64 -isysroot /Applications/Xcode_15.4.app/Contents/Developer/Platforms/iPhoneOS.platform/Developer/SDKs/iPhoneOS17.5.sdk -miphoneos-version-min=14.0 -I/Users/runner/work/LiteReplayd/LiteReplayd/build/prefix/include -fPIC -O2 -fno-common -MT interface.lo -MD -MP -MF .deps/interface.Tpo -c -o interface.lo interface.c
2026-06-25T21:57:39.3126320Z /bin/sh ../libtool  --tag=CC   --mode=compile /Applications/Xcode_15.4.app/Contents/Developer/Toolchains/XcodeDefault.xctoolchain/usr/bin/clang -DHAVE_CONFIG_H  -I. -I.. -I../include -I. -I../libmp3lame -I..  -arch arm64 -isysroot /Applications/Xcode_15.4.app/Contents/Developer/Platforms/iPhoneOS.platform/Developer/SDKs/iPhoneOS17.5.sdk -miphoneos-version-min=14.0 -I/Users/runner/work/LiteReplayd/LiteReplayd/build/prefix/include -fPIC -O2  -O3 -Wall -arch arm64 -isysroot /Applications/Xcode_15.4.app/Contents/Developer/Platforms/iPhoneOS.platform/Developer/SDKs/iPhoneOS17.5.sdk -miphoneos-version-min=14.0 -I/Users/runner/work/LiteReplayd/LiteReplayd/build/prefix/include -fPIC -O2 -fno-common -MT layer1.lo -MD -MP -MF .deps/layer1.Tpo -c -o layer1.lo layer1.c
2026-06-25T21:57:39.3387650Z mv -f .deps/decode_i386.Tpo .deps/decode_i386.Plo
2026-06-25T21:57:39.3405320Z /bin/sh ../libtool  --tag=CC   --mode=compile /Applications/Xcode_15.4.app/Contents/Developer/Toolchains/XcodeDefault.xctoolchain/usr/bin/clang -DHAVE_CONFIG_H  -I. -I.. -I../include -I. -I../libmp3lame -I..  -arch arm64 -isysroot /Applications/Xcode_15.4.app/Contents/Developer/Platforms/iPhoneOS.platform/Developer/SDKs/iPhoneOS17.5.sdk -miphoneos-version-min=14.0 -I/Users/runner/work/LiteReplayd/LiteReplayd/build/prefix/include -fPIC -O2  -O3 -Wall -arch arm64 -isysroot /Applications/Xcode_15.4.app/Contents/Developer/Platforms/iPhoneOS.platform/Developer/SDKs/iPhoneOS17.5.sdk -miphoneos-version-min=14.0 -I/Users/runner/work/LiteReplayd/LiteReplayd/build/prefix/include -fPIC -O2 -fno-common -MT layer2.lo -MD -MP -MF .deps/layer2.Tpo -c -o layer2.lo layer2.c
2026-06-25T21:57:39.3526620Z libtool: compile:  /Applications/Xcode_15.4.app/Contents/Developer/Toolchains/XcodeDefault.xctoolchain/usr/bin/clang -DHAVE_CONFIG_H -I. -I.. -I../include -I. -I../libmp3lame -I.. -arch arm64 -isysroot /Applications/Xcode_15.4.app/Contents/Developer/Platforms/iPhoneOS.platform/Developer/SDKs/iPhoneOS17.5.sdk -miphoneos-version-min=14.0 -I/Users/runner/work/LiteReplayd/LiteReplayd/build/prefix/include -fPIC -O2 -O3 -Wall -arch arm64 -isysroot /Applications/Xcode_15.4.app/Contents/Developer/Platforms/iPhoneOS.platform/Developer/SDKs/iPhoneOS17.5.sdk -miphoneos-version-min=14.0 -I/Users/runner/work/LiteReplayd/LiteReplayd/build/prefix/include -fPIC -O2 -fno-common -MT layer1.lo -MD -MP -MF .deps/layer1.Tpo -c layer1.c -o layer1.o
2026-06-25T21:57:39.3531940Z libtool: compile:  /Applications/Xcode_15.4.app/Contents/Developer/Toolchains/XcodeDefault.xctoolchain/usr/bin/clang -DHAVE_CONFIG_H -I. -I.. -I../include -I. -I../libmp3lame -I.. -arch arm64 -isysroot /Applications/Xcode_15.4.app/Contents/Developer/Platforms/iPhoneOS.platform/Developer/SDKs/iPhoneOS17.5.sdk -miphoneos-version-min=14.0 -I/Users/runner/work/LiteReplayd/LiteReplayd/build/prefix/include -fPIC -O2 -O3 -Wall -arch arm64 -isysroot /Applications/Xcode_15.4.app/Contents/Developer/Platforms/iPhoneOS.platform/Developer/SDKs/iPhoneOS17.5.sdk -miphoneos-version-min=14.0 -I/Users/runner/work/LiteReplayd/LiteReplayd/build/prefix/include -fPIC -O2 -fno-common -MT interface.lo -MD -MP -MF .deps/interface.Tpo -c interface.c -o interface.o
2026-06-25T21:57:39.3808740Z libtool: compile:  /Applications/Xcode_15.4.app/Contents/Developer/Toolchains/XcodeDefault.xctoolchain/usr/bin/clang -DHAVE_CONFIG_H -I. -I.. -I../include -I. -I../libmp3lame -I.. -arch arm64 -isysroot /Applications/Xcode_15.4.app/Contents/Developer/Platforms/iPhoneOS.platform/Developer/SDKs/iPhoneOS17.5.sdk -miphoneos-version-min=14.0 -I/Users/runner/work/LiteReplayd/LiteReplayd/build/prefix/include -fPIC -O2 -O3 -Wall -arch arm64 -isysroot /Applications/Xcode_15.4.app/Contents/Developer/Platforms/iPhoneOS.platform/Developer/SDKs/iPhoneOS17.5.sdk -miphoneos-version-min=14.0 -I/Users/runner/work/LiteReplayd/LiteReplayd/build/prefix/include -fPIC -O2 -fno-common -MT layer2.lo -MD -MP -MF .deps/layer2.Tpo -c layer2.c -o layer2.o
2026-06-25T21:57:39.4045050Z mv -f .deps/layer1.Tpo .deps/layer1.Plo
2026-06-25T21:57:39.4065980Z /bin/sh ../libtool  --tag=CC   --mode=compile /Applications/Xcode_15.4.app/Contents/Developer/Toolchains/XcodeDefault.xctoolchain/usr/bin/clang -DHAVE_CONFIG_H  -I. -I.. -I../include -I. -I../libmp3lame -I..  -arch arm64 -isysroot /Applications/Xcode_15.4.app/Contents/Developer/Platforms/iPhoneOS.platform/Developer/SDKs/iPhoneOS17.5.sdk -miphoneos-version-min=14.0 -I/Users/runner/work/LiteReplayd/LiteReplayd/build/prefix/include -fPIC -O2  -O3 -Wall -arch arm64 -isysroot /Applications/Xcode_15.4.app/Contents/Developer/Platforms/iPhoneOS.platform/Developer/SDKs/iPhoneOS17.5.sdk -miphoneos-version-min=14.0 -I/Users/runner/work/LiteReplayd/LiteReplayd/build/prefix/include -fPIC -O2 -fno-common -MT layer3.lo -MD -MP -MF .deps/layer3.Tpo -c -o layer3.lo layer3.c
2026-06-25T21:57:39.4234920Z mv -f .deps/interface.Tpo .deps/interface.Plo
2026-06-25T21:57:39.4255380Z /bin/sh ../libtool  --tag=CC   --mode=compile /Applications/Xcode_15.4.app/Contents/Developer/Toolchains/XcodeDefault.xctoolchain/usr/bin/clang -DHAVE_CONFIG_H  -I. -I.. -I../include -I. -I../libmp3lame -I..  -arch arm64 -isysroot /Applications/Xcode_15.4.app/Contents/Developer/Platforms/iPhoneOS.platform/Developer/SDKs/iPhoneOS17.5.sdk -miphoneos-version-min=14.0 -I/Users/runner/work/LiteReplayd/LiteReplayd/build/prefix/include -fPIC -O2  -O3 -Wall -arch arm64 -isysroot /Applications/Xcode_15.4.app/Contents/Developer/Platforms/iPhoneOS.platform/Developer/SDKs/iPhoneOS17.5.sdk -miphoneos-version-min=14.0 -I/Users/runner/work/LiteReplayd/LiteReplayd/build/prefix/include -fPIC -O2 -fno-common -MT tabinit.lo -MD -MP -MF .deps/tabinit.Tpo -c -o tabinit.lo tabinit.c
2026-06-25T21:57:39.4486820Z libtool: compile:  /Applications/Xcode_15.4.app/Contents/Developer/Toolchains/XcodeDefault.xctoolchain/usr/bin/clang -DHAVE_CONFIG_H -I. -I.. -I../include -I. -I../libmp3lame -I.. -arch arm64 -isysroot /Applications/Xcode_15.4.app/Contents/Developer/Platforms/iPhoneOS.platform/Developer/SDKs/iPhoneOS17.5.sdk -miphoneos-version-min=14.0 -I/Users/runner/work/LiteReplayd/LiteReplayd/build/prefix/include -fPIC -O2 -O3 -Wall -arch arm64 -isysroot /Applications/Xcode_15.4.app/Contents/Developer/Platforms/iPhoneOS.platform/Developer/SDKs/iPhoneOS17.5.sdk -miphoneos-version-min=14.0 -I/Users/runner/work/LiteReplayd/LiteReplayd/build/prefix/include -fPIC -O2 -fno-common -MT layer3.lo -MD -MP -MF .deps/layer3.Tpo -c layer3.c -o layer3.o
2026-06-25T21:57:39.4663370Z libtool: compile:  /Applications/Xcode_15.4.app/Contents/Developer/Toolchains/XcodeDefault.xctoolchain/usr/bin/clang -DHAVE_CONFIG_H -I. -I.. -I../include -I. -I../libmp3lame -I.. -arch arm64 -isysroot /Applications/Xcode_15.4.app/Contents/Developer/Platforms/iPhoneOS.platform/Developer/SDKs/iPhoneOS17.5.sdk -miphoneos-version-min=14.0 -I/Users/runner/work/LiteReplayd/LiteReplayd/build/prefix/include -fPIC -O2 -O3 -Wall -arch arm64 -isysroot /Applications/Xcode_15.4.app/Contents/Developer/Platforms/iPhoneOS.platform/Developer/SDKs/iPhoneOS17.5.sdk -miphoneos-version-min=14.0 -I/Users/runner/work/LiteReplayd/LiteReplayd/build/prefix/include -fPIC -O2 -fno-common -MT tabinit.lo -MD -MP -MF .deps/tabinit.Tpo -c tabinit.c -o tabinit.o
2026-06-25T21:57:39.4703140Z mv -f .deps/layer2.Tpo .deps/layer2.Plo
2026-06-25T21:57:39.5012330Z mv -f .deps/tabinit.Tpo .deps/tabinit.Plo
2026-06-25T21:57:39.8144570Z mv -f .deps/layer3.Tpo .deps/layer3.Plo
2026-06-25T21:57:39.8162810Z /bin/sh ../libtool  --tag=CC   --mode=link /Applications/Xcode_15.4.app/Contents/Developer/Toolchains/XcodeDefault.xctoolchain/usr/bin/clang  -O3 -Wall -arch arm64 -isysroot /Applications/Xcode_15.4.app/Contents/Developer/Platforms/iPhoneOS.platform/Developer/SDKs/iPhoneOS17.5.sdk -miphoneos-version-min=14.0 -I/Users/runner/work/LiteReplayd/LiteReplayd/build/prefix/include -fPIC -O2 -fno-common  -arch arm64 -isysroot /Applications/Xcode_15.4.app/Contents/Developer/Platforms/iPhoneOS.platform/Developer/SDKs/iPhoneOS17.5.sdk -miphoneos-version-min=14.0 -L/Users/runner/work/LiteReplayd/LiteReplayd/build/prefix/lib -o libmpgdecoder.la  common.lo dct64_i386.lo decode_i386.lo interface.lo layer1.lo layer2.lo layer3.lo tabinit.lo  
2026-06-25T21:57:39.8915680Z libtool: link: /Applications/Xcode_15.4.app/Contents/Developer/Toolchains/XcodeDefault.xctoolchain/usr/bin/ar cru .libs/libmpgdecoder.a  common.o dct64_i386.o decode_i386.o interface.o layer1.o layer2.o layer3.o tabinit.o
2026-06-25T21:57:39.8958190Z libtool: link: /Applications/Xcode_15.4.app/Contents/Developer/Toolchains/XcodeDefault.xctoolchain/usr/bin/ranlib .libs/libmpgdecoder.a
2026-06-25T21:57:39.9302490Z libtool: link: ( cd ".libs" && rm -f "libmpgdecoder.la" && ln -s "../libmpgdecoder.la" "libmpgdecoder.la" )
2026-06-25T21:57:39.9331140Z Making all in libmp3lame
2026-06-25T21:57:39.9400730Z Making all in i386
2026-06-25T21:57:39.9421070Z make[3]: Nothing to be done for `all'.
2026-06-25T21:57:39.9422800Z Making all in vector
2026-06-25T21:57:39.9445030Z make[3]: Nothing to be done for `all'.
2026-06-25T21:57:39.9474580Z /bin/sh ../libtool  --tag=CC   --mode=compile /Applications/Xcode_15.4.app/Contents/Developer/Toolchains/XcodeDefault.xctoolchain/usr/bin/clang -DHAVE_CONFIG_H  -I. -I.. -I../include -I. -I../mpglib -I..  -arch arm64 -isysroot /Applications/Xcode_15.4.app/Contents/Developer/Platforms/iPhoneOS.platform/Developer/SDKs/iPhoneOS17.5.sdk -miphoneos-version-min=14.0 -I/Users/runner/work/LiteReplayd/LiteReplayd/build/prefix/include -fPIC -O2  -O3 -Wall -arch arm64 -isysroot /Applications/Xcode_15.4.app/Contents/Developer/Platforms/iPhoneOS.platform/Developer/SDKs/iPhoneOS17.5.sdk -miphoneos-version-min=14.0 -I/Users/runner/work/LiteReplayd/LiteReplayd/build/prefix/include -fPIC -O2 -fno-common -MT VbrTag.lo -MD -MP -MF .deps/VbrTag.Tpo -c -o VbrTag.lo VbrTag.c
2026-06-25T21:57:39.9478840Z /bin/sh ../libtool  --tag=CC   --mode=compile /Applications/Xcode_15.4.app/Contents/Developer/Toolchains/XcodeDefault.xctoolchain/usr/bin/clang -DHAVE_CONFIG_H  -I. -I.. -I../include -I. -I../mpglib -I..  -arch arm64 -isysroot /Applications/Xcode_15.4.app/Contents/Developer/Platforms/iPhoneOS.platform/Developer/SDKs/iPhoneOS17.5.sdk -miphoneos-version-min=14.0 -I/Users/runner/work/LiteReplayd/LiteReplayd/build/prefix/include -fPIC -O2  -O3 -Wall -arch arm64 -isysroot /Applications/Xcode_15.4.app/Contents/Developer/Platforms/iPhoneOS.platform/Developer/SDKs/iPhoneOS17.5.sdk -miphoneos-version-min=14.0 -I/Users/runner/work/LiteReplayd/LiteReplayd/build/prefix/include -fPIC -O2 -fno-common -MT bitstream.lo -MD -MP -MF .deps/bitstream.Tpo -c -o bitstream.lo bitstream.c
2026-06-25T21:57:39.9483200Z /bin/sh ../libtool  --tag=CC   --mode=compile /Applications/Xcode_15.4.app/Contents/Developer/Toolchains/XcodeDefault.xctoolchain/usr/bin/clang -DHAVE_CONFIG_H  -I. -I.. -I../include -I. -I../mpglib -I..  -arch arm64 -isysroot /Applications/Xcode_15.4.app/Contents/Developer/Platforms/iPhoneOS.platform/Developer/SDKs/iPhoneOS17.5.sdk -miphoneos-version-min=14.0 -I/Users/runner/work/LiteReplayd/LiteReplayd/build/prefix/include -fPIC -O2  -O3 -Wall -arch arm64 -isysroot /Applications/Xcode_15.4.app/Contents/Developer/Platforms/iPhoneOS.platform/Developer/SDKs/iPhoneOS17.5.sdk -miphoneos-version-min=14.0 -I/Users/runner/work/LiteReplayd/LiteReplayd/build/prefix/include -fPIC -O2 -fno-common -MT encoder.lo -MD -MP -MF .deps/encoder.Tpo -c -o encoder.lo encoder.c
2026-06-25T21:57:39.9864940Z libtool: compile:  /Applications/Xcode_15.4.app/Contents/Developer/Toolchains/XcodeDefault.xctoolchain/usr/bin/clang -DHAVE_CONFIG_H -I. -I.. -I../include -I. -I../mpglib -I.. -arch arm64 -isysroot /Applications/Xcode_15.4.app/Contents/Developer/Platforms/iPhoneOS.platform/Developer/SDKs/iPhoneOS17.5.sdk -miphoneos-version-min=14.0 -I/Users/runner/work/LiteReplayd/LiteReplayd/build/prefix/include -fPIC -O2 -O3 -Wall -arch arm64 -isysroot /Applications/Xcode_15.4.app/Contents/Developer/Platforms/iPhoneOS.platform/Developer/SDKs/iPhoneOS17.5.sdk -miphoneos-version-min=14.0 -I/Users/runner/work/LiteReplayd/LiteReplayd/build/prefix/include -fPIC -O2 -fno-common -MT VbrTag.lo -MD -MP -MF .deps/VbrTag.Tpo -c VbrTag.c -o VbrTag.o
2026-06-25T21:57:39.9869120Z libtool: compile:  /Applications/Xcode_15.4.app/Contents/Developer/Toolchains/XcodeDefault.xctoolchain/usr/bin/clang -DHAVE_CONFIG_H -I. -I.. -I../include -I. -I../mpglib -I.. -arch arm64 -isysroot /Applications/Xcode_15.4.app/Contents/Developer/Platforms/iPhoneOS.platform/Developer/SDKs/iPhoneOS17.5.sdk -miphoneos-version-min=14.0 -I/Users/runner/work/LiteReplayd/LiteReplayd/build/prefix/include -fPIC -O2 -O3 -Wall -arch arm64 -isysroot /Applications/Xcode_15.4.app/Contents/Developer/Platforms/iPhoneOS.platform/Developer/SDKs/iPhoneOS17.5.sdk -miphoneos-version-min=14.0 -I/Users/runner/work/LiteReplayd/LiteReplayd/build/prefix/include -fPIC -O2 -fno-common -MT encoder.lo -MD -MP -MF .deps/encoder.Tpo -c encoder.c -o encoder.o
2026-06-25T21:57:39.9873540Z libtool: compile:  /Applications/Xcode_15.4.app/Contents/Developer/Toolchains/XcodeDefault.xctoolchain/usr/bin/clang -DHAVE_CONFIG_H -I. -I.. -I../include -I. -I../mpglib -I.. -arch arm64 -isysroot /Applications/Xcode_15.4.app/Contents/Developer/Platforms/iPhoneOS.platform/Developer/SDKs/iPhoneOS17.5.sdk -miphoneos-version-min=14.0 -I/Users/runner/work/LiteReplayd/LiteReplayd/build/prefix/include -fPIC -O2 -O3 -Wall -arch arm64 -isysroot /Applications/Xcode_15.4.app/Contents/Developer/Platforms/iPhoneOS.platform/Developer/SDKs/iPhoneOS17.5.sdk -miphoneos-version-min=14.0 -I/Users/runner/work/LiteReplayd/LiteReplayd/build/prefix/include -fPIC -O2 -fno-common -MT bitstream.lo -MD -MP -MF .deps/bitstream.Tpo -c bitstream.c -o bitstream.o
2026-06-25T21:57:40.0154090Z VbrTag.c:263:5: warning: shifting a negative signed value is undefined [-Wshift-negative-value]
2026-06-25T21:57:40.0255230Z     SHIFT_IN_BITS_VALUE(buffer[0], 8u, 0xffu);
2026-06-25T21:57:40.0356020Z     ^~~~~~~~~~~~~~~~~~~~~~~~~~~~~~~~~~~~~~~~~
2026-06-25T21:57:40.0456970Z VbrTag.c:254:68: note: expanded from macro 'SHIFT_IN_BITS_VALUE'
2026-06-25T21:57:40.0552390Z #define SHIFT_IN_BITS_VALUE(x,n,v) ( x = (x << (n)) | ( (v) & ~(-1 << (n)) ) )
2026-06-25T21:57:40.0559360Z                                                                 ~~ ^
2026-06-25T21:57:40.0570740Z VbrTag.c:265:5: warning: shifting a negative signed value is undefined [-Wshift-negative-value]
2026-06-25T21:57:40.0575390Z     SHIFT_IN_BITS_VALUE(buffer[1], 3u, 7);
2026-06-25T21:57:40.0579940Z     ^~~~~~~~~~~~~~~~~~~~~~~~~~~~~~~~~~~~~
2026-06-25T21:57:40.0580220Z VbrTag.c:254:68: note: expanded from macro 'SHIFT_IN_BITS_VALUE'
2026-06-25T21:57:40.0580580Z #define SHIFT_IN_BITS_VALUE(x,n,v) ( x = (x << (n)) | ( (v) & ~(-1 << (n)) ) )
2026-06-25T21:57:40.0580920Z                                                                 ~~ ^
2026-06-25T21:57:40.0581420Z VbrTag.c:266:5: warning: shifting a negative signed value is undefined [-Wshift-negative-value]
2026-06-25T21:57:40.0581860Z     SHIFT_IN_BITS_VALUE(buffer[1], 1u, (cfg->samplerate_out < 16000) ? 0 : 1);
2026-06-25T21:57:40.0582380Z     ^~~~~~~~~~~~~~~~~~~~~~~~~~~~~~~~~~~~~~~~~~~~~~~~~~~~~~~~~~~~~~~~~~~~~~~~~
2026-06-25T21:57:40.0582700Z VbrTag.c:254:68: note: expanded from macro 'SHIFT_IN_BITS_VALUE'
2026-06-25T21:57:40.0583050Z #define SHIFT_IN_BITS_VALUE(x,n,v) ( x = (x << (n)) | ( (v) & ~(-1 << (n)) ) )
2026-06-25T21:57:40.0583360Z                                                                 ~~ ^
2026-06-25T21:57:40.0583740Z VbrTag.c:267:5: warning: shifting a negative signed value is undefined [-Wshift-negative-value]
2026-06-25T21:57:40.0584120Z     SHIFT_IN_BITS_VALUE(buffer[1], 1u, cfg->version);
2026-06-25T21:57:40.0584370Z     ^~~~~~~~~~~~~~~~~~~~~~~~~~~~~~~~~~~~~~~~~~~~~~~~
2026-06-25T21:57:40.0584650Z VbrTag.c:254:68: note: expanded from macro 'SHIFT_IN_BITS_VALUE'
2026-06-25T21:57:40.0584980Z #define SHIFT_IN_BITS_VALUE(x,n,v) ( x = (x << (n)) | ( (v) & ~(-1 << (n)) ) )
2026-06-25T21:57:40.0585290Z                                                                 ~~ ^
2026-06-25T21:57:40.0585650Z VbrTag.c:268:5: warning: shifting a negative signed value is undefined [-Wshift-negative-value]
2026-06-25T21:57:40.0586020Z     SHIFT_IN_BITS_VALUE(buffer[1], 2u, 4 - 3);
2026-06-25T21:57:40.0586250Z     ^~~~~~~~~~~~~~~~~~~~~~~~~~~~~~~~~~~~~~~~~
2026-06-25T21:57:40.0586510Z VbrTag.c:254:68: note: expanded from macro 'SHIFT_IN_BITS_VALUE'
2026-06-25T21:57:40.0586860Z #define SHIFT_IN_BITS_VALUE(x,n,v) ( x = (x << (n)) | ( (v) & ~(-1 << (n)) ) )
2026-06-25T21:57:40.0587170Z                                                                 ~~ ^
2026-06-25T21:57:40.0587530Z VbrTag.c:269:5: warning: shifting a negative signed value is undefined [-Wshift-negative-value]
2026-06-25T21:57:40.0587960Z     SHIFT_IN_BITS_VALUE(buffer[1], 1u, (!cfg->error_protection) ? 1 : 0);
2026-06-25T21:57:40.0588270Z     ^~~~~~~~~~~~~~~~~~~~~~~~~~~~~~~~~~~~~~~~~~~~~~~~~~~~~~~~~~~~~~~~~~~~
2026-06-25T21:57:40.0588570Z VbrTag.c:254:68: note: expanded from macro 'SHIFT_IN_BITS_VALUE'
2026-06-25T21:57:40.0588910Z #define SHIFT_IN_BITS_VALUE(x,n,v) ( x = (x << (n)) | ( (v) & ~(-1 << (n)) ) )
2026-06-25T21:57:40.0589220Z                                                                 ~~ ^
2026-06-25T21:57:40.0589580Z VbrTag.c:271:5: warning: shifting a negative signed value is undefined [-Wshift-negative-value]
2026-06-25T21:57:40.0589990Z     SHIFT_IN_BITS_VALUE(buffer[2], 4u, eov->bitrate_index);
2026-06-25T21:57:40.0590390Z     ^~~~~~~~~~~~~~~~~~~~~~~~~~~~~~~~~~~~~~~~~~~~~~~~~~~~~~
2026-06-25T21:57:40.0590740Z VbrTag.c:254:68: note: expanded from macro 'SHIFT_IN_BITS_VALUE'
2026-06-25T21:57:40.0591080Z #define SHIFT_IN_BITS_VALUE(x,n,v) ( x = (x << (n)) | ( (v) & ~(-1 << (n)) ) )
2026-06-25T21:57:40.0591380Z                                                                 ~~ ^
2026-06-25T21:57:40.0591750Z VbrTag.c:272:5: warning: shifting a negative signed value is undefined [-Wshift-negative-value]
2026-06-25T21:57:40.0592170Z     SHIFT_IN_BITS_VALUE(buffer[2], 2u, cfg->samplerate_index);
2026-06-25T21:57:40.0593170Z     ^~~~~~~~~~~~~~~~~~~~~~~~~~~~~~~~~~~~~~~~~~~~~~~~~~~~~~~~~
2026-06-25T21:57:40.0593460Z VbrTag.c:254:68: note: expanded from macro 'SHIFT_IN_BITS_VALUE'
2026-06-25T21:57:40.0593790Z #define SHIFT_IN_BITS_VALUE(x,n,v) ( x = (x << (n)) | ( (v) & ~(-1 << (n)) ) )
2026-06-25T21:57:40.0594100Z                                                                 ~~ ^
2026-06-25T21:57:40.0594480Z VbrTag.c:273:5: warning: shifting a negative signed value is undefined [-Wshift-negative-value]
2026-06-25T21:57:40.0594840Z     SHIFT_IN_BITS_VALUE(buffer[2], 1u, 0);
2026-06-25T21:57:40.0595040Z     ^~~~~~~~~~~~~~~~~~~~~~~~~~~~~~~~~~~~~
2026-06-25T21:57:40.0595290Z VbrTag.c:254:68: note: expanded from macro 'SHIFT_IN_BITS_VALUE'
2026-06-25T21:57:40.0595630Z #define SHIFT_IN_BITS_VALUE(x,n,v) ( x = (x << (n)) | ( (v) & ~(-1 << (n)) ) )
2026-06-25T21:57:40.0595930Z                                                                 ~~ ^
2026-06-25T21:57:40.0596300Z VbrTag.c:274:5: warning: shifting a negative signed value is undefined [-Wshift-negative-value]
2026-06-25T21:57:40.0596750Z     SHIFT_IN_BITS_VALUE(buffer[2], 1u, cfg->extension);
2026-06-25T21:57:40.0597000Z     ^~~~~~~~~~~~~~~~~~~~~~~~~~~~~~~~~~~~~~~~~~~~~~~~~~
2026-06-25T21:57:40.0597270Z VbrTag.c:254:68: note: expanded from macro 'SHIFT_IN_BITS_VALUE'
2026-06-25T21:57:40.0602410Z #define SHIFT_IN_BITS_VALUE(x,n,v) ( x = (x << (n)) | ( (v) & ~(-1 << (n)) ) )
2026-06-25T21:57:40.0602760Z                                                                 ~~ ^
2026-06-25T21:57:40.0603150Z VbrTag.c:276:5: warning: shifting a negative signed value is undefined [-Wshift-negative-value]
2026-06-25T21:57:40.0603520Z     SHIFT_IN_BITS_VALUE(buffer[3], 2u, cfg->mode);
2026-06-25T21:57:40.0604110Z     ^~~~~~~~~~~~~~~~~~~~~~~~~~~~~~~~~~~~~~~~~~~~~
2026-06-25T21:57:40.0604430Z mv -f .deps/VbrTag.Tpo .deps/VbrTag.Plo
2026-06-25T21:57:40.0606040Z VbrTag.c:254:68: note: expanded from macro 'SHIFT_IN_BITS_VALUE'
2026-06-25T21:57:40.0606920Z #define SHIFT_IN_BITS_VALUE(x,n,v) ( x = (x << (n)) | ( (v) & ~(-1 << (n)) ) )
2026-06-25T21:57:40.0607270Z                                                                 ~~ ^
2026-06-25T21:57:40.0608400Z VbrTag.c:277:5: warning: shifting a negative signed value is undefined [-Wshift-negative-value]
2026-06-25T21:57:40.0609510Z     SHIFT_IN_BITS_VALUE(buffer[3], 2u, eov->mode_ext);
2026-06-25T21:57:40.0610290Z     ^~~~~~~~~~~~~~~~~~~~~~~~~~~~~~~~~~~~~~~~~~~~~~~~~
2026-06-25T21:57:40.0611130Z VbrTag.c:254:68: note: expanded from macro 'SHIFT_IN_BITS_VALUE'
2026-06-25T21:57:40.0611980Z #define SHIFT_IN_BITS_VALUE(x,n,v) ( x = (x << (n)) | ( (v) & ~(-1 << (n)) ) )
2026-06-25T21:57:40.0613170Z                                                                 ~~ ^
2026-06-25T21:57:40.0614030Z VbrTag.c:278:5: warning: shifting a negative signed value is undefined [-Wshift-negative-value]
2026-06-25T21:57:40.0615050Z     SHIFT_IN_BITS_VALUE(buffer[3], 1u, cfg->copyright);
2026-06-25T21:57:40.0615880Z     ^~~~~~~~~~~~~~~~~~~~~~~~~~~~~~~~~~~~~~~~~~~~~~~~~~
2026-06-25T21:57:40.0616770Z VbrTag.c:254:68: note: expanded from macro 'SHIFT_IN_BITS_VALUE'
2026-06-25T21:57:40.0617750Z #define SHIFT_IN_BITS_VALUE(x,n,v) ( x = (x << (n)) | ( (v) & ~(-1 << (n)) ) )
2026-06-25T21:57:40.0619040Z                                                                 ~~ ^
2026-06-25T21:57:40.0619660Z VbrTag.c:279:5: warning: shifting a negative signed value is undefined [-Wshift-negative-value]
2026-06-25T21:57:40.0620250Z     SHIFT_IN_BITS_VALUE(buffer[3], 1u, cfg->original);
2026-06-25T21:57:40.0620510Z     ^~~~~~~~~~~~~~~~~~~~~~~~~~~~~~~~~~~~~~~~~~~~~~~~~
2026-06-25T21:57:40.0620900Z VbrTag.c:254:68: note: expanded from macro 'SHIFT_IN_BITS_VALUE'
2026-06-25T21:57:40.0621410Z mv -f .deps/encoder.Tpo .deps/encoder.Plo
2026-06-25T21:57:40.0621820Z #define SHIFT_IN_BITS_VALUE(x,n,v) ( x = (x << (n)) | ( (v) & ~(-1 << (n)) ) )
2026-06-25T21:57:40.0622710Z                                                                 ~~ ^
2026-06-25T21:57:40.0623610Z VbrTag.c:280:5: warning: shifting a negative signed value is undefined [-Wshift-negative-value]
2026-06-25T21:57:40.0624520Z     SHIFT_IN_BITS_VALUE(buffer[3], 2u, cfg->emphasis);
2026-06-25T21:57:40.0625240Z     ^~~~~~~~~~~~~~~~~~~~~~~~~~~~~~~~~~~~~~~~~~~~~~~~~
2026-06-25T21:57:40.0626050Z VbrTag.c:254:68: note: expanded from macro 'SHIFT_IN_BITS_VALUE'
2026-06-25T21:57:40.0626890Z #define SHIFT_IN_BITS_VALUE(x,n,v) ( x = (x << (n)) | ( (v) & ~(-1 << (n)) ) )
2026-06-25T21:57:40.0629930Z                                                                 ~~ ^
2026-06-25T21:57:40.0630910Z VbrTag.c:430:23: warning: comparison of array 'pTagData->toc' not equal to a null pointer is always true [-Wtautological-pointer-compare]
2026-06-25T21:57:40.0631590Z         if (pTagData->toc != NULL) {
2026-06-25T21:57:40.0631980Z             ~~~~~~~~~~^~~    ~~~~
2026-06-25T21:57:40.0632230Z 16 warnings generated.
2026-06-25T21:57:40.0637900Z /bin/sh ../libtool  --tag=CC   --mode=compile /Applications/Xcode_15.4.app/Contents/Developer/Toolchains/XcodeDefault.xctoolchain/usr/bin/clang -DHAVE_CONFIG_H  -I. -I.. -I../include -I. -I../mpglib -I..  -arch arm64 -isysroot /Applications/Xcode_15.4.app/Contents/Developer/Platforms/iPhoneOS.platform/Developer/SDKs/iPhoneOS17.5.sdk -miphoneos-version-min=14.0 -I/Users/runner/work/LiteReplayd/LiteReplayd/build/prefix/include -fPIC -O2  -O3 -Wall -arch arm64 -isysroot /Applications/Xcode_15.4.app/Contents/Developer/Platforms/iPhoneOS.platform/Developer/SDKs/iPhoneOS17.5.sdk -miphoneos-version-min=14.0 -I/Users/runner/work/LiteReplayd/LiteReplayd/build/prefix/include -fPIC -O2 -fno-common -MT fft.lo -MD -MP -MF .deps/fft.Tpo -c -o fft.lo fft.c
2026-06-25T21:57:40.0645140Z /bin/sh ../libtool  --tag=CC   --mode=compile /Applications/Xcode_15.4.app/Contents/Developer/Toolchains/XcodeDefault.xctoolchain/usr/bin/clang -DHAVE_CONFIG_H  -I. -I.. -I../include -I. -I../mpglib -I..  -arch arm64 -isysroot /Applications/Xcode_15.4.app/Contents/Developer/Platforms/iPhoneOS.platform/Developer/SDKs/iPhoneOS17.5.sdk -miphoneos-version-min=14.0 -I/Users/runner/work/LiteReplayd/LiteReplayd/build/prefix/include -fPIC -O2  -O3 -Wall -arch arm64 -isysroot /Applications/Xcode_15.4.app/Contents/Developer/Platforms/iPhoneOS.platform/Developer/SDKs/iPhoneOS17.5.sdk -miphoneos-version-min=14.0 -I/Users/runner/work/LiteReplayd/LiteReplayd/build/prefix/include -fPIC -O2 -fno-common -MT gain_analysis.lo -MD -MP -MF .deps/gain_analysis.Tpo -c -o gain_analysis.lo gain_analysis.c
2026-06-25T21:57:40.1030570Z libtool: compile:  /Applications/Xcode_15.4.app/Contents/Developer/Toolchains/XcodeDefault.xctoolchain/usr/bin/clang -DHAVE_CONFIG_H -I. -I.. -I../include -I. -I../mpglib -I.. -arch arm64 -isysroot /Applications/Xcode_15.4.app/Contents/Developer/Platforms/iPhoneOS.platform/Developer/SDKs/iPhoneOS17.5.sdk -miphoneos-version-min=14.0 -I/Users/runner/work/LiteReplayd/LiteReplayd/build/prefix/include -fPIC -O2 -O3 -Wall -arch arm64 -isysroot /Applications/Xcode_15.4.app/Contents/Developer/Platforms/iPhoneOS.platform/Developer/SDKs/iPhoneOS17.5.sdk -miphoneos-version-min=14.0 -I/Users/runner/work/LiteReplayd/LiteReplayd/build/prefix/include -fPIC -O2 -fno-common -MT fft.lo -MD -MP -MF .deps/fft.Tpo -c fft.c -o fft.o
2026-06-25T21:57:40.1035050Z libtool: compile:  /Applications/Xcode_15.4.app/Contents/Developer/Toolchains/XcodeDefault.xctoolchain/usr/bin/clang -DHAVE_CONFIG_H -I. -I.. -I../include -I. -I../mpglib -I.. -arch arm64 -isysroot /Applications/Xcode_15.4.app/Contents/Developer/Platforms/iPhoneOS.platform/Developer/SDKs/iPhoneOS17.5.sdk -miphoneos-version-min=14.0 -I/Users/runner/work/LiteReplayd/LiteReplayd/build/prefix/include -fPIC -O2 -O3 -Wall -arch arm64 -isysroot /Applications/Xcode_15.4.app/Contents/Developer/Platforms/iPhoneOS.platform/Developer/SDKs/iPhoneOS17.5.sdk -miphoneos-version-min=14.0 -I/Users/runner/work/LiteReplayd/LiteReplayd/build/prefix/include -fPIC -O2 -fno-common -MT gain_analysis.lo -MD -MP -MF .deps/gain_analysis.Tpo -c gain_analysis.c -o gain_analysis.o
2026-06-25T21:57:40.1516790Z mv -f .deps/fft.Tpo .deps/fft.Plo
2026-06-25T21:57:40.1537660Z /bin/sh ../libtool  --tag=CC   --mode=compile /Applications/Xcode_15.4.app/Contents/Developer/Toolchains/XcodeDefault.xctoolchain/usr/bin/clang -DHAVE_CONFIG_H  -I. -I.. -I../include -I. -I../mpglib -I..  -arch arm64 -isysroot /Applications/Xcode_15.4.app/Contents/Developer/Platforms/iPhoneOS.platform/Developer/SDKs/iPhoneOS17.5.sdk -miphoneos-version-min=14.0 -I/Users/runner/work/LiteReplayd/LiteReplayd/build/prefix/include -fPIC -O2  -O3 -Wall -arch arm64 -isysroot /Applications/Xcode_15.4.app/Contents/Developer/Platforms/iPhoneOS.platform/Developer/SDKs/iPhoneOS17.5.sdk -miphoneos-version-min=14.0 -I/Users/runner/work/LiteReplayd/LiteReplayd/build/prefix/include -fPIC -O2 -fno-common -MT id3tag.lo -MD -MP -MF .deps/id3tag.Tpo -c -o id3tag.lo id3tag.c
2026-06-25T21:57:40.1615050Z mv -f .deps/gain_analysis.Tpo .deps/gain_analysis.Plo
2026-06-25T21:57:40.1633360Z /bin/sh ../libtool  --tag=CC   --mode=compile /Applications/Xcode_15.4.app/Contents/Developer/Toolchains/XcodeDefault.xctoolchain/usr/bin/clang -DHAVE_CONFIG_H  -I. -I.. -I../include -I. -I../mpglib -I..  -arch arm64 -isysroot /Applications/Xcode_15.4.app/Contents/Developer/Platforms/iPhoneOS.platform/Developer/SDKs/iPhoneOS17.5.sdk -miphoneos-version-min=14.0 -I/Users/runner/work/LiteReplayd/LiteReplayd/build/prefix/include -fPIC -O2  -O3 -Wall -arch arm64 -isysroot /Applications/Xcode_15.4.app/Contents/Developer/Platforms/iPhoneOS.platform/Developer/SDKs/iPhoneOS17.5.sdk -miphoneos-version-min=14.0 -I/Users/runner/work/LiteReplayd/LiteReplayd/build/prefix/include -fPIC -O2 -fno-common -MT lame.lo -MD -MP -MF .deps/lame.Tpo -c -o lame.lo lame.c
2026-06-25T21:57:40.1960890Z libtool: compile:  /Applications/Xcode_15.4.app/Contents/Developer/Toolchains/XcodeDefault.xctoolchain/usr/bin/clang -DHAVE_CONFIG_H -I. -I.. -I../include -I. -I../mpglib -I.. -arch arm64 -isysroot /Applications/Xcode_15.4.app/Contents/Developer/Platforms/iPhoneOS.platform/Developer/SDKs/iPhoneOS17.5.sdk -miphoneos-version-min=14.0 -I/Users/runner/work/LiteReplayd/LiteReplayd/build/prefix/include -fPIC -O2 -O3 -Wall -arch arm64 -isysroot /Applications/Xcode_15.4.app/Contents/Developer/Platforms/iPhoneOS.platform/Developer/SDKs/iPhoneOS17.5.sdk -miphoneos-version-min=14.0 -I/Users/runner/work/LiteReplayd/LiteReplayd/build/prefix/include -fPIC -O2 -fno-common -MT id3tag.lo -MD -MP -MF .deps/id3tag.Tpo -c id3tag.c -o id3tag.o
2026-06-25T21:57:40.2030650Z libtool: compile:  /Applications/Xcode_15.4.app/Contents/Developer/Toolchains/XcodeDefault.xctoolchain/usr/bin/clang -DHAVE_CONFIG_H -I. -I.. -I../include -I. -I../mpglib -I.. -arch arm64 -isysroot /Applications/Xcode_15.4.app/Contents/Developer/Platforms/iPhoneOS.platform/Developer/SDKs/iPhoneOS17.5.sdk -miphoneos-version-min=14.0 -I/Users/runner/work/LiteReplayd/LiteReplayd/build/prefix/include -fPIC -O2 -O3 -Wall -arch arm64 -isysroot /Applications/Xcode_15.4.app/Contents/Developer/Platforms/iPhoneOS.platform/Developer/SDKs/iPhoneOS17.5.sdk -miphoneos-version-min=14.0 -I/Users/runner/work/LiteReplayd/LiteReplayd/build/prefix/include -fPIC -O2 -fno-common -MT lame.lo -MD -MP -MF .deps/lame.Tpo -c lame.c -o lame.o
2026-06-25T21:57:40.2146040Z mv -f .deps/bitstream.Tpo .deps/bitstream.Plo
2026-06-25T21:57:40.2165640Z /bin/sh ../libtool  --tag=CC   --mode=compile /Applications/Xcode_15.4.app/Contents/Developer/Toolchains/XcodeDefault.xctoolchain/usr/bin/clang -DHAVE_CONFIG_H  -I. -I.. -I../include -I. -I../mpglib -I..  -arch arm64 -isysroot /Applications/Xcode_15.4.app/Contents/Developer/Platforms/iPhoneOS.platform/Developer/SDKs/iPhoneOS17.5.sdk -miphoneos-version-min=14.0 -I/Users/runner/work/LiteReplayd/LiteReplayd/build/prefix/include -fPIC -O2  -O3 -Wall -arch arm64 -isysroot /Applications/Xcode_15.4.app/Contents/Developer/Platforms/iPhoneOS.platform/Developer/SDKs/iPhoneOS17.5.sdk -miphoneos-version-min=14.0 -I/Users/runner/work/LiteReplayd/LiteReplayd/build/prefix/include -fPIC -O2 -fno-common -MT newmdct.lo -MD -MP -MF .deps/newmdct.Tpo -c -o newmdct.lo newmdct.c
2026-06-25T21:57:40.2362740Z lame.c:641:13: warning: using floating point absolute value function 'fabs' when argument is of integer type [-Wabsolute-value]
2026-06-25T21:57:40.2461340Z         if (EQ(gfp->compression_ratio, 0))
2026-06-25T21:57:40.2559080Z             ^
2026-06-25T21:57:40.2562230Z ./machine.h:170:12: note: expanded from macro 'EQ'
2026-06-25T21:57:40.2580870Z (fabs(a) > fabs(b)) \
2026-06-25T21:57:40.2583040Z libtool: compile:  /Applications/Xcode_15.4.app/Contents/Developer/Toolchains/XcodeDefault.xctoolchain/usr/bin/clang -DHAVE_CONFIG_H -I. -I.. -I../include -I. -I../mpglib -I.. -arch arm64 -isysroot /Applications/Xcode_15.4.app/Contents/Developer/Platforms/iPhoneOS.platform/Developer/SDKs/iPhoneOS17.5.sdk -miphoneos-version-min=14.0 -I/Users/runner/work/LiteReplayd/LiteReplayd/build/prefix/include -fPIC -O2 -O3 -Wall -arch arm64 -isysroot /Applications/Xcode_15.4.app/Contents/Developer/Platforms/iPhoneOS.platform/Developer/SDKs/iPhoneOS17.5.sdk -miphoneos-version-min=14.0 -I/Users/runner/work/LiteReplayd/LiteReplayd/build/prefix/include -fPIC -O2 -fno-common -MT newmdct.lo -MD -MP -MF .deps/newmdct.Tpo -c newmdct.c -o newmdct.o
2026-06-25T21:57:40.2588500Z            ^
2026-06-25T21:57:40.2642530Z lame.c:641:13: note: use function 'abs' instead
2026-06-25T21:57:40.2743620Z ./machine.h:170:12: note: expanded from macro 'EQ'
2026-06-25T21:57:40.2867590Z (fabs(a) > fabs(b)) \
2026-06-25T21:57:40.2973110Z            ^
2026-06-25T21:57:40.3089910Z lame.c:641:13: warning: using floating point absolute value function 'fabs' when argument is of integer type [-Wabsolute-value]
2026-06-25T21:57:40.3191270Z         if (EQ(gfp->compression_ratio, 0))
2026-06-25T21:57:40.3292320Z             ^
2026-06-25T21:57:40.3292590Z ./machine.h:172:23: note: expanded from macro 'EQ'
2026-06-25T21:57:40.3393450Z  : (fabs((a)-(b)) <= (fabs(b) * 1e-6f)))
2026-06-25T21:57:40.3494250Z                       ^
2026-06-25T21:57:40.3551680Z lame.c:641:13: note: use function 'abs' instead
2026-06-25T21:57:40.3580630Z ./machine.h:172:23: note: expanded from macro 'EQ'
2026-06-25T21:57:40.3586020Z  : (fabs((a)-(b)) <= (fabs(b) * 1e-6f)))
2026-06-25T21:57:40.3609210Z mv -f .deps/newmdct.Tpo .deps/newmdct.Plo
2026-06-25T21:57:40.3609630Z                       ^
2026-06-25T21:57:40.3614000Z lame.c:1606:13: warning: using floating point absolute value function 'fabs' when argument is of integer type [-Wabsolute-value]
2026-06-25T21:57:40.3715190Z         if (NEQ(RadioGain, GAIN_NOT_ENOUGH_SAMPLES)) {
2026-06-25T21:57:40.3720990Z             ^
2026-06-25T21:57:40.3724860Z ./machine.h:177:20: note: expanded from macro 'NEQ'
2026-06-25T21:57:40.3743230Z #define NEQ(a,b) (!EQ(a,b))
2026-06-25T21:57:40.3747030Z                    ^
2026-06-25T21:57:40.3766130Z ./machine.h:170:12: note: expanded from macro 'EQ'
2026-06-25T21:57:40.3781300Z /bin/sh ../libtool  --tag=CC   --mode=compile /Applications/Xcode_15.4.app/Contents/Developer/Toolchains/XcodeDefault.xctoolchain/usr/bin/clang -DHAVE_CONFIG_H  -I. -I.. -I../include -I. -I../mpglib -I..  -arch arm64 -isysroot /Applications/Xcode_15.4.app/Contents/Developer/Platforms/iPhoneOS.platform/Developer/SDKs/iPhoneOS17.5.sdk -miphoneos-version-min=14.0 -I/Users/runner/work/LiteReplayd/LiteReplayd/build/prefix/include -fPIC -O2  -O3 -Wall -arch arm64 -isysroot /Applications/Xcode_15.4.app/Contents/Developer/Platforms/iPhoneOS.platform/Developer/SDKs/iPhoneOS17.5.sdk -miphoneos-version-min=14.0 -I/Users/runner/work/LiteReplayd/LiteReplayd/build/prefix/include -fPIC -O2 -fno-common -MT presets.lo -MD -MP -MF .deps/presets.Tpo -c -o presets.lo presets.c
2026-06-25T21:57:40.3783780Z (fabs(a) > fabs(b)) \
2026-06-25T21:57:40.3795610Z            ^
2026-06-25T21:57:40.3810150Z lame.c:1606:13: note: use function 'abs' instead
2026-06-25T21:57:40.3819220Z ./machine.h:177:20: note: expanded from macro 'NEQ'
2026-06-25T21:57:40.3829010Z #define NEQ(a,b) (!EQ(a,b))
2026-06-25T21:57:40.3837500Z                    ^
2026-06-25T21:57:40.3842240Z ./machine.h:170:12: note: expanded from macro 'EQ'
2026-06-25T21:57:40.3850620Z mv -f .deps/lame.Tpo .deps/lame.Plo
2026-06-25T21:57:40.3850960Z (fabs(a) > fabs(b)) \
2026-06-25T21:57:40.3854790Z            ^
2026-06-25T21:57:40.3858630Z lame.c:1606:13: warning: using floating point absolute value function 'fabs' when argument is of integer type [-Wabsolute-value]
2026-06-25T21:57:40.3861680Z         if (NEQ(RadioGain, GAIN_NOT_ENOUGH_SAMPLES)) {
2026-06-25T21:57:40.3867050Z             ^
2026-06-25T21:57:40.3870610Z ./machine.h:177:20: note: expanded from macro 'NEQ'
2026-06-25T21:57:40.3876150Z #define NEQ(a,b) (!EQ(a,b))
2026-06-25T21:57:40.3889250Z                    ^
2026-06-25T21:57:40.3907890Z ./machine.h:172:23: note: expanded from macro 'EQ'
2026-06-25T21:57:40.3911150Z  : (fabs((a)-(b)) <= (fabs(b) * 1e-6f)))
2026-06-25T21:57:40.3922000Z                       ^
2026-06-25T21:57:40.3925990Z lame.c:1606:13: note: use function 'abs' instead
2026-06-25T21:57:40.3941080Z ./machine.h:177:20: note: expanded from macro 'NEQ'
2026-06-25T21:57:40.3957320Z #define NEQ(a,b) (!EQ(a,b))
2026-06-25T21:57:40.3959600Z /bin/sh ../libtool  --tag=CC   --mode=compile /Applications/Xcode_15.4.app/Contents/Developer/Toolchains/XcodeDefault.xctoolchain/usr/bin/clang -DHAVE_CONFIG_H  -I. -I.. -I../include -I. -I../mpglib -I..  -arch arm64 -isysroot /Applications/Xcode_15.4.app/Contents/Developer/Platforms/iPhoneOS.platform/Developer/SDKs/iPhoneOS17.5.sdk -miphoneos-version-min=14.0 -I/Users/runner/work/LiteReplayd/LiteReplayd/build/prefix/include -fPIC -O2  -O3 -Wall -arch arm64 -isysroot /Applications/Xcode_15.4.app/Contents/Developer/Platforms/iPhoneOS.platform/Developer/SDKs/iPhoneOS17.5.sdk -miphoneos-version-min=14.0 -I/Users/runner/work/LiteReplayd/LiteReplayd/build/prefix/include -fPIC -O2 -fno-common -MT psymodel.lo -MD -MP -MF .deps/psymodel.Tpo -c -o psymodel.lo psymodel.c
2026-06-25T21:57:40.4005350Z                    ^
2026-06-25T21:57:40.4023650Z ./machine.h:172:23: note: expanded from macro 'EQ'
2026-06-25T21:57:40.4035360Z  : (fabs((a)-(b)) <= (fabs(b) * 1e-6f)))
2026-06-25T21:57:40.4064610Z                       ^
2026-06-25T21:57:40.4071280Z 4 warnings generated.
2026-06-25T21:57:40.4127470Z mv -f .deps/id3tag.Tpo .deps/id3tag.Plo
2026-06-25T21:57:40.4250160Z /bin/sh ../libtool  --tag=CC   --mode=compile /Applications/Xcode_15.4.app/Contents/Developer/Toolchains/XcodeDefault.xctoolchain/usr/bin/clang -DHAVE_CONFIG_H  -I. -I.. -I../include -I. -I../mpglib -I..  -arch arm64 -isysroot /Applications/Xcode_15.4.app/Contents/Developer/Platforms/iPhoneOS.platform/Developer/SDKs/iPhoneOS17.5.sdk -miphoneos-version-min=14.0 -I/Users/runner/work/LiteReplayd/LiteReplayd/build/prefix/include -fPIC -O2  -O3 -Wall -arch arm64 -isysroot /Applications/Xcode_15.4.app/Contents/Developer/Platforms/iPhoneOS.platform/Developer/SDKs/iPhoneOS17.5.sdk -miphoneos-version-min=14.0 -I/Users/runner/work/LiteReplayd/LiteReplayd/build/prefix/include -fPIC -O2 -fno-common -MT quantize.lo -MD -MP -MF .deps/quantize.Tpo -c -o quantize.lo quantize.c
2026-06-25T21:57:40.4318590Z libtool: compile:  /Applications/Xcode_15.4.app/Contents/Developer/Toolchains/XcodeDefault.xctoolchain/usr/bin/clang -DHAVE_CONFIG_H -I. -I.. -I../include -I. -I../mpglib -I.. -arch arm64 -isysroot /Applications/Xcode_15.4.app/Contents/Developer/Platforms/iPhoneOS.platform/Developer/SDKs/iPhoneOS17.5.sdk -miphoneos-version-min=14.0 -I/Users/runner/work/LiteReplayd/LiteReplayd/build/prefix/include -fPIC -O2 -O3 -Wall -arch arm64 -isysroot /Applications/Xcode_15.4.app/Contents/Developer/Platforms/iPhoneOS.platform/Developer/SDKs/iPhoneOS17.5.sdk -miphoneos-version-min=14.0 -I/Users/runner/work/LiteReplayd/LiteReplayd/build/prefix/include -fPIC -O2 -fno-common -MT presets.lo -MD -MP -MF .deps/presets.Tpo -c presets.c -o presets.o
2026-06-25T21:57:40.4505110Z libtool: compile:  /Applications/Xcode_15.4.app/Contents/Developer/Toolchains/XcodeDefault.xctoolchain/usr/bin/clang -DHAVE_CONFIG_H -I. -I.. -I../include -I. -I../mpglib -I.. -arch arm64 -isysroot /Applications/Xcode_15.4.app/Contents/Developer/Platforms/iPhoneOS.platform/Developer/SDKs/iPhoneOS17.5.sdk -miphoneos-version-min=14.0 -I/Users/runner/work/LiteReplayd/LiteReplayd/build/prefix/include -fPIC -O2 -O3 -Wall -arch arm64 -isysroot /Applications/Xcode_15.4.app/Contents/Developer/Platforms/iPhoneOS.platform/Developer/SDKs/iPhoneOS17.5.sdk -miphoneos-version-min=14.0 -I/Users/runner/work/LiteReplayd/LiteReplayd/build/prefix/include -fPIC -O2 -fno-common -MT psymodel.lo -MD -MP -MF .deps/psymodel.Tpo -c psymodel.c -o psymodel.o
2026-06-25T21:57:40.4636460Z presets.c:170:5: warning: using floating point absolute value function 'fabs' when argument is of integer type [-Wabsolute-value]
2026-06-25T21:57:40.4740170Z     SET_OPTION(quant_comp, set->quant_comp, -1);
2026-06-25T21:57:40.4786650Z     ^
2026-06-25T21:57:40.4788910Z libtool: compile:  /Applications/Xcode_15.4.app/Contents/Developer/Toolchains/XcodeDefault.xctoolchain/usr/bin/clang -DHAVE_CONFIG_H -I. -I.. -I../include -I. -I../mpglib -I.. -arch arm64 -isysroot /Applications/Xcode_15.4.app/Contents/Developer/Platforms/iPhoneOS.platform/Developer/SDKs/iPhoneOS17.5.sdk -miphoneos-version-min=14.0 -I/Users/runner/work/LiteReplayd/LiteReplayd/build/prefix/include -fPIC -O2 -O3 -Wall -arch arm64 -isysroot /Applications/Xcode_15.4.app/Contents/Developer/Platforms/iPhoneOS.platform/Developer/SDKs/iPhoneOS17.5.sdk -miphoneos-version-min=14.0 -I/Users/runner/work/LiteReplayd/LiteReplayd/build/prefix/include -fPIC -O2 -fno-common -MT quantize.lo -MD -MP -MF .deps/quantize.Tpo -c quantize.c -o quantize.o
2026-06-25T21:57:40.4831130Z presets.c:36:16: note: expanded from macro 'SET_OPTION'
2026-06-25T21:57:40.4842320Z     else if (!(fabs(lame_get_##opt(gfp) - def) > 0)) \
2026-06-25T21:57:40.4863550Z                ^
2026-06-25T21:57:40.4876860Z presets.c:170:5: note: use function 'abs' instead
2026-06-25T21:57:40.5028050Z presets.c:36:16: note: expanded from macro 'SET_OPTION'
2026-06-25T21:57:40.5028410Z mv -f .deps/presets.Tpo .deps/presets.Plo
2026-06-25T21:57:40.5163810Z     else if (!(fabs(lame_get_##opt(gfp) - def) > 0)) \
2026-06-25T21:57:40.5284800Z                ^
2026-06-25T21:57:40.5411550Z presets.c:171:5: warning: using floating point absolute value function 'fabs' when argument is of integer type [-Wabsolute-value]
2026-06-25T21:57:40.5516020Z     SET_OPTION(quant_comp_short, set->quant_comp_s, -1);
2026-06-25T21:57:40.5518400Z /bin/sh ../libtool  --tag=CC   --mode=compile /Applications/Xcode_15.4.app/Contents/Developer/Toolchains/XcodeDefault.xctoolchain/usr/bin/clang -DHAVE_CONFIG_H  -I. -I.. -I../include -I. -I../mpglib -I..  -arch arm64 -isysroot /Applications/Xcode_15.4.app/Contents/Developer/Platforms/iPhoneOS.platform/Developer/SDKs/iPhoneOS17.5.sdk -miphoneos-version-min=14.0 -I/Users/runner/work/LiteReplayd/LiteReplayd/build/prefix/include -fPIC -O2  -O3 -Wall -arch arm64 -isysroot /Applications/Xcode_15.4.app/Contents/Developer/Platforms/iPhoneOS.platform/Developer/SDKs/iPhoneOS17.5.sdk -miphoneos-version-min=14.0 -I/Users/runner/work/LiteReplayd/LiteReplayd/build/prefix/include -fPIC -O2 -fno-common -MT quantize_pvt.lo -MD -MP -MF .deps/quantize_pvt.Tpo -c -o quantize_pvt.lo quantize_pvt.c
2026-06-25T21:57:40.5621550Z     ^
2026-06-25T21:57:40.5722760Z presets.c:36:16: note: expanded from macro 'SET_OPTION'
2026-06-25T21:57:40.5823970Z     else if (!(fabs(lame_get_##opt(gfp) - def) > 0)) \
2026-06-25T21:57:40.5924880Z                ^
2026-06-25T21:57:40.6025820Z presets.c:171:5: note: use function 'abs' instead
2026-06-25T21:57:40.6127040Z presets.c:36:16: note: expanded from macro 'SET_OPTION'
2026-06-25T21:57:40.6129720Z libtool: compile:  /Applications/Xcode_15.4.app/Contents/Developer/Toolchains/XcodeDefault.xctoolchain/usr/bin/clang -DHAVE_CONFIG_H -I. -I.. -I../include -I. -I../mpglib -I.. -arch arm64 -isysroot /Applications/Xcode_15.4.app/Contents/Developer/Platforms/iPhoneOS.platform/Developer/SDKs/iPhoneOS17.5.sdk -miphoneos-version-min=14.0 -I/Users/runner/work/LiteReplayd/LiteReplayd/build/prefix/include -fPIC -O2 -O3 -Wall -arch arm64 -isysroot /Applications/Xcode_15.4.app/Contents/Developer/Platforms/iPhoneOS.platform/Developer/SDKs/iPhoneOS17.5.sdk -miphoneos-version-min=14.0 -I/Users/runner/work/LiteReplayd/LiteReplayd/build/prefix/include -fPIC -O2 -fno-common -MT quantize_pvt.lo -MD -MP -MF .deps/quantize_pvt.Tpo -c quantize_pvt.c -o quantize_pvt.o
2026-06-25T21:57:40.6232970Z     else if (!(fabs(lame_get_##opt(gfp) - def) > 0)) \
2026-06-25T21:57:40.6334250Z                ^
2026-06-25T21:57:40.6435520Z presets.c:284:5: warning: using floating point absolute value function 'fabs' when argument is of integer type [-Wabsolute-value]
2026-06-25T21:57:40.6536910Z     SET_OPTION(quant_comp, abr_switch_map[r].quant_comp, -1);
2026-06-25T21:57:40.6637960Z     ^
2026-06-25T21:57:40.6739380Z presets.c:36:16: note: expanded from macro 'SET_OPTION'
2026-06-25T21:57:40.6840570Z     else if (!(fabs(lame_get_##opt(gfp) - def) > 0)) \
2026-06-25T21:57:40.6941490Z                ^
2026-06-25T21:57:40.7042470Z presets.c:284:5: note: use function 'abs' instead
2026-06-25T21:57:40.7143600Z presets.c:36:16: note: expanded from macro 'SET_OPTION'
2026-06-25T21:57:40.7244700Z     else if (!(fabs(lame_get_##opt(gfp) - def) > 0)) \
2026-06-25T21:57:40.7346060Z                ^
2026-06-25T21:57:40.7447170Z presets.c:285:5: warning: using floating point absolute value function 'fabs' when argument is of integer type [-Wabsolute-value]
2026-06-25T21:57:40.7548380Z     SET_OPTION(quant_comp_short, abr_switch_map[r].quant_comp_s, -1);
2026-06-25T21:57:40.7649380Z     ^
2026-06-25T21:57:40.7750290Z presets.c:36:16: note: expanded from macro 'SET_OPTION'
2026-06-25T21:57:40.7750650Z mv -f .deps/quantize_pvt.Tpo .deps/quantize_pvt.Plo
2026-06-25T21:57:40.7851690Z     else if (!(fabs(lame_get_##opt(gfp) - def) > 0)) \
2026-06-25T21:57:40.7952580Z                ^
2026-06-25T21:57:40.7955270Z /bin/sh ../libtool  --tag=CC   --mode=compile /Applications/Xcode_15.4.app/Contents/Developer/Toolchains/XcodeDefault.xctoolchain/usr/bin/clang -DHAVE_CONFIG_H  -I. -I.. -I../include -I. -I../mpglib -I..  -arch arm64 -isysroot /Applications/Xcode_15.4.app/Contents/Developer/Platforms/iPhoneOS.platform/Developer/SDKs/iPhoneOS17.5.sdk -miphoneos-version-min=14.0 -I/Users/runner/work/LiteReplayd/LiteReplayd/build/prefix/include -fPIC -O2  -O3 -Wall -arch arm64 -isysroot /Applications/Xcode_15.4.app/Contents/Developer/Platforms/iPhoneOS.platform/Developer/SDKs/iPhoneOS17.5.sdk -miphoneos-version-min=14.0 -I/Users/runner/work/LiteReplayd/LiteReplayd/build/prefix/include -fPIC -O2 -fno-common -MT reservoir.lo -MD -MP -MF .deps/reservoir.Tpo -c -o reservoir.lo reservoir.c
2026-06-25T21:57:40.8061320Z presets.c:285:5: note: use function 'abs' instead
2026-06-25T21:57:40.8176450Z presets.c:36:16: note: expanded from macro 'SET_OPTION'
2026-06-25T21:57:40.8278520Z     else if (!(fabs(lame_get_##opt(gfp) - def) > 0)) \
2026-06-25T21:57:40.8379560Z                ^
2026-06-25T21:57:40.8380400Z mv -f .deps/quantize.Tpo .deps/quantize.Plo
2026-06-25T21:57:40.8482770Z 4 warnings generated.
2026-06-25T21:57:40.8516620Z psymodel.c:1413:25: warning: argument 'energy' of type 'FLOAT[4]' (aka 'float[4]') with mismatched bound [-Warray-parameter]
2026-06-25T21:57:40.8519440Z /bin/sh ../libtool  --tag=CC   --mode=compile /Applications/Xcode_15.4.app/Contents/Developer/Toolchains/XcodeDefault.xctoolchain/usr/bin/clang -DHAVE_CONFIG_H  -I. -I.. -I../include -I. -I../mpglib -I..  -arch arm64 -isysroot /Applications/Xcode_15.4.app/Contents/Developer/Platforms/iPhoneOS.platform/Developer/SDKs/iPhoneOS17.5.sdk -miphoneos-version-min=14.0 -I/Users/runner/work/LiteReplayd/LiteReplayd/build/prefix/include -fPIC -O2  -O3 -Wall -arch arm64 -isysroot /Applications/Xcode_15.4.app/Contents/Developer/Platforms/iPhoneOS.platform/Developer/SDKs/iPhoneOS17.5.sdk -miphoneos-version-min=14.0 -I/Users/runner/work/LiteReplayd/LiteReplayd/build/prefix/include -fPIC -O2 -fno-common -MT set_get.lo -MD -MP -MF .deps/set_get.Tpo -c -o set_get.lo set_get.c
2026-06-25T21:57:40.8564030Z                   FLOAT energy[4], int blocktype_d[2])
2026-06-25T21:57:40.8566310Z libtool: compile:  /Applications/Xcode_15.4.app/Contents/Developer/Toolchains/XcodeDefault.xctoolchain/usr/bin/clang -DHAVE_CONFIG_H -I. -I.. -I../include -I. -I../mpglib -I.. -arch arm64 -isysroot /Applications/Xcode_15.4.app/Contents/Developer/Platforms/iPhoneOS.platform/Developer/SDKs/iPhoneOS17.5.sdk -miphoneos-version-min=14.0 -I/Users/runner/work/LiteReplayd/LiteReplayd/build/prefix/include -fPIC -O2 -O3 -Wall -arch arm64 -isysroot /Applications/Xcode_15.4.app/Contents/Developer/Platforms/iPhoneOS.platform/Developer/SDKs/iPhoneOS17.5.sdk -miphoneos-version-min=14.0 -I/Users/runner/work/LiteReplayd/LiteReplayd/build/prefix/include -fPIC -O2 -fno-common -MT reservoir.lo -MD -MP -MF .deps/reservoir.Tpo -c reservoir.c -o reservoir.o
2026-06-25T21:57:40.8582360Z                         ^
2026-06-25T21:57:40.8607270Z ./psymodel.h:36:62: note: previously declared as 'FLOAT[2]' (aka 'float[2]') here
2026-06-25T21:57:40.8607640Z mv -f .deps/psymodel.Tpo .deps/psymodel.Plo
2026-06-25T21:57:40.8613380Z                           FLOAT pe[2], FLOAT pe_MS[2], FLOAT ener[2], int blocktype_d[2]);
2026-06-25T21:57:40.8632490Z                                                              ^
2026-06-25T21:57:40.8636760Z quantize_pvt.c:430:46: warning: argument 'pe' of type 'const FLOAT[][2]' (aka 'const float[][2]') with mismatched bound [-Warray-parameter]
2026-06-25T21:57:40.8638980Z on_pe(lame_internal_flags * gfc, const FLOAT pe[][2], int targ_bits[2], int mean_bits, int gr, int cbr)
2026-06-25T21:57:40.8653630Z                                              ^
2026-06-25T21:57:40.8657640Z ./quantize_pvt.h:84:54: note: previously declared as 'const FLOAT[2][2]' (aka 'const float[2][2]') here
2026-06-25T21:57:40.8661500Z int     on_pe(lame_internal_flags * gfc, const FLOAT pe[2][2],
2026-06-25T21:57:40.8664560Z                                                      ^
2026-06-25T21:57:40.8680410Z 1 warning generated.
2026-06-25T21:57:40.8682190Z 1 warning generated.
2026-06-25T21:57:40.8738970Z /bin/sh ../libtool  --tag=CC   --mode=compile /Applications/Xcode_15.4.app/Contents/Developer/Toolchains/XcodeDefault.xctoolchain/usr/bin/clang -DHAVE_CONFIG_H  -I. -I.. -I../include -I. -I../mpglib -I..  -arch arm64 -isysroot /Applications/Xcode_15.4.app/Contents/Developer/Platforms/iPhoneOS.platform/Developer/SDKs/iPhoneOS17.5.sdk -miphoneos-version-min=14.0 -I/Users/runner/work/LiteReplayd/LiteReplayd/build/prefix/include -fPIC -O2  -O3 -Wall -arch arm64 -isysroot /Applications/Xcode_15.4.app/Contents/Developer/Platforms/iPhoneOS.platform/Developer/SDKs/iPhoneOS17.5.sdk -miphoneos-version-min=14.0 -I/Users/runner/work/LiteReplayd/LiteReplayd/build/prefix/include -fPIC -O2 -fno-common -MT tables.lo -MD -MP -MF .deps/tables.Tpo -c -o tables.lo tables.c
2026-06-25T21:57:40.9040940Z mv -f .deps/reservoir.Tpo .deps/reservoir.Plo
2026-06-25T21:57:40.9046020Z libtool: compile:  /Applications/Xcode_15.4.app/Contents/Developer/Toolchains/XcodeDefault.xctoolchain/usr/bin/clang -DHAVE_CONFIG_H -I. -I.. -I../include -I. -I../mpglib -I.. -arch arm64 -isysroot /Applications/Xcode_15.4.app/Contents/Developer/Platforms/iPhoneOS.platform/Developer/SDKs/iPhoneOS17.5.sdk -miphoneos-version-min=14.0 -I/Users/runner/work/LiteReplayd/LiteReplayd/build/prefix/include -fPIC -O2 -O3 -Wall -arch arm64 -isysroot /Applications/Xcode_15.4.app/Contents/Developer/Platforms/iPhoneOS.platform/Developer/SDKs/iPhoneOS17.5.sdk -miphoneos-version-min=14.0 -I/Users/runner/work/LiteReplayd/LiteReplayd/build/prefix/include -fPIC -O2 -fno-common -MT set_get.lo -MD -MP -MF .deps/set_get.Tpo -c set_get.c -o set_get.o
2026-06-25T21:57:40.9167000Z /bin/sh ../libtool  --tag=CC   --mode=compile /Applications/Xcode_15.4.app/Contents/Developer/Toolchains/XcodeDefault.xctoolchain/usr/bin/clang -DHAVE_CONFIG_H  -I. -I.. -I../include -I. -I../mpglib -I..  -arch arm64 -isysroot /Applications/Xcode_15.4.app/Contents/Developer/Platforms/iPhoneOS.platform/Developer/SDKs/iPhoneOS17.5.sdk -miphoneos-version-min=14.0 -I/Users/runner/work/LiteReplayd/LiteReplayd/build/prefix/include -fPIC -O2  -O3 -Wall -arch arm64 -isysroot /Applications/Xcode_15.4.app/Contents/Developer/Platforms/iPhoneOS.platform/Developer/SDKs/iPhoneOS17.5.sdk -miphoneos-version-min=14.0 -I/Users/runner/work/LiteReplayd/LiteReplayd/build/prefix/include -fPIC -O2 -fno-common -MT takehiro.lo -MD -MP -MF .deps/takehiro.Tpo -c -o takehiro.lo takehiro.c
2026-06-25T21:57:40.9339800Z libtool: compile:  /Applications/Xcode_15.4.app/Contents/Developer/Toolchains/XcodeDefault.xctoolchain/usr/bin/clang -DHAVE_CONFIG_H -I. -I.. -I../include -I. -I../mpglib -I.. -arch arm64 -isysroot /Applications/Xcode_15.4.app/Contents/Developer/Platforms/iPhoneOS.platform/Developer/SDKs/iPhoneOS17.5.sdk -miphoneos-version-min=14.0 -I/Users/runner/work/LiteReplayd/LiteReplayd/build/prefix/include -fPIC -O2 -O3 -Wall -arch arm64 -isysroot /Applications/Xcode_15.4.app/Contents/Developer/Platforms/iPhoneOS.platform/Developer/SDKs/iPhoneOS17.5.sdk -miphoneos-version-min=14.0 -I/Users/runner/work/LiteReplayd/LiteReplayd/build/prefix/include -fPIC -O2 -fno-common -MT tables.lo -MD -MP -MF .deps/tables.Tpo -c tables.c -o tables.o
2026-06-25T21:57:40.9423420Z set_get.c:1726:72: warning: using floating point absolute value function 'fabs' when argument is of integer type [-Wabsolute-value]
2026-06-25T21:57:40.9525070Z         assert((0 <= gfp->interChRatio && gfp->interChRatio <= 1.0) || EQ(gfp->interChRatio, -1));
2026-06-25T21:57:40.9525470Z                                                                        ^
2026-06-25T21:57:40.9525740Z ./machine.h:170:12: note: expanded from macro 'EQ'
2026-06-25T21:57:40.9525970Z (fabs(a) > fabs(b)) \
2026-06-25T21:57:40.9526140Z            ^
2026-06-25T21:57:40.9526310Z set_get.c:1726:72: note: use function 'abs' instead
2026-06-25T21:57:40.9526560Z ./machine.h:170:12: note: expanded from macro 'EQ'
2026-06-25T21:57:40.9526780Z (fabs(a) > fabs(b)) \
2026-06-25T21:57:40.9526920Z            ^
2026-06-25T21:57:40.9527300Z set_get.c:1726:72: warning: using floating point absolute value function 'fabs' when argument is of integer type [-Wabsolute-value]
2026-06-25T21:57:40.9527960Z         assert((0 <= gfp->interChRatio && gfp->interChRatio <= 1.0) || EQ(gfp->interChRatio, -1));
2026-06-25T21:57:40.9528330Z                                                                        ^
2026-06-25T21:57:40.9528610Z ./machine.h:172:23: note: expanded from macro 'EQ'
2026-06-25T21:57:40.9528850Z  : (fabs((a)-(b)) <= (fabs(b) * 1e-6f)))
2026-06-25T21:57:40.9529040Z                       ^
2026-06-25T21:57:40.9529240Z set_get.c:1726:72: note: use function 'abs' instead
2026-06-25T21:57:40.9529500Z ./machine.h:172:23: note: expanded from macro 'EQ'
2026-06-25T21:57:40.9529730Z  : (fabs((a)-(b)) <= (fabs(b) * 1e-6f)))
2026-06-25T21:57:40.9529910Z                       ^
2026-06-25T21:57:40.9759700Z libtool: compile:  /Applications/Xcode_15.4.app/Contents/Developer/Toolchains/XcodeDefault.xctoolchain/usr/bin/clang -DHAVE_CONFIG_H -I. -I.. -I../include -I. -I../mpglib -I.. -arch arm64 -isysroot /Applications/Xcode_15.4.app/Contents/Developer/Platforms/iPhoneOS.platform/Developer/SDKs/iPhoneOS17.5.sdk -miphoneos-version-min=14.0 -I/Users/runner/work/LiteReplayd/LiteReplayd/build/prefix/include -fPIC -O2 -O3 -Wall -arch arm64 -isysroot /Applications/Xcode_15.4.app/Contents/Developer/Platforms/iPhoneOS.platform/Developer/SDKs/iPhoneOS17.5.sdk -miphoneos-version-min=14.0 -I/Users/runner/work/LiteReplayd/LiteReplayd/build/prefix/include -fPIC -O2 -fno-common -MT takehiro.lo -MD -MP -MF .deps/takehiro.Tpo -c takehiro.c -o takehiro.o
2026-06-25T21:57:40.9768190Z mv -f .deps/tables.Tpo .deps/tables.Plo
2026-06-25T21:57:40.9870360Z /bin/sh ../libtool  --tag=CC   --mode=compile /Applications/Xcode_15.4.app/Contents/Developer/Toolchains/XcodeDefault.xctoolchain/usr/bin/clang -DHAVE_CONFIG_H  -I. -I.. -I../include -I. -I../mpglib -I..  -arch arm64 -isysroot /Applications/Xcode_15.4.app/Contents/Developer/Platforms/iPhoneOS.platform/Developer/SDKs/iPhoneOS17.5.sdk -miphoneos-version-min=14.0 -I/Users/runner/work/LiteReplayd/LiteReplayd/build/prefix/include -fPIC -O2  -O3 -Wall -arch arm64 -isysroot /Applications/Xcode_15.4.app/Contents/Developer/Platforms/iPhoneOS.platform/Developer/SDKs/iPhoneOS17.5.sdk -miphoneos-version-min=14.0 -I/Users/runner/work/LiteReplayd/LiteReplayd/build/prefix/include -fPIC -O2 -fno-common -MT util.lo -MD -MP -MF .deps/util.Tpo -c -o util.lo util.c
2026-06-25T21:57:41.0192250Z 2 warnings generated.
2026-06-25T21:57:41.0226930Z mv -f .deps/set_get.Tpo .deps/set_get.Plo
2026-06-25T21:57:41.0254230Z /bin/sh ../libtool  --tag=CC   --mode=compile /Applications/Xcode_15.4.app/Contents/Developer/Toolchains/XcodeDefault.xctoolchain/usr/bin/clang -DHAVE_CONFIG_H  -I. -I.. -I../include -I. -I../mpglib -I..  -arch arm64 -isysroot /Applications/Xcode_15.4.app/Contents/Developer/Platforms/iPhoneOS.platform/Developer/SDKs/iPhoneOS17.5.sdk -miphoneos-version-min=14.0 -I/Users/runner/work/LiteReplayd/LiteReplayd/build/prefix/include -fPIC -O2  -O3 -Wall -arch arm64 -isysroot /Applications/Xcode_15.4.app/Contents/Developer/Platforms/iPhoneOS.platform/Developer/SDKs/iPhoneOS17.5.sdk -miphoneos-version-min=14.0 -I/Users/runner/work/LiteReplayd/LiteReplayd/build/prefix/include -fPIC -O2 -fno-common -MT vbrquantize.lo -MD -MP -MF .deps/vbrquantize.Tpo -c -o vbrquantize.lo vbrquantize.c
2026-06-25T21:57:41.0281500Z libtool: compile:  /Applications/Xcode_15.4.app/Contents/Developer/Toolchains/XcodeDefault.xctoolchain/usr/bin/clang -DHAVE_CONFIG_H -I. -I.. -I../include -I. -I../mpglib -I.. -arch arm64 -isysroot /Applications/Xcode_15.4.app/Contents/Developer/Platforms/iPhoneOS.platform/Developer/SDKs/iPhoneOS17.5.sdk -miphoneos-version-min=14.0 -I/Users/runner/work/LiteReplayd/LiteReplayd/build/prefix/include -fPIC -O2 -O3 -Wall -arch arm64 -isysroot /Applications/Xcode_15.4.app/Contents/Developer/Platforms/iPhoneOS.platform/Developer/SDKs/iPhoneOS17.5.sdk -miphoneos-version-min=14.0 -I/Users/runner/work/LiteReplayd/LiteReplayd/build/prefix/include -fPIC -O2 -fno-common -MT util.lo -MD -MP -MF .deps/util.Tpo -c util.c -o util.o
2026-06-25T21:57:41.0670590Z libtool: compile:  /Applications/Xcode_15.4.app/Contents/Developer/Toolchains/XcodeDefault.xctoolchain/usr/bin/clang -DHAVE_CONFIG_H -I. -I.. -I../include -I. -I../mpglib -I.. -arch arm64 -isysroot /Applications/Xcode_15.4.app/Contents/Developer/Platforms/iPhoneOS.platform/Developer/SDKs/iPhoneOS17.5.sdk -miphoneos-version-min=14.0 -I/Users/runner/work/LiteReplayd/LiteReplayd/build/prefix/include -fPIC -O2 -O3 -Wall -arch arm64 -isysroot /Applications/Xcode_15.4.app/Contents/Developer/Platforms/iPhoneOS.platform/Developer/SDKs/iPhoneOS17.5.sdk -miphoneos-version-min=14.0 -I/Users/runner/work/LiteReplayd/LiteReplayd/build/prefix/include -fPIC -O2 -fno-common -MT vbrquantize.lo -MD -MP -MF .deps/vbrquantize.Tpo -c vbrquantize.c -o vbrquantize.o
2026-06-25T21:57:41.1045200Z vbrquantize.c:108:18: warning: unused variable 'MAGIC_INT' [-Wunused-const-variable]
2026-06-25T21:57:41.1090000Z static int const MAGIC_INT = MAGIC_INT_def;
2026-06-25T21:57:41.1097400Z                  ^
2026-06-25T21:57:41.1113280Z vbrquantize.c:110:22: warning: unused variable 'ROUNDFAC' [-Wunused-const-variable]
2026-06-25T21:57:41.1116760Z static DOUBLEX const ROUNDFAC = ROUNDFAC_def;
2026-06-25T21:57:41.1131400Z                      ^
2026-06-25T21:57:41.1131650Z mv -f .deps/util.Tpo .deps/util.Plo
2026-06-25T21:57:41.1133020Z vbrquantize.c:112:22: warning: unused variable 'MAGIC_FLOAT' [-Wunused-const-variable]
2026-06-25T21:57:41.1134210Z static DOUBLEX const MAGIC_FLOAT = MAGIC_FLOAT_def;
2026-06-25T21:57:41.1135180Z                      ^
2026-06-25T21:57:41.1155530Z /bin/sh ../libtool  --tag=CC   --mode=compile /Applications/Xcode_15.4.app/Contents/Developer/Toolchains/XcodeDefault.xctoolchain/usr/bin/clang -DHAVE_CONFIG_H  -I. -I.. -I../include -I. -I../mpglib -I..  -arch arm64 -isysroot /Applications/Xcode_15.4.app/Contents/Developer/Platforms/iPhoneOS.platform/Developer/SDKs/iPhoneOS17.5.sdk -miphoneos-version-min=14.0 -I/Users/runner/work/LiteReplayd/LiteReplayd/build/prefix/include -fPIC -O2  -O3 -Wall -arch arm64 -isysroot /Applications/Xcode_15.4.app/Contents/Developer/Platforms/iPhoneOS.platform/Developer/SDKs/iPhoneOS17.5.sdk -miphoneos-version-min=14.0 -I/Users/runner/work/LiteReplayd/LiteReplayd/build/prefix/include -fPIC -O2 -fno-common -MT version.lo -MD -MP -MF .deps/version.Tpo -c -o version.lo version.c
2026-06-25T21:57:41.1486660Z mv -f .deps/takehiro.Tpo .deps/takehiro.Plo
2026-06-25T21:57:41.1507710Z /bin/sh ../libtool  --tag=CC   --mode=compile /Applications/Xcode_15.4.app/Contents/Developer/Toolchains/XcodeDefault.xctoolchain/usr/bin/clang -DHAVE_CONFIG_H  -I. -I.. -I../include -I. -I../mpglib -I..  -arch arm64 -isysroot /Applications/Xcode_15.4.app/Contents/Developer/Platforms/iPhoneOS.platform/Developer/SDKs/iPhoneOS17.5.sdk -miphoneos-version-min=14.0 -I/Users/runner/work/LiteReplayd/LiteReplayd/build/prefix/include -fPIC -O2  -O3 -Wall -arch arm64 -isysroot /Applications/Xcode_15.4.app/Contents/Developer/Platforms/iPhoneOS.platform/Developer/SDKs/iPhoneOS17.5.sdk -miphoneos-version-min=14.0 -I/Users/runner/work/LiteReplayd/LiteReplayd/build/prefix/include -fPIC -O2 -fno-common -MT mpglib_interface.lo -MD -MP -MF .deps/mpglib_interface.Tpo -c -o mpglib_interface.lo mpglib_interface.c
2026-06-25T21:57:41.1617070Z libtool: compile:  /Applications/Xcode_15.4.app/Contents/Developer/Toolchains/XcodeDefault.xctoolchain/usr/bin/clang -DHAVE_CONFIG_H -I. -I.. -I../include -I. -I../mpglib -I.. -arch arm64 -isysroot /Applications/Xcode_15.4.app/Contents/Developer/Platforms/iPhoneOS.platform/Developer/SDKs/iPhoneOS17.5.sdk -miphoneos-version-min=14.0 -I/Users/runner/work/LiteReplayd/LiteReplayd/build/prefix/include -fPIC -O2 -O3 -Wall -arch arm64 -isysroot /Applications/Xcode_15.4.app/Contents/Developer/Platforms/iPhoneOS.platform/Developer/SDKs/iPhoneOS17.5.sdk -miphoneos-version-min=14.0 -I/Users/runner/work/LiteReplayd/LiteReplayd/build/prefix/include -fPIC -O2 -fno-common -MT version.lo -MD -MP -MF .deps/version.Tpo -c version.c -o version.o
2026-06-25T21:57:41.1956580Z libtool: compile:  /Applications/Xcode_15.4.app/Contents/Developer/Toolchains/XcodeDefault.xctoolchain/usr/bin/clang -DHAVE_CONFIG_H -I. -I.. -I../include -I. -I../mpglib -I.. -arch arm64 -isysroot /Applications/Xcode_15.4.app/Contents/Developer/Platforms/iPhoneOS.platform/Developer/SDKs/iPhoneOS17.5.sdk -miphoneos-version-min=14.0 -I/Users/runner/work/LiteReplayd/LiteReplayd/build/prefix/include -fPIC -O2 -O3 -Wall -arch arm64 -isysroot /Applications/Xcode_15.4.app/Contents/Developer/Platforms/iPhoneOS.platform/Developer/SDKs/iPhoneOS17.5.sdk -miphoneos-version-min=14.0 -I/Users/runner/work/LiteReplayd/LiteReplayd/build/prefix/include -fPIC -O2 -fno-common -MT mpglib_interface.lo -MD -MP -MF .deps/mpglib_interface.Tpo -c mpglib_interface.c -o mpglib_interface.o
2026-06-25T21:57:41.1959040Z mv -f .deps/version.Tpo .deps/version.Plo
2026-06-25T21:57:41.2539530Z 3 warnings generated.
2026-06-25T21:57:41.2590570Z mv -f .deps/mpglib_interface.Tpo .deps/mpglib_interface.Plo
2026-06-25T21:57:41.2599470Z mv -f .deps/vbrquantize.Tpo .deps/vbrquantize.Plo
2026-06-25T21:57:41.2617990Z /bin/sh ../libtool  --tag=CC   --mode=link /Applications/Xcode_15.4.app/Contents/Developer/Toolchains/XcodeDefault.xctoolchain/usr/bin/clang  -O3 -Wall -arch arm64 -isysroot /Applications/Xcode_15.4.app/Contents/Developer/Platforms/iPhoneOS.platform/Developer/SDKs/iPhoneOS17.5.sdk -miphoneos-version-min=14.0 -I/Users/runner/work/LiteReplayd/LiteReplayd/build/prefix/include -fPIC -O2 -fno-common -version-info 0:0 -export-symbols ../include/libmp3lame.sym -no-undefined -arch arm64 -isysroot /Applications/Xcode_15.4.app/Contents/Developer/Platforms/iPhoneOS.platform/Developer/SDKs/iPhoneOS17.5.sdk -miphoneos-version-min=14.0 -L/Users/runner/work/LiteReplayd/LiteReplayd/build/prefix/lib -o libmp3lame.la -rpath /Users/runner/work/LiteReplayd/LiteReplayd/build/prefix/lib VbrTag.lo bitstream.lo encoder.lo fft.lo gain_analysis.lo id3tag.lo lame.lo newmdct.lo presets.lo psymodel.lo quantize.lo quantize_pvt.lo reservoir.lo set_get.lo tables.lo takehiro.lo util.lo vbrquantize.lo version.lo mpglib_interface.lo   ../mpglib/libmpgdecoder.la -lm 
2026-06-25T21:57:42.0817100Z libtool: link: (cd .libs/libmp3lame.lax/libmpgdecoder.a && /Applications/Xcode_15.4.app/Contents/Developer/Toolchains/XcodeDefault.xctoolchain/usr/bin/ar x "/Users/runner/work/LiteReplayd/LiteReplayd/build/src/lame/libmp3lame/../mpglib/.libs/libmpgdecoder.a")
2026-06-25T21:57:42.0955240Z libtool: link: /Applications/Xcode_15.4.app/Contents/Developer/Toolchains/XcodeDefault.xctoolchain/usr/bin/ar cru .libs/libmp3lame.a  VbrTag.o bitstream.o encoder.o fft.o gain_analysis.o id3tag.o lame.o newmdct.o presets.o psymodel.o quantize.o quantize_pvt.o reservoir.o set_get.o tables.o takehiro.o util.o vbrquantize.o version.o mpglib_interface.o  .libs/libmp3lame.lax/libmpgdecoder.a/common.o .libs/libmp3lame.lax/libmpgdecoder.a/dct64_i386.o .libs/libmp3lame.lax/libmpgdecoder.a/decode_i386.o .libs/libmp3lame.lax/libmpgdecoder.a/interface.o .libs/libmp3lame.lax/libmpgdecoder.a/layer1.o .libs/libmp3lame.lax/libmpgdecoder.a/layer2.o .libs/libmp3lame.lax/libmpgdecoder.a/layer3.o .libs/libmp3lame.lax/libmpgdecoder.a/tabinit.o 
2026-06-25T21:57:42.1024320Z libtool: link: /Applications/Xcode_15.4.app/Contents/Developer/Toolchains/XcodeDefault.xctoolchain/usr/bin/ranlib .libs/libmp3lame.a
2026-06-25T21:57:42.1343260Z libtool: link: rm -fr .libs/libmp3lame.lax
2026-06-25T21:57:42.1433310Z libtool: link: ( cd ".libs" && rm -f "libmp3lame.la" && ln -s "../libmp3lame.la" "libmp3lame.la" )
2026-06-25T21:57:42.1464750Z Making all in frontend
2026-06-25T21:57:42.1493190Z make[2]: Nothing to be done for `all'.
2026-06-25T21:57:42.1495200Z Making all in Dll
2026-06-25T21:57:42.1518620Z make[2]: Nothing to be done for `all'.
2026-06-25T21:57:42.1520740Z Making all in doc
2026-06-25T21:57:42.1593620Z Making all in html
2026-06-25T21:57:42.1617340Z make[3]: Nothing to be done for `all'.
2026-06-25T21:57:42.1619930Z Making all in man
2026-06-25T21:57:42.1644390Z make[3]: Nothing to be done for `all'.
2026-06-25T21:57:42.1666240Z make[3]: Nothing to be done for `all-am'.
2026-06-25T21:57:42.1671530Z Making all in include
2026-06-25T21:57:42.1693320Z make[2]: Nothing to be done for `all'.
2026-06-25T21:57:42.1695170Z Making all in misc
2026-06-25T21:57:42.1718320Z make[2]: Nothing to be done for `all'.
2026-06-25T21:57:42.1719990Z Making all in dshow
2026-06-25T21:57:42.1740260Z make[2]: Nothing to be done for `all'.
2026-06-25T21:57:42.1742020Z Making all in ACM
2026-06-25T21:57:42.1803190Z Making all in ADbg
2026-06-25T21:57:42.1823670Z make[3]: Nothing to be done for `all'.
2026-06-25T21:57:42.1825360Z Making all in ddk
2026-06-25T21:57:42.1846900Z make[3]: Nothing to be done for `all'.
2026-06-25T21:57:42.1849260Z Making all in tinyxml
2026-06-25T21:57:42.1871760Z make[3]: Nothing to be done for `all'.
2026-06-25T21:57:42.1892230Z make[3]: Nothing to be done for `all-am'.
2026-06-25T21:57:42.1897250Z Making all in mac
2026-06-25T21:57:42.1917780Z make[2]: Nothing to be done for `all'.
2026-06-25T21:57:42.1919630Z Making all in macosx
2026-06-25T21:57:42.1980630Z Making all in English.lproj
2026-06-25T21:57:42.2000540Z make[3]: Nothing to be done for `all'.
2026-06-25T21:57:42.2002290Z Making all in LAME.xcodeproj
2026-06-25T21:57:42.2023050Z make[3]: Nothing to be done for `all'.
2026-06-25T21:57:42.2043490Z make[3]: Nothing to be done for `all-am'.
2026-06-25T21:57:42.2048430Z Making all in vc_solution
2026-06-25T21:57:42.2068950Z make[2]: Nothing to be done for `all'.
2026-06-25T21:57:42.2090680Z make[2]: Nothing to be done for `all-am'.
2026-06-25T21:57:42.2190320Z Making install in mpglib
2026-06-25T21:57:42.2355270Z make[2]: Nothing to be done for `install-exec-am'.
2026-06-25T21:57:42.2356320Z make[2]: Nothing to be done for `install-data-am'.
2026-06-25T21:57:42.2358610Z Making install in libmp3lame
2026-06-25T21:57:42.2514700Z Making install in i386
2026-06-25T21:57:42.2555560Z make[3]: Nothing to be done for `install-exec-am'.
2026-06-25T21:57:42.2556660Z make[3]: Nothing to be done for `install-data-am'.
2026-06-25T21:57:42.2557850Z Making install in vector
2026-06-25T21:57:42.2597960Z make[3]: Nothing to be done for `install-exec-am'.
2026-06-25T21:57:42.2598250Z make[3]: Nothing to be done for `install-data-am'.
2026-06-25T21:57:42.2984070Z  /opt/homebrew/bin/gmkdir -p '/Users/runner/work/LiteReplayd/LiteReplayd/build/prefix/lib'
2026-06-25T21:57:42.2999800Z  /bin/sh ../libtool   --mode=install /opt/homebrew/bin/ginstall -c   libmp3lame.la '/Users/runner/work/LiteReplayd/LiteReplayd/build/prefix/lib'
2026-06-25T21:57:42.3166460Z libtool: install: /opt/homebrew/bin/ginstall -c .libs/libmp3lame.lai /Users/runner/work/LiteReplayd/LiteReplayd/build/prefix/lib/libmp3lame.la
2026-06-25T21:57:42.3187890Z libtool: install: /opt/homebrew/bin/ginstall -c .libs/libmp3lame.a /Users/runner/work/LiteReplayd/LiteReplayd/build/prefix/lib/libmp3lame.a
2026-06-25T21:57:42.3210250Z libtool: install: chmod 644 /Users/runner/work/LiteReplayd/LiteReplayd/build/prefix/lib/libmp3lame.a
2026-06-25T21:57:42.3224620Z libtool: install: /Applications/Xcode_15.4.app/Contents/Developer/Toolchains/XcodeDefault.xctoolchain/usr/bin/ranlib /Users/runner/work/LiteReplayd/LiteReplayd/build/prefix/lib/libmp3lame.a
2026-06-25T21:57:42.3437950Z make[3]: Nothing to be done for `install-data-am'.
2026-06-25T21:57:42.3445510Z Making install in frontend
2026-06-25T21:57:42.3552160Z make[2]: Nothing to be done for `install-data-am'.
2026-06-25T21:57:42.3556190Z Making install in Dll
2026-06-25T21:57:42.3594120Z make[2]: Nothing to be done for `install-exec-am'.
2026-06-25T21:57:42.3594410Z make[2]: Nothing to be done for `install-data-am'.
2026-06-25T21:57:42.3597330Z Making install in doc
2026-06-25T21:57:42.3661290Z Making install in html
2026-06-25T21:57:42.3699970Z make[3]: Nothing to be done for `install-exec-am'.
2026-06-25T21:57:42.3718840Z  /opt/homebrew/bin/gmkdir -p '/Users/runner/work/LiteReplayd/LiteReplayd/build/prefix/share/doc/lame/html'
2026-06-25T21:57:42.3754350Z  /opt/homebrew/bin/ginstall -c -m 644 about.html abr.html cbr.html contact.html contributors.html detailed.html history.html index.html introduction.html links.html list.html ms_stereo.html usage.html vbr.html '/Users/runner/work/LiteReplayd/LiteReplayd/build/prefix/share/doc/lame/html'
2026-06-25T21:57:42.3795070Z Making install in man
2026-06-25T21:57:42.3842860Z make[3]: Nothing to be done for `install-exec-am'.
2026-06-25T21:57:42.3870570Z  /opt/homebrew/bin/gmkdir -p '/Users/runner/work/LiteReplayd/LiteReplayd/build/prefix/share/man/man1'
2026-06-25T21:57:42.3928330Z  /opt/homebrew/bin/ginstall -c -m 644 lame.1 '/Users/runner/work/LiteReplayd/LiteReplayd/build/prefix/share/man/man1'
2026-06-25T21:57:42.3991610Z make[3]: Nothing to be done for `install-exec-am'.
2026-06-25T21:57:42.3991920Z make[3]: Nothing to be done for `install-data-am'.
2026-06-25T21:57:42.3998010Z Making install in include
2026-06-25T21:57:42.4040440Z make[2]: Nothing to be done for `install-exec-am'.
2026-06-25T21:57:42.4058410Z  /opt/homebrew/bin/gmkdir -p '/Users/runner/work/LiteReplayd/LiteReplayd/build/prefix/include/lame'
2026-06-25T21:57:42.4092140Z  /opt/homebrew/bin/ginstall -c -m 644 lame.h '/Users/runner/work/LiteReplayd/LiteReplayd/build/prefix/include/lame'
2026-06-25T21:57:42.4116940Z Making install in misc
2026-06-25T21:57:42.4158380Z make[2]: Nothing to be done for `install-exec-am'.
2026-06-25T21:57:42.4158770Z make[2]: Nothing to be done for `install-data-am'.
2026-06-25T21:57:42.4161580Z Making install in dshow
2026-06-25T21:57:42.4211670Z make[2]: Nothing to be done for `install-exec-am'.
2026-06-25T21:57:42.4214100Z make[2]: Nothing to be done for `install-data-am'.
2026-06-25T21:57:42.4216480Z Making install in ACM
2026-06-25T21:57:42.4288850Z Making install in ADbg
2026-06-25T21:57:42.4328340Z make[3]: Nothing to be done for `install-exec-am'.
2026-06-25T21:57:42.4328640Z make[3]: Nothing to be done for `install-data-am'.
2026-06-25T21:57:42.4331520Z Making install in ddk
2026-06-25T21:57:42.4372020Z make[3]: Nothing to be done for `install-exec-am'.
2026-06-25T21:57:42.4372320Z make[3]: Nothing to be done for `install-data-am'.
2026-06-25T21:57:42.4375550Z Making install in tinyxml
2026-06-25T21:57:42.4416550Z make[3]: Nothing to be done for `install-exec-am'.
2026-06-25T21:57:42.4416850Z make[3]: Nothing to be done for `install-data-am'.
2026-06-25T21:57:42.4457970Z make[3]: Nothing to be done for `install-exec-am'.
2026-06-25T21:57:42.4458270Z make[3]: Nothing to be done for `install-data-am'.
2026-06-25T21:57:42.4464170Z Making install in mac
2026-06-25T21:57:42.4504340Z make[2]: Nothing to be done for `install-exec-am'.
2026-06-25T21:57:42.4504640Z make[2]: Nothing to be done for `install-data-am'.
2026-06-25T21:57:42.4507870Z Making install in macosx
2026-06-25T21:57:42.4579170Z Making install in English.lproj
2026-06-25T21:57:42.4630250Z make[3]: Nothing to be done for `install-exec-am'.
2026-06-25T21:57:42.4630680Z make[3]: Nothing to be done for `install-data-am'.
2026-06-25T21:57:42.4633500Z Making install in LAME.xcodeproj
2026-06-25T21:57:42.4699270Z make[3]: Nothing to be done for `install-exec-am'.
2026-06-25T21:57:42.4699840Z make[3]: Nothing to be done for `install-data-am'.
2026-06-25T21:57:42.4745100Z make[3]: Nothing to be done for `install-exec-am'.
2026-06-25T21:57:42.4745420Z make[3]: Nothing to be done for `install-data-am'.
2026-06-25T21:57:42.4751520Z Making install in vc_solution
2026-06-25T21:57:42.4792890Z make[2]: Nothing to be done for `install-exec-am'.
2026-06-25T21:57:42.4793240Z make[2]: Nothing to be done for `install-data-am'.
2026-06-25T21:57:42.4835730Z make[2]: Nothing to be done for `install-exec-am'.
2026-06-25T21:57:42.4836020Z make[2]: Nothing to be done for `install-data-am'.
2026-06-25T21:57:42.4840700Z ==> fdk-aac
2026-06-25T21:57:42.4876340Z Cloning into '/Users/runner/work/LiteReplayd/LiteReplayd/build/src/fdk-aac'...
2026-06-25T21:57:43.5616730Z autoreconf: export WARNINGS=
2026-06-25T21:57:43.5716940Z autoreconf: Entering directory '.'
2026-06-25T21:57:43.5817410Z autoreconf: configure.ac: no obvious need to run autopoint
2026-06-25T21:57:44.5894740Z autoreconf: running: aclocal --force -I m4
2026-06-25T21:57:45.2372540Z autoreconf: configure.ac: tracing
2026-06-25T21:57:45.4769160Z autoreconf: running: glibtoolize --copy --force
2026-06-25T21:57:45.6084440Z glibtoolize: putting auxiliary files in AC_CONFIG_AUX_DIR, '.'.
2026-06-25T21:57:45.6084790Z glibtoolize: copying file './ltmain.sh'
2026-06-25T21:57:45.6502940Z glibtoolize: putting macros in AC_CONFIG_MACRO_DIRS, 'm4'.
2026-06-25T21:57:45.6503300Z glibtoolize: copying file 'm4/libtool.m4'
2026-06-25T21:57:45.6602920Z glibtoolize: copying file 'm4/ltoptions.m4'
2026-06-25T21:57:45.6702510Z glibtoolize: copying file 'm4/ltsugar.m4'
2026-06-25T21:57:45.6801490Z glibtoolize: copying file 'm4/ltversion.m4'
2026-06-25T21:57:45.6900360Z glibtoolize: copying file 'm4/lt~obsolete.m4'
2026-06-25T21:57:45.7074830Z autoreconf: configure.ac: not using Intltool
2026-06-25T21:57:45.7075120Z autoreconf: configure.ac: not using Gtkdoc
2026-06-25T21:57:45.7075420Z autoreconf: configure.ac: no need to run autopoint (confirmed)
2026-06-25T21:57:45.7075720Z autoreconf: running: aclocal --force -I m4
2026-06-25T21:57:46.3035740Z autoreconf: running: /opt/homebrew/Cellar/autoconf/2.73/bin/autoconf --force
2026-06-25T21:57:46.6094170Z autoreconf: configure.ac: not running autoheader: no config headers
2026-06-25T21:57:46.6094630Z autoreconf: running: automake --add-missing --copy --force-missing
2026-06-25T21:57:46.8936180Z configure.ac:20: installing './compile'
2026-06-25T21:57:46.8961810Z configure.ac:22: installing './config.guess'
2026-06-25T21:57:46.8984660Z configure.ac:22: installing './config.sub'
2026-06-25T21:57:46.9005440Z configure.ac:7: installing './install-sh'
2026-06-25T21:57:46.9028310Z configure.ac:7: installing './missing'
2026-06-25T21:57:46.9208150Z Makefile.am: installing './depcomp'
2026-06-25T21:57:46.9432600Z autoreconf: './config.sub' is updated
2026-06-25T21:57:46.9443130Z autoreconf: './config.guess' is updated
2026-06-25T21:57:46.9443450Z autoreconf: configure.ac: not running make: --make not given
2026-06-25T21:57:46.9443730Z autoreconf: Leaving directory '.'
2026-06-25T21:57:47.0315670Z checking for a BSD-compatible install... /opt/homebrew/bin/ginstall -c
2026-06-25T21:57:47.0442900Z checking whether sleep supports fractional seconds... yes
2026-06-25T21:57:47.9255870Z checking filesystem timestamp resolution... 2
2026-06-25T21:57:47.9298520Z checking whether build environment is sane... yes
2026-06-25T21:57:47.9359520Z checking for aarch64-apple-darwin-strip... /Applications/Xcode_15.4.app/Contents/Developer/Toolchains/XcodeDefault.xctoolchain/usr/bin/strip
2026-06-25T21:57:47.9384290Z checking for a race-free mkdir -p... /opt/homebrew/bin/gmkdir -p
2026-06-25T21:57:47.9387710Z checking for gawk... no
2026-06-25T21:57:47.9390460Z checking for mawk... no
2026-06-25T21:57:47.9393100Z checking for nawk... no
2026-06-25T21:57:47.9395870Z checking for awk... awk
2026-06-25T21:57:47.9521650Z checking whether make sets $(MAKE)... yes
2026-06-25T21:57:47.9627130Z checking whether make supports nested variables... yes
2026-06-25T21:57:47.9714110Z checking xargs -n works... yes
2026-06-25T21:57:47.9763240Z checking whether UID '501' is supported by ustar format... yes
2026-06-25T21:57:47.9763600Z checking whether GID '20' is supported by ustar format... yes
2026-06-25T21:57:47.9952080Z checking how to create a ustar tar archive... gnutar
2026-06-25T21:57:47.9953430Z checking for aarch64-apple-darwin-gcc... /Applications/Xcode_15.4.app/Contents/Developer/Toolchains/XcodeDefault.xctoolchain/usr/bin/clang
2026-06-25T21:57:48.1372230Z checking whether the C compiler works... yes
2026-06-25T21:57:48.1372730Z checking for C compiler default output file name... a.out
2026-06-25T21:57:48.1742040Z checking for suffix of executables... 
2026-06-25T21:57:48.2175770Z checking whether we are cross compiling... yes
2026-06-25T21:57:48.2423570Z checking for suffix of object files... o
2026-06-25T21:57:48.2630360Z checking whether the compiler supports GNU C... yes
2026-06-25T21:57:48.2840500Z checking whether /Applications/Xcode_15.4.app/Contents/Developer/Toolchains/XcodeDefault.xctoolchain/usr/bin/clang accepts -g... yes
2026-06-25T21:57:48.3395180Z checking for /Applications/Xcode_15.4.app/Contents/Developer/Toolchains/XcodeDefault.xctoolchain/usr/bin/clang option to enable C23 features... unsupported
2026-06-25T21:57:48.3800350Z checking for /Applications/Xcode_15.4.app/Contents/Developer/Toolchains/XcodeDefault.xctoolchain/usr/bin/clang option to enable C11 features... none needed
2026-06-25T21:57:48.4149480Z checking whether /Applications/Xcode_15.4.app/Contents/Developer/Toolchains/XcodeDefault.xctoolchain/usr/bin/clang understands -c and -o together... yes
2026-06-25T21:57:48.4287120Z checking whether make supports the include directive... yes (GNU style)
2026-06-25T21:57:48.4710430Z checking dependency style of /Applications/Xcode_15.4.app/Contents/Developer/Toolchains/XcodeDefault.xctoolchain/usr/bin/clang... gcc3
2026-06-25T21:57:48.5704750Z checking whether the compiler supports GNU C++... yes
2026-06-25T21:57:48.5920240Z checking whether /Applications/Xcode_15.4.app/Contents/Developer/Toolchains/XcodeDefault.xctoolchain/usr/bin/clang++ accepts -g... yes
2026-06-25T21:57:48.6350030Z checking dependency style of /Applications/Xcode_15.4.app/Contents/Developer/Toolchains/XcodeDefault.xctoolchain/usr/bin/clang++... gcc3
2026-06-25T21:57:48.6663840Z checking build system type... aarch64-apple-darwin23.6.0
2026-06-25T21:57:48.6723400Z checking host system type... aarch64-apple-darwin
2026-06-25T21:57:48.6738030Z checking how to print strings... printf
2026-06-25T21:57:48.8016100Z checking for a sed that does not truncate output... /usr/bin/sed
2026-06-25T21:57:48.8053740Z checking for grep that handles long lines and -e... /usr/bin/grep
2026-06-25T21:57:48.8069170Z checking for egrep... /usr/bin/grep -E
2026-06-25T21:57:48.8084360Z checking for fgrep... /usr/bin/grep -F
2026-06-25T21:57:48.8198380Z checking for ld used by /Applications/Xcode_15.4.app/Contents/Developer/Toolchains/XcodeDefault.xctoolchain/usr/bin/clang... /Applications/Xcode_15.4.app/Contents/Developer/Toolchains/XcodeDefault.xctoolchain/usr/bin/ld
2026-06-25T21:57:48.8253160Z checking if the linker (/Applications/Xcode_15.4.app/Contents/Developer/Toolchains/XcodeDefault.xctoolchain/usr/bin/ld) is GNU ld... no
2026-06-25T21:57:48.8257120Z checking for BSD- or MS-compatible name lister (nm)... no
2026-06-25T21:57:48.8261680Z checking for aarch64-apple-darwin-dumpbin... no
2026-06-25T21:57:48.8264710Z checking for aarch64-apple-darwin-link... no
2026-06-25T21:57:48.8267470Z checking for dumpbin... no
2026-06-25T21:57:48.8270320Z checking for link... link -dump
2026-06-25T21:57:48.8270610Z configure: WARNING: using cross tools not prefixed with host triplet
2026-06-25T21:57:48.8619980Z checking the name lister (nm) interface... BSD nm
2026-06-25T21:57:48.8620260Z checking whether ln -s works... yes
2026-06-25T21:57:48.8665060Z checking the maximum length of command line arguments... 786432
2026-06-25T21:57:48.8705070Z checking how to convert aarch64-apple-darwin23.6.0 file names to aarch64-apple-darwin format... func_convert_file_noop
2026-06-25T21:57:48.8705710Z checking how to convert aarch64-apple-darwin23.6.0 file names to toolchain format... func_convert_file_noop
2026-06-25T21:57:48.8706400Z checking for /Applications/Xcode_15.4.app/Contents/Developer/Toolchains/XcodeDefault.xctoolchain/usr/bin/ld option to reload object files... -r
2026-06-25T21:57:48.8709470Z checking for file... file
2026-06-25T21:57:48.8713030Z checking for aarch64-apple-darwin-objdump... no
2026-06-25T21:57:48.8716500Z checking for objdump... objdump
2026-06-25T21:57:48.8719090Z checking how to recognize dependent libraries... pass_all
2026-06-25T21:57:48.8722740Z checking for aarch64-apple-darwin-dlltool... no
2026-06-25T21:57:48.8726030Z checking for dlltool... no
2026-06-25T21:57:48.8726810Z checking how to associate runtime and link libraries... printf %s\n
2026-06-25T21:57:48.8728140Z checking for aarch64-apple-darwin-ranlib... /Applications/Xcode_15.4.app/Contents/Developer/Toolchains/XcodeDefault.xctoolchain/usr/bin/ranlib
2026-06-25T21:57:48.8729720Z checking for aarch64-apple-darwin-ar... /Applications/Xcode_15.4.app/Contents/Developer/Toolchains/XcodeDefault.xctoolchain/usr/bin/ar
2026-06-25T21:57:48.8982310Z checking for archiver @FILE support... no
2026-06-25T21:57:48.8983370Z checking for aarch64-apple-darwin-strip... (cached) /Applications/Xcode_15.4.app/Contents/Developer/Toolchains/XcodeDefault.xctoolchain/usr/bin/strip
2026-06-25T21:57:49.0674070Z checking command to parse nm output from /Applications/Xcode_15.4.app/Contents/Developer/Toolchains/XcodeDefault.xctoolchain/usr/bin/clang object... ok
2026-06-25T21:57:49.0750130Z checking for sysroot... no
2026-06-25T21:57:49.0812720Z checking for a working dd... /bin/dd
2026-06-25T21:57:49.0858050Z checking how to truncate binary pipes... /bin/dd bs=4096 count=1
2026-06-25T21:57:49.0864480Z checking for aarch64-apple-darwin-mt... no
2026-06-25T21:57:49.0867850Z checking for mt... no
2026-06-25T21:57:49.0902500Z checking if : is a manifest tool... no
2026-06-25T21:57:49.0912920Z checking for aarch64-apple-darwin-dsymutil... no
2026-06-25T21:57:49.0915570Z checking for dsymutil... dsymutil
2026-06-25T21:57:49.0918410Z checking for aarch64-apple-darwin-nmedit... no
2026-06-25T21:57:49.0920910Z checking for nmedit... nmedit
2026-06-25T21:57:49.0923690Z checking for aarch64-apple-darwin-lipo... no
2026-06-25T21:57:49.0926130Z checking for lipo... lipo
2026-06-25T21:57:49.0931720Z checking for aarch64-apple-darwin-otool... no
2026-06-25T21:57:49.0932000Z checking for otool... otool
2026-06-25T21:57:49.0934780Z checking for aarch64-apple-darwin-otool64... no
2026-06-25T21:57:49.0937380Z checking for otool64... no
2026-06-25T21:57:49.1277540Z checking for -single_module linker flag... ld: warning: -single_module is obsolete
2026-06-25T21:57:49.1309990Z no
2026-06-25T21:57:49.1831320Z checking for -no_fixup_chains linker flag... yes
2026-06-25T21:57:49.2200600Z checking for -exported_symbols_list linker flag... yes
2026-06-25T21:57:49.3047980Z checking for -force_load linker flag... yes
2026-06-25T21:57:49.3272130Z checking for stdio.h... yes
2026-06-25T21:57:49.3539900Z checking for stdlib.h... yes
2026-06-25T21:57:49.3812420Z checking for string.h... yes
2026-06-25T21:57:49.4089800Z checking for inttypes.h... yes
2026-06-25T21:57:49.4365020Z checking for stdint.h... yes
2026-06-25T21:57:49.4641780Z checking for strings.h... yes
2026-06-25T21:57:49.4921620Z checking for sys/stat.h... yes
2026-06-25T21:57:49.5212780Z checking for sys/types.h... yes
2026-06-25T21:57:49.5511130Z checking for unistd.h... yes
2026-06-25T21:57:49.5810110Z checking for dlfcn.h... yes
2026-06-25T21:57:49.5849160Z checking for objdir... .libs
2026-06-25T21:57:49.6714550Z checking if /Applications/Xcode_15.4.app/Contents/Developer/Toolchains/XcodeDefault.xctoolchain/usr/bin/clang supports -fno-rtti -fno-exceptions... yes
2026-06-25T21:57:49.6715440Z checking for /Applications/Xcode_15.4.app/Contents/Developer/Toolchains/XcodeDefault.xctoolchain/usr/bin/clang option to produce PIC... -fno-common -DPIC
2026-06-25T21:57:49.6957350Z checking if /Applications/Xcode_15.4.app/Contents/Developer/Toolchains/XcodeDefault.xctoolchain/usr/bin/clang PIC flag -fno-common -DPIC works... yes
2026-06-25T21:57:49.7230390Z checking if /Applications/Xcode_15.4.app/Contents/Developer/Toolchains/XcodeDefault.xctoolchain/usr/bin/clang static flag -static works... no
2026-06-25T21:57:49.7561510Z checking if /Applications/Xcode_15.4.app/Contents/Developer/Toolchains/XcodeDefault.xctoolchain/usr/bin/clang supports -c -o file.o... yes
2026-06-25T21:57:49.7562370Z checking if /Applications/Xcode_15.4.app/Contents/Developer/Toolchains/XcodeDefault.xctoolchain/usr/bin/clang supports -c -o file.o... (cached) yes
2026-06-25T21:57:49.7563540Z checking whether the /Applications/Xcode_15.4.app/Contents/Developer/Toolchains/XcodeDefault.xctoolchain/usr/bin/clang linker (/Applications/Xcode_15.4.app/Contents/Developer/Toolchains/XcodeDefault.xctoolchain/usr/bin/ld) supports shared libraries... yes
2026-06-25T21:57:49.7798690Z checking dynamic linker characteristics... darwin dyld
2026-06-25T21:57:49.7799060Z checking how to hardcode library paths into programs... immediate
2026-06-25T21:57:49.7822770Z checking whether stripping libraries is possible... yes
2026-06-25T21:57:49.7823100Z checking if libtool supports shared libraries... yes
2026-06-25T21:57:49.7823380Z checking whether to build shared libraries... no
2026-06-25T21:57:49.7823650Z checking whether to build static libraries... yes
2026-06-25T21:57:49.8330150Z checking how to run the C++ preprocessor... /Applications/Xcode_15.4.app/Contents/Developer/Toolchains/XcodeDefault.xctoolchain/usr/bin/clang++ -E
2026-06-25T21:57:49.9776920Z checking for ld used by /Applications/Xcode_15.4.app/Contents/Developer/Toolchains/XcodeDefault.xctoolchain/usr/bin/clang++... /Applications/Xcode_15.4.app/Contents/Developer/Toolchains/XcodeDefault.xctoolchain/usr/bin/ld
2026-06-25T21:57:49.9829710Z checking if the linker (/Applications/Xcode_15.4.app/Contents/Developer/Toolchains/XcodeDefault.xctoolchain/usr/bin/ld) is GNU ld... no
2026-06-25T21:57:49.9831010Z checking whether the /Applications/Xcode_15.4.app/Contents/Developer/Toolchains/XcodeDefault.xctoolchain/usr/bin/clang++ linker (/Applications/Xcode_15.4.app/Contents/Developer/Toolchains/XcodeDefault.xctoolchain/usr/bin/ld) supports shared libraries... yes
2026-06-25T21:57:50.0038380Z checking for /Applications/Xcode_15.4.app/Contents/Developer/Toolchains/XcodeDefault.xctoolchain/usr/bin/clang++ option to produce PIC... -fno-common -DPIC
2026-06-25T21:57:50.0281920Z checking if /Applications/Xcode_15.4.app/Contents/Developer/Toolchains/XcodeDefault.xctoolchain/usr/bin/clang++ PIC flag -fno-common -DPIC works... yes
2026-06-25T21:57:50.0538270Z checking if /Applications/Xcode_15.4.app/Contents/Developer/Toolchains/XcodeDefault.xctoolchain/usr/bin/clang++ static flag -static works... no
2026-06-25T21:57:50.0866180Z checking if /Applications/Xcode_15.4.app/Contents/Developer/Toolchains/XcodeDefault.xctoolchain/usr/bin/clang++ supports -c -o file.o... yes
2026-06-25T21:57:50.0867030Z checking if /Applications/Xcode_15.4.app/Contents/Developer/Toolchains/XcodeDefault.xctoolchain/usr/bin/clang++ supports -c -o file.o... (cached) yes
2026-06-25T21:57:50.0868150Z checking whether the /Applications/Xcode_15.4.app/Contents/Developer/Toolchains/XcodeDefault.xctoolchain/usr/bin/clang++ linker (/Applications/Xcode_15.4.app/Contents/Developer/Toolchains/XcodeDefault.xctoolchain/usr/bin/ld) supports shared libraries... yes
2026-06-25T21:57:50.0869070Z checking dynamic linker characteristics... darwin dyld
2026-06-25T21:57:50.0869390Z checking how to hardcode library paths into programs... immediate
2026-06-25T21:57:50.1318400Z checking for library containing sin... none required
2026-06-25T21:57:50.1684090Z checking that generated files are newer than configure... done
2026-06-25T21:57:50.1684500Z configure: creating ./config.status
2026-06-25T21:57:50.6684790Z config.status: creating Makefile
2026-06-25T21:57:50.6858580Z config.status: creating fdk-aac.pc
2026-06-25T21:57:50.6961790Z config.status: executing depfiles commands
2026-06-25T21:57:51.1404300Z config.status: executing libtool commands
2026-06-25T21:57:51.2697370Z   CXX      libAACdec/src/FDK_delay.lo
2026-06-25T21:57:51.2718950Z   CXX      libAACdec/src/aac_ram.lo
2026-06-25T21:57:51.2729440Z   CXX      libAACdec/src/aac_rom.lo
2026-06-25T21:57:51.3892390Z   CXX      libAACdec/src/aacdec_drc.lo
2026-06-25T21:57:51.4057410Z   CXX      libAACdec/src/aacdec_hcr.lo
2026-06-25T21:57:51.5085110Z   CXX      libAACdec/src/aacdec_hcr_bit.lo
2026-06-25T21:57:51.5943390Z   CXX      libAACdec/src/aacdec_hcrs.lo
2026-06-25T21:57:51.6326400Z   CXX      libAACdec/src/aacdec_pns.lo
2026-06-25T21:57:51.6375810Z   CXX      libAACdec/src/aacdec_tns.lo
2026-06-25T21:57:51.7413440Z   CXX      libAACdec/src/aacdecoder.lo
2026-06-25T21:57:51.7576910Z   CXX      libAACdec/src/aacdecoder_lib.lo
2026-06-25T21:57:51.7642340Z   CXX      libAACdec/src/block.lo
2026-06-25T21:57:51.9591380Z   CXX      libAACdec/src/channel.lo
2026-06-25T21:57:51.9723970Z   CXX      libAACdec/src/channelinfo.lo
2026-06-25T21:57:52.0929440Z   CXX      libAACdec/src/conceal.lo
2026-06-25T21:57:52.1093480Z   CXX      libAACdec/src/ldfiltbank.lo
2026-06-25T21:57:52.1491900Z   CXX      libAACdec/src/pulsedata.lo
2026-06-25T21:57:52.2239770Z   CXX      libAACdec/src/rvlc.lo
2026-06-25T21:57:52.2543690Z   CXX      libAACdec/src/rvlcbit.lo
2026-06-25T21:57:52.3241910Z   CXX      libAACdec/src/rvlcconceal.lo
2026-06-25T21:57:52.3506420Z   CXX      libAACdec/src/stereo.lo
2026-06-25T21:57:52.4418960Z   CXX      libAACdec/src/usacdec_ace_d4t64.lo
2026-06-25T21:57:52.4716970Z   CXX      libAACdec/src/usacdec_ace_ltp.lo
2026-06-25T21:57:52.5634530Z   CXX      libAACdec/src/usacdec_acelp.lo
2026-06-25T21:57:52.5702280Z   CXX      libAACdec/src/usacdec_fac.lo
2026-06-25T21:57:52.5840370Z   CXX      libAACdec/src/usacdec_lpc.lo
2026-06-25T21:57:52.7145880Z   CXX      libAACdec/src/usacdec_lpd.lo
2026-06-25T21:57:52.7715280Z   CXX      libAACdec/src/usacdec_rom.lo
2026-06-25T21:57:52.8032980Z   CXX      libAACenc/src/aacEnc_ram.lo
2026-06-25T21:57:52.9055620Z   CXX      libAACenc/src/aacEnc_rom.lo
2026-06-25T21:57:52.9482480Z   CXX      libAACenc/src/aacenc.lo
2026-06-25T21:57:52.9559800Z   CXX      libAACenc/src/aacenc_lib.lo
2026-06-25T21:57:53.0806070Z   CXX      libAACenc/src/aacenc_pns.lo
2026-06-25T21:57:53.1175890Z   CXX      libAACenc/src/aacenc_tns.lo
2026-06-25T21:57:53.1994910Z   CXX      libAACenc/src/adj_thr.lo
2026-06-25T21:57:53.1997910Z   CXX      libAACenc/src/band_nrg.lo
2026-06-25T21:57:53.3119300Z   CXX      libAACenc/src/bandwidth.lo
2026-06-25T21:57:53.3252860Z   CXX      libAACenc/src/bit_cnt.lo
2026-06-25T21:57:53.4174960Z   CXX      libAACenc/src/bitenc.lo
2026-06-25T21:57:53.5228680Z   CXX      libAACenc/src/block_switch.lo
2026-06-25T21:57:53.5605630Z   CXX      libAACenc/src/channel_map.lo
2026-06-25T21:57:53.6261900Z   CXX      libAACenc/src/chaosmeasure.lo
2026-06-25T21:57:53.6641850Z   CXX      libAACenc/src/dyn_bits.lo
2026-06-25T21:57:53.6816010Z   CXX      libAACenc/src/grp_data.lo
2026-06-25T21:57:53.7308330Z   CXX      libAACenc/src/intensity.lo
2026-06-25T21:57:53.8526060Z   CXX      libAACenc/src/line_pe.lo
2026-06-25T21:57:53.9275560Z   CXX      libAACenc/src/metadata_compressor.lo
2026-06-25T21:57:53.9510490Z   CXX      libAACenc/src/metadata_main.lo
2026-06-25T21:57:54.0270260Z   CXX      libAACenc/src/mps_main.lo
2026-06-25T21:57:54.2373820Z   CXX      libAACenc/src/ms_stereo.lo
2026-06-25T21:57:54.2474920Z   CXX      libAACenc/src/noisedet.lo
2026-06-25T21:57:54.2543750Z   CXX      libAACenc/src/pnsparam.lo
2026-06-25T21:57:54.3908980Z   CXX      libAACenc/src/pre_echo_control.lo
2026-06-25T21:57:54.4009990Z   CXX      libAACenc/src/psy_configuration.lo
2026-06-25T21:57:54.4420830Z   CXX      libAACenc/src/psy_main.lo
2026-06-25T21:57:54.5536300Z   CXX      libAACenc/src/qc_main.lo
2026-06-25T21:57:54.5715390Z   CXX      libAACenc/src/quantize.lo
2026-06-25T21:57:54.6946360Z   CXX      libAACenc/src/sf_estim.lo
2026-06-25T21:57:54.7352950Z   CXX      libAACenc/src/spreading.lo
2026-06-25T21:57:54.7673640Z   CXX      libAACenc/src/tonality.lo
2026-06-25T21:57:54.8875580Z   CXX      libAACenc/src/transform.lo
2026-06-25T21:57:54.9168030Z   CXX      libArithCoding/src/ac_arith_coder.lo
2026-06-25T21:57:55.0046760Z   CXX      libDRCdec/src/FDK_drcDecLib.lo
2026-06-25T21:57:55.0331410Z   CXX      libDRCdec/src/drcDec_gainDecoder.lo
2026-06-25T21:57:55.0484780Z   CXX      libDRCdec/src/drcDec_reader.lo
2026-06-25T21:57:55.1338020Z   CXX      libDRCdec/src/drcDec_rom.lo
2026-06-25T21:57:55.1749510Z   CXX      libDRCdec/src/drcDec_selectionProcess.lo
2026-06-25T21:57:55.2303120Z   CXX      libDRCdec/src/drcDec_tools.lo
2026-06-25T21:57:55.3547990Z   CXX      libDRCdec/src/drcGainDec_init.lo
2026-06-25T21:57:55.4780360Z   CXX      libDRCdec/src/drcGainDec_preprocess.lo
2026-06-25T21:57:55.5131480Z   CXX      libDRCdec/src/drcGainDec_process.lo
2026-06-25T21:57:55.5429600Z   CXX      libMpegTPDec/src/tpdec_adif.lo
2026-06-25T21:57:55.6344340Z   CXX      libMpegTPDec/src/tpdec_adts.lo
2026-06-25T21:57:55.6360050Z   CXX      libMpegTPDec/src/tpdec_asc.lo
2026-06-25T21:57:55.6379440Z   CXX      libMpegTPDec/src/tpdec_drm.lo
2026-06-25T21:57:55.7324340Z   CXX      libMpegTPDec/src/tpdec_latm.lo
2026-06-25T21:57:55.7604280Z   CXX      libMpegTPDec/src/tpdec_lib.lo
2026-06-25T21:57:55.8839720Z   CXX      libMpegTPEnc/src/tpenc_adif.lo
2026-06-25T21:57:55.9550570Z   CXX      libMpegTPEnc/src/tpenc_adts.lo
2026-06-25T21:57:55.9823400Z   CXX      libMpegTPEnc/src/tpenc_asc.lo
2026-06-25T21:57:56.0772100Z   CXX      libMpegTPEnc/src/tpenc_latm.lo
2026-06-25T21:57:56.0786910Z   CXX      libMpegTPEnc/src/tpenc_lib.lo
2026-06-25T21:57:56.1696160Z   CXX      libSACdec/src/sac_bitdec.lo
2026-06-25T21:57:56.1885750Z   CXX      libSACdec/src/sac_calcM1andM2.lo
2026-06-25T21:57:56.2256730Z   CXX      libSACdec/src/sac_dec.lo
2026-06-25T21:57:56.3421340Z   CXX      libSACdec/src/sac_dec_conceal.lo
2026-06-25T21:57:56.4096980Z   CXX      libSACdec/src/sac_dec_lib.lo
2026-06-25T21:57:56.4512010Z   CXX      libSACdec/src/sac_process.lo
2026-06-25T21:57:56.4553760Z   CXX      libSACdec/src/sac_qmf.lo
2026-06-25T21:57:56.5434610Z   CXX      libSACdec/src/sac_reshapeBBEnv.lo
2026-06-25T21:57:56.5765870Z   CXX      libSACdec/src/sac_rom.lo
2026-06-25T21:57:56.6447900Z   CXX      libSACdec/src/sac_smoothing.lo
2026-06-25T21:57:56.7133040Z   CXX      libSACdec/src/sac_stp.lo
2026-06-25T21:57:56.7671040Z   CXX      libSACdec/src/sac_tsd.lo
2026-06-25T21:57:56.8705180Z   CXX      libSACenc/src/sacenc_bitstream.lo
2026-06-25T21:57:56.8747360Z   CXX      libSACenc/src/sacenc_delay.lo
2026-06-25T21:57:56.9192890Z   CXX      libSACenc/src/sacenc_dmx_tdom_enh.lo
2026-06-25T21:57:56.9811340Z   CXX      libSACenc/src/sacenc_filter.lo
2026-06-25T21:57:57.0432840Z   CXX      libSACenc/src/sacenc_framewindowing.lo
2026-06-25T21:57:57.0619150Z   CXX      libSACenc/src/sacenc_huff_tab.lo
2026-06-25T21:57:57.0783750Z   CXX      libSACenc/src/sacenc_lib.lo
2026-06-25T21:57:57.1523680Z   CXX      libSACenc/src/sacenc_nlc_enc.lo
2026-06-25T21:57:57.1903120Z   CXX      libSACenc/src/sacenc_onsetdetect.lo
2026-06-25T21:57:57.2846790Z   CXX      libSACenc/src/sacenc_paramextract.lo
2026-06-25T21:57:57.3251530Z   CXX      libSACenc/src/sacenc_staticgain.lo
2026-06-25T21:57:57.3610140Z   CXX      libSACenc/src/sacenc_tree.lo
2026-06-25T21:57:57.4244230Z   CXX      libSACenc/src/sacenc_vectorfunctions.lo
2026-06-25T21:57:57.4414630Z   CXX      libSBRdec/src/HFgen_preFlat.lo
2026-06-25T21:57:57.4750460Z   CXX      libSBRdec/src/env_calc.lo
2026-06-25T21:57:57.5731120Z   CXX      libSBRdec/src/env_dec.lo
2026-06-25T21:57:57.6008760Z   CXX      libSBRdec/src/env_extr.lo
2026-06-25T21:57:57.7274820Z   CXX      libSBRdec/src/hbe.lo
2026-06-25T21:57:57.8544460Z   CXX      libSBRdec/src/huff_dec.lo
2026-06-25T21:57:57.9824060Z   CXX      libSBRdec/src/lpp_tran.lo
2026-06-25T21:57:57.9875840Z   CXX      libSBRdec/src/psbitdec.lo
2026-06-25T21:57:57.9905350Z   CXX      libSBRdec/src/psdec.lo
2026-06-25T21:57:58.2111900Z   CXX      libSBRdec/src/psdec_drm.lo
2026-06-25T21:57:58.2449940Z   CXX      libSBRdec/src/psdecrom_drm.lo
2026-06-25T21:57:58.3031360Z   CXX      libSBRdec/src/pvc_dec.lo
2026-06-25T21:57:58.3209590Z   CXX      libSBRdec/src/sbr_deb.lo
2026-06-25T21:57:58.3381680Z   CXX      libSBRdec/src/sbr_dec.lo
2026-06-25T21:57:58.4121360Z   CXX      libSBRdec/src/sbr_ram.lo
2026-06-25T21:57:58.4353010Z   CXX      libSBRdec/src/sbr_rom.lo
2026-06-25T21:57:58.5047470Z   CXX      libSBRdec/src/sbrdec_drc.lo
2026-06-25T21:57:58.5273700Z   CXX      libSBRdec/src/sbrdec_freq_sca.lo
2026-06-25T21:57:58.5651430Z   CXX      libSBRdec/src/sbrdecoder.lo
2026-06-25T21:57:58.6331430Z   CXX      libSBRenc/src/bit_sbr.lo
2026-06-25T21:57:58.7075220Z   CXX      libSBRenc/src/code_env.lo
2026-06-25T21:57:58.7982120Z   CXX      libSBRenc/src/env_bit.lo
2026-06-25T21:57:58.8173780Z   CXX      libSBRenc/src/env_est.lo
2026-06-25T21:57:58.8443160Z   CXX      libSBRenc/src/fram_gen.lo
2026-06-25T21:57:58.9022560Z   CXX      libSBRenc/src/invf_est.lo
2026-06-25T21:57:59.0190920Z   CXX      libSBRenc/src/mh_det.lo
2026-06-25T21:57:59.0237350Z   CXX      libSBRenc/src/nf_est.lo
2026-06-25T21:57:59.0769320Z   CXX      libSBRenc/src/ps_bitenc.lo
2026-06-25T21:57:59.1431210Z   CXX      libSBRenc/src/ps_encode.lo
2026-06-25T21:57:59.2185110Z   CXX      libSBRenc/src/ps_main.lo
2026-06-25T21:57:59.2326510Z   CXX      libSBRenc/src/resampler.lo
2026-06-25T21:57:59.3327030Z   CXX      libSBRenc/src/sbr_encoder.lo
2026-06-25T21:57:59.3572040Z   CXX      libSBRenc/src/sbrenc_freq_sca.lo
2026-06-25T21:57:59.3574600Z   CXX      libSBRenc/src/sbr_misc.lo
2026-06-25T21:57:59.4738820Z   CXX      libSBRenc/src/sbrenc_ram.lo
2026-06-25T21:57:59.4813130Z   CXX      libSBRenc/src/sbrenc_rom.lo
2026-06-25T21:57:59.5817230Z   CXX      libSBRenc/src/ton_corr.lo
2026-06-25T21:57:59.5841900Z   CXX      libSBRenc/src/tran_det.lo
2026-06-25T21:57:59.5905590Z   CXX      libPCMutils/src/limiter.lo
2026-06-25T21:57:59.7193260Z   CXX      libPCMutils/src/pcm_utils.lo
2026-06-25T21:57:59.7207490Z   CXX      libPCMutils/src/pcmdmx_lib.lo
2026-06-25T21:57:59.7948790Z   CXX      libFDK/src/FDK_bitbuffer.lo
2026-06-25T21:57:59.8126140Z   CXX      libFDK/src/FDK_core.lo
2026-06-25T21:57:59.8995750Z   CXX      libFDK/src/FDK_crc.lo
2026-06-25T21:57:59.9053870Z   CXX      libFDK/src/FDK_decorrelate.lo
2026-06-25T21:58:00.0021570Z   CXX      libFDK/src/FDK_hybrid.lo
2026-06-25T21:58:00.1152270Z   CXX      libFDK/src/FDK_lpc.lo
2026-06-25T21:58:00.1488510Z   CXX      libFDK/src/FDK_matrixCalloc.lo
2026-06-25T21:58:00.2160030Z   CXX      libFDK/src/FDK_qmf_domain.lo
2026-06-25T21:58:00.2446270Z   CXX      libFDK/src/FDK_tools_rom.lo
2026-06-25T21:58:00.2494480Z   CXX      libFDK/src/FDK_trigFcts.lo
2026-06-25T21:58:00.3495890Z   CXX      libFDK/src/autocorr2nd.lo
2026-06-25T21:58:00.3823730Z   CXX      libFDK/src/dct.lo
2026-06-25T21:58:00.4471370Z   CXX      libFDK/src/fft.lo
2026-06-25T21:58:00.5135200Z   CXX      libFDK/src/fft_rad2.lo
2026-06-25T21:58:00.6276070Z   CXX      libFDK/src/fixpoint_math.lo
2026-06-25T21:58:00.7306960Z   CXX      libFDK/src/mdct.lo
2026-06-25T21:58:00.7307290Z   CXX      libFDK/src/huff_nodes.lo
2026-06-25T21:58:00.7562980Z   CXX      libFDK/src/nlc_dec.lo
2026-06-25T21:58:00.8214780Z   CXX      libFDK/src/qmf.lo
2026-06-25T21:58:00.8991370Z   CXX      libFDK/src/scale.lo
2026-06-25T21:58:00.9471370Z   CXX      libSYS/src/genericStds.lo
2026-06-25T21:58:01.0323170Z libSYS/src/genericStds.cpp:170:12: warning: 'vsprintf' is deprecated: This function is provided for compatibility reasons only.  Due to security concerns inherent in the design of sprintf(3), it is highly recommended that you use vsnprintf(3) instead. [-Wdeprecated-declarations]
2026-06-25T21:58:01.0332120Z   chars += vsprintf(str, format, ap);
2026-06-25T21:58:01.0348330Z            ^
2026-06-25T21:58:01.0351750Z /Applications/Xcode_15.4.app/Contents/Developer/Platforms/iPhoneOS.platform/Developer/SDKs/iPhoneOS17.5.sdk/usr/include/stdio.h:199:1: note: 'vsprintf' has been explicitly marked deprecated here
2026-06-25T21:58:01.0365080Z __deprecated_msg("This function is provided for compatibility reasons only.  Due to security concerns inherent in the design of sprintf(3), it is highly recommended that you use vsnprintf(3) instead.")
2026-06-25T21:58:01.0373530Z ^
2026-06-25T21:58:01.0376130Z /Applications/Xcode_15.4.app/Contents/Developer/Platforms/iPhoneOS.platform/Developer/SDKs/iPhoneOS17.5.sdk/usr/include/sys/cdefs.h:218:48: note: expanded from macro '__deprecated_msg'
2026-06-25T21:58:01.0387800Z   CXX      libSYS/src/syslib_channelMapDescr.lo
2026-06-25T21:58:01.0388300Z         #define __deprecated_msg(_msg) __attribute__((__deprecated__(_msg)))
2026-06-25T21:58:01.0391720Z                                                       ^
2026-06-25T21:58:01.0496200Z 1 warning generated.
2026-06-25T21:58:01.1359770Z   GEN      libfdk-aac.la
2026-06-25T21:58:01.4433480Z  /opt/homebrew/bin/gmkdir -p '/Users/runner/work/LiteReplayd/LiteReplayd/build/prefix/lib'
2026-06-25T21:58:01.4451530Z  /bin/sh ./libtool   --mode=install /opt/homebrew/bin/ginstall -c   libfdk-aac.la '/Users/runner/work/LiteReplayd/LiteReplayd/build/prefix/lib'
2026-06-25T21:58:01.4709640Z libtool: install: /opt/homebrew/bin/ginstall -c .libs/libfdk-aac.lai /Users/runner/work/LiteReplayd/LiteReplayd/build/prefix/lib/libfdk-aac.la
2026-06-25T21:58:01.4753450Z libtool: install: /opt/homebrew/bin/ginstall -c .libs/libfdk-aac.a /Users/runner/work/LiteReplayd/LiteReplayd/build/prefix/lib/libfdk-aac.a
2026-06-25T21:58:01.4803060Z libtool: install: chmod 644 /Users/runner/work/LiteReplayd/LiteReplayd/build/prefix/lib/libfdk-aac.a
2026-06-25T21:58:01.4843870Z libtool: install: /Applications/Xcode_15.4.app/Contents/Developer/Toolchains/XcodeDefault.xctoolchain/usr/bin/ranlib /Users/runner/work/LiteReplayd/LiteReplayd/build/prefix/lib/libfdk-aac.a
2026-06-25T21:58:01.5279980Z  /opt/homebrew/bin/gmkdir -p '/Users/runner/work/LiteReplayd/LiteReplayd/build/prefix/include/fdk-aac'
2026-06-25T21:58:01.5320340Z  /opt/homebrew/bin/ginstall -c -m 644 ./libSYS/include/machine_type.h ./libSYS/include/genericStds.h ./libSYS/include/FDK_audio.h ./libSYS/include/syslib_channelMapDescr.h ./libAACenc/include/aacenc_lib.h ./libAACdec/include/aacdecoder_lib.h '/Users/runner/work/LiteReplayd/LiteReplayd/build/prefix/include/fdk-aac'
2026-06-25T21:58:01.5371190Z  /opt/homebrew/bin/gmkdir -p '/Users/runner/work/LiteReplayd/LiteReplayd/build/prefix/lib/pkgconfig'
2026-06-25T21:58:01.5413330Z  /opt/homebrew/bin/ginstall -c -m 644 fdk-aac.pc '/Users/runner/work/LiteReplayd/LiteReplayd/build/prefix/lib/pkgconfig'
2026-06-25T21:58:01.5440200Z ==> libogg
2026-06-25T21:58:01.5491200Z Cloning into '/Users/runner/work/LiteReplayd/LiteReplayd/build/src/ogg'...
2026-06-25T21:58:02.0980550Z Updating build configuration files for libogg, please wait....
2026-06-25T21:58:04.1518210Z glibtoolize: putting auxiliary files in '.'.
2026-06-25T21:58:04.1518500Z glibtoolize: copying file './ltmain.sh'
2026-06-25T21:58:04.1987020Z glibtoolize: putting macros in AC_CONFIG_MACRO_DIRS, 'm4'.
2026-06-25T21:58:04.1987510Z glibtoolize: copying file 'm4/libtool.m4'
2026-06-25T21:58:04.2097430Z glibtoolize: copying file 'm4/ltoptions.m4'
2026-06-25T21:58:04.2206780Z glibtoolize: copying file 'm4/ltsugar.m4'
2026-06-25T21:58:04.2315170Z glibtoolize: copying file 'm4/ltversion.m4'
2026-06-25T21:58:04.2426980Z glibtoolize: copying file 'm4/lt~obsolete.m4'
2026-06-25T21:58:05.6398120Z configure.ac:5: installing './compile'
2026-06-25T21:58:05.6429470Z configure.ac:5: installing './config.guess'
2026-06-25T21:58:05.6459440Z configure.ac:5: installing './config.sub'
2026-06-25T21:58:05.6483750Z configure.ac:9: installing './install-sh'
2026-06-25T21:58:05.6510970Z configure.ac:9: installing './missing'
2026-06-25T21:58:05.7285650Z src/Makefile.am: installing './depcomp'
2026-06-25T21:58:05.7476140Z parallel-tests: installing './test-driver'
2026-06-25T21:58:05.9550310Z checking build system type... aarch64-apple-darwin23.6.0
2026-06-25T21:58:05.9627370Z checking host system type... aarch64-apple-darwin
2026-06-25T21:58:05.9651730Z checking how to print strings... printf
2026-06-25T21:58:05.9666860Z checking for aarch64-apple-darwin-gcc... /Applications/Xcode_15.4.app/Contents/Developer/Toolchains/XcodeDefault.xctoolchain/usr/bin/clang
2026-06-25T21:58:06.1522270Z checking whether the C compiler works... yes
2026-06-25T21:58:06.1524150Z checking for C compiler default output file name... a.out
2026-06-25T21:58:06.1960840Z checking for suffix of executables... 
2026-06-25T21:58:06.2461170Z checking whether we are cross compiling... yes
2026-06-25T21:58:06.2722670Z checking for suffix of object files... o
2026-06-25T21:58:06.2988760Z checking whether the compiler supports GNU C... yes
2026-06-25T21:58:06.3223240Z checking whether /Applications/Xcode_15.4.app/Contents/Developer/Toolchains/XcodeDefault.xctoolchain/usr/bin/clang accepts -g... yes
2026-06-25T21:58:06.3759560Z checking for /Applications/Xcode_15.4.app/Contents/Developer/Toolchains/XcodeDefault.xctoolchain/usr/bin/clang option to enable C23 features... unsupported
2026-06-25T21:58:06.4197850Z checking for /Applications/Xcode_15.4.app/Contents/Developer/Toolchains/XcodeDefault.xctoolchain/usr/bin/clang option to enable C11 features... none needed
2026-06-25T21:58:06.4646870Z checking whether /Applications/Xcode_15.4.app/Contents/Developer/Toolchains/XcodeDefault.xctoolchain/usr/bin/clang understands -c and -o together... yes
2026-06-25T21:58:06.6387780Z checking for a sed that does not truncate output... /usr/bin/sed
2026-06-25T21:58:06.6430020Z checking for grep that handles long lines and -e... /usr/bin/grep
2026-06-25T21:58:06.6458440Z checking for egrep... /usr/bin/grep -E
2026-06-25T21:58:06.6485240Z checking for fgrep... /usr/bin/grep -F
2026-06-25T21:58:06.6639760Z checking for ld used by /Applications/Xcode_15.4.app/Contents/Developer/Toolchains/XcodeDefault.xctoolchain/usr/bin/clang... /Applications/Xcode_15.4.app/Contents/Developer/Toolchains/XcodeDefault.xctoolchain/usr/bin/ld
2026-06-25T21:58:06.6706700Z checking if the linker (/Applications/Xcode_15.4.app/Contents/Developer/Toolchains/XcodeDefault.xctoolchain/usr/bin/ld) is GNU ld... no
2026-06-25T21:58:06.6712140Z checking for BSD- or MS-compatible name lister (nm)... no
2026-06-25T21:58:06.6716650Z checking for aarch64-apple-darwin-dumpbin... no
2026-06-25T21:58:06.6719020Z checking for aarch64-apple-darwin-link... no
2026-06-25T21:58:06.6721870Z checking for dumpbin... no
2026-06-25T21:58:06.6725270Z checking for link... link -dump
2026-06-25T21:58:06.6726050Z configure: WARNING: using cross tools not prefixed with host triplet
2026-06-25T21:58:06.7155290Z checking the name lister (nm) interface... BSD nm
2026-06-25T21:58:06.7157150Z checking whether ln -s works... yes
2026-06-25T21:58:06.7222130Z checking the maximum length of command line arguments... 786432
2026-06-25T21:58:06.7277680Z checking how to convert aarch64-apple-darwin23.6.0 file names to aarch64-apple-darwin format... func_convert_file_noop
2026-06-25T21:58:06.7278360Z checking how to convert aarch64-apple-darwin23.6.0 file names to toolchain format... func_convert_file_noop
2026-06-25T21:58:06.7279060Z checking for /Applications/Xcode_15.4.app/Contents/Developer/Toolchains/XcodeDefault.xctoolchain/usr/bin/ld option to reload object files... -r
2026-06-25T21:58:06.7288540Z checking for file... file
2026-06-25T21:58:06.7293420Z checking for aarch64-apple-darwin-objdump... no
2026-06-25T21:58:06.7301760Z checking for objdump... objdump
2026-06-25T21:58:06.7308220Z checking how to recognize dependent libraries... pass_all
2026-06-25T21:58:06.7311060Z checking for aarch64-apple-darwin-dlltool... no
2026-06-25T21:58:06.7314500Z checking for dlltool... no
2026-06-25T21:58:06.7316140Z checking how to associate runtime and link libraries... printf %s\n
2026-06-25T21:58:06.7321360Z checking for aarch64-apple-darwin-ranlib... /Applications/Xcode_15.4.app/Contents/Developer/Toolchains/XcodeDefault.xctoolchain/usr/bin/ranlib
2026-06-25T21:58:06.7324100Z checking for aarch64-apple-darwin-ar... /Applications/Xcode_15.4.app/Contents/Developer/Toolchains/XcodeDefault.xctoolchain/usr/bin/ar
2026-06-25T21:58:06.7599200Z checking for archiver @FILE support... no
2026-06-25T21:58:06.7600640Z checking for aarch64-apple-darwin-strip... /Applications/Xcode_15.4.app/Contents/Developer/Toolchains/XcodeDefault.xctoolchain/usr/bin/strip
2026-06-25T21:58:06.7605100Z checking for gawk... no
2026-06-25T21:58:06.7607800Z checking for mawk... no
2026-06-25T21:58:06.7610560Z checking for nawk... no
2026-06-25T21:58:06.7614070Z checking for awk... awk
2026-06-25T21:58:06.9563380Z checking command to parse nm output from /Applications/Xcode_15.4.app/Contents/Developer/Toolchains/XcodeDefault.xctoolchain/usr/bin/clang object... ok
2026-06-25T21:58:06.9664220Z checking for sysroot... no
2026-06-25T21:58:06.9749430Z checking for a working dd... /bin/dd
2026-06-25T21:58:06.9816340Z checking how to truncate binary pipes... /bin/dd bs=4096 count=1
2026-06-25T21:58:06.9823420Z checking for aarch64-apple-darwin-mt... no
2026-06-25T21:58:06.9828080Z checking for mt... no
2026-06-25T21:58:06.9874660Z checking if : is a manifest tool... no
2026-06-25T21:58:06.9886700Z checking for aarch64-apple-darwin-dsymutil... no
2026-06-25T21:58:06.9889670Z checking for dsymutil... dsymutil
2026-06-25T21:58:06.9893650Z checking for aarch64-apple-darwin-nmedit... no
2026-06-25T21:58:06.9896180Z checking for nmedit... nmedit
2026-06-25T21:58:06.9902360Z checking for aarch64-apple-darwin-lipo... no
2026-06-25T21:58:06.9904070Z checking for lipo... lipo
2026-06-25T21:58:06.9907900Z checking for aarch64-apple-darwin-otool... no
2026-06-25T21:58:06.9909950Z checking for otool... otool
2026-06-25T21:58:06.9912990Z checking for aarch64-apple-darwin-otool64... no
2026-06-25T21:58:06.9915680Z checking for otool64... no
2026-06-25T21:58:07.0351380Z checking for -single_module linker flag... ld: warning: -single_module is obsolete
2026-06-25T21:58:07.0403180Z no
2026-06-25T21:58:07.1005710Z checking for -no_fixup_chains linker flag... yes
2026-06-25T21:58:07.1546800Z checking for -exported_symbols_list linker flag... yes
2026-06-25T21:58:07.2584690Z checking for -force_load linker flag... yes
2026-06-25T21:58:07.2883860Z checking for stdio.h... yes
2026-06-25T21:58:07.3219150Z checking for stdlib.h... yes
2026-06-25T21:58:07.3536470Z checking for string.h... yes
2026-06-25T21:58:07.3865700Z checking for inttypes.h... yes
2026-06-25T21:58:07.4196570Z checking for stdint.h... yes
2026-06-25T21:58:07.4561430Z checking for strings.h... yes
2026-06-25T21:58:07.4918240Z checking for sys/stat.h... yes
2026-06-25T21:58:07.5252400Z checking for sys/types.h... yes
2026-06-25T21:58:07.5580160Z checking for unistd.h... yes
2026-06-25T21:58:07.5912670Z checking for dlfcn.h... yes
2026-06-25T21:58:07.5959640Z checking for objdir... .libs
2026-06-25T21:58:07.7006020Z checking if /Applications/Xcode_15.4.app/Contents/Developer/Toolchains/XcodeDefault.xctoolchain/usr/bin/clang supports -fno-rtti -fno-exceptions... yes
2026-06-25T21:58:07.7009820Z checking for /Applications/Xcode_15.4.app/Contents/Developer/Toolchains/XcodeDefault.xctoolchain/usr/bin/clang option to produce PIC... -fno-common -DPIC
2026-06-25T21:58:07.7298980Z checking if /Applications/Xcode_15.4.app/Contents/Developer/Toolchains/XcodeDefault.xctoolchain/usr/bin/clang PIC flag -fno-common -DPIC works... yes
2026-06-25T21:58:07.7639670Z checking if /Applications/Xcode_15.4.app/Contents/Developer/Toolchains/XcodeDefault.xctoolchain/usr/bin/clang static flag -static works... no
2026-06-25T21:58:07.8075550Z checking if /Applications/Xcode_15.4.app/Contents/Developer/Toolchains/XcodeDefault.xctoolchain/usr/bin/clang supports -c -o file.o... yes
2026-06-25T21:58:07.8078000Z checking if /Applications/Xcode_15.4.app/Contents/Developer/Toolchains/XcodeDefault.xctoolchain/usr/bin/clang supports -c -o file.o... (cached) yes
2026-06-25T21:58:07.8081230Z checking whether the /Applications/Xcode_15.4.app/Contents/Developer/Toolchains/XcodeDefault.xctoolchain/usr/bin/clang linker (/Applications/Xcode_15.4.app/Contents/Developer/Toolchains/XcodeDefault.xctoolchain/usr/bin/ld) supports shared libraries... yes
2026-06-25T21:58:07.8371810Z checking dynamic linker characteristics... darwin dyld
2026-06-25T21:58:07.8372970Z checking how to hardcode library paths into programs... immediate
2026-06-25T21:58:07.8401110Z checking whether stripping libraries is possible... yes
2026-06-25T21:58:07.8402970Z checking if libtool supports shared libraries... yes
2026-06-25T21:58:07.8403720Z checking whether to build shared libraries... no
2026-06-25T21:58:07.8405140Z checking whether to build static libraries... yes
2026-06-25T21:58:07.8500460Z checking for a BSD-compatible install... /opt/homebrew/bin/ginstall -c
2026-06-25T21:58:07.8607720Z checking whether sleep supports fractional seconds... yes
2026-06-25T21:58:08.6156080Z checking filesystem timestamp resolution... 2
2026-06-25T21:58:08.6217640Z checking whether build environment is sane... yes
2026-06-25T21:58:08.6293950Z checking for aarch64-apple-darwin-strip... (cached) /Applications/Xcode_15.4.app/Contents/Developer/Toolchains/XcodeDefault.xctoolchain/usr/bin/strip
2026-06-25T21:58:08.6321040Z checking for a race-free mkdir -p... /opt/homebrew/bin/gmkdir -p
2026-06-25T21:58:08.6493920Z checking whether make sets $(MAKE)... yes
2026-06-25T21:58:08.6758530Z checking whether make supports the include directive... yes (GNU style)
2026-06-25T21:58:08.6871890Z checking whether make supports nested variables... yes
2026-06-25T21:58:08.7007270Z checking xargs -n works... yes
2026-06-25T21:58:08.7101710Z checking whether UID '501' is supported by ustar format... yes
2026-06-25T21:58:08.7103160Z checking whether GID '20' is supported by ustar format... yes
2026-06-25T21:58:08.7479140Z checking how to create a ustar tar archive... gnutar
2026-06-25T21:58:08.8128960Z checking dependency style of /Applications/Xcode_15.4.app/Contents/Developer/Toolchains/XcodeDefault.xctoolchain/usr/bin/clang... gcc3
2026-06-25T21:58:08.8129660Z checking whether to enable maintainer-specific portions of Makefiles... yes
2026-06-25T21:58:08.8131180Z checking for aarch64-apple-darwin-gcc... (cached) /Applications/Xcode_15.4.app/Contents/Developer/Toolchains/XcodeDefault.xctoolchain/usr/bin/clang
2026-06-25T21:58:08.9146700Z checking whether the compiler supports GNU C... (cached) yes
2026-06-25T21:58:08.9147620Z checking whether /Applications/Xcode_15.4.app/Contents/Developer/Toolchains/XcodeDefault.xctoolchain/usr/bin/clang accepts -g... (cached) yes
2026-06-25T21:58:08.9148950Z checking for /Applications/Xcode_15.4.app/Contents/Developer/Toolchains/XcodeDefault.xctoolchain/usr/bin/clang option to enable C23 features... (cached) unsupported
2026-06-25T21:58:08.9150320Z checking for /Applications/Xcode_15.4.app/Contents/Developer/Toolchains/XcodeDefault.xctoolchain/usr/bin/clang option to enable C11 features... (cached) none needed
2026-06-25T21:58:08.9152700Z checking whether /Applications/Xcode_15.4.app/Contents/Developer/Toolchains/XcodeDefault.xctoolchain/usr/bin/clang understands -c and -o together... (cached) yes
2026-06-25T21:58:08.9154460Z checking for inttypes.h... (cached) yes
2026-06-25T21:58:08.9155380Z checking for stdint.h... (cached) yes
2026-06-25T21:58:08.9156350Z checking for sys/types.h... (cached) yes
2026-06-25T21:58:08.9585380Z checking for an ANSI C-conforming const... yes
2026-06-25T21:58:09.1955410Z checking size of int16_t... 2
2026-06-25T21:58:09.4080760Z checking size of uint16_t... 2
2026-06-25T21:58:09.6184750Z checking size of u_int16_t... 2
2026-06-25T21:58:09.9309200Z checking size of int32_t... 4
2026-06-25T21:58:10.2267250Z checking size of uint32_t... 4
2026-06-25T21:58:10.5186400Z checking size of u_int32_t... 4
2026-06-25T21:58:10.9035050Z checking size of int64_t... 8
2026-06-25T21:58:11.2732410Z checking size of uint64_t... 8
2026-06-25T21:58:11.4869510Z checking size of short... 2
2026-06-25T21:58:11.7637970Z checking size of int... 4
2026-06-25T21:58:12.1153920Z checking size of long... 8
2026-06-25T21:58:12.5098300Z checking size of long long... 8
2026-06-25T21:58:12.5101920Z checking for working memcmp... no
2026-06-25T21:58:12.5428700Z checking that generated files are newer than configure... done
2026-06-25T21:58:12.5429650Z configure: creating ./config.status
2026-06-25T21:58:12.9710590Z config.status: creating Makefile
2026-06-25T21:58:12.9842640Z config.status: creating src/Makefile
2026-06-25T21:58:13.0011410Z config.status: creating doc/Makefile
2026-06-25T21:58:13.0168550Z config.status: creating doc/libogg/Makefile
2026-06-25T21:58:13.0331840Z config.status: creating include/Makefile
2026-06-25T21:58:13.0491650Z config.status: creating include/ogg/Makefile
2026-06-25T21:58:13.0651380Z config.status: creating include/ogg/config_types.h
2026-06-25T21:58:13.0789130Z config.status: creating libogg.spec
2026-06-25T21:58:13.0895940Z config.status: creating ogg.pc
2026-06-25T21:58:13.1001900Z config.status: creating ogg-uninstalled.pc
2026-06-25T21:58:13.1107050Z config.status: creating config.h
2026-06-25T21:58:13.1331480Z config.status: executing libtool commands
2026-06-25T21:58:13.1455030Z config.status: executing depfiles commands
2026-06-25T21:58:13.2406550Z /Applications/Xcode_15.4.app/Contents/Developer/usr/bin/make  all-recursive
2026-06-25T21:58:13.2477430Z Making all in src
2026-06-25T21:58:13.2508990Z /Applications/Xcode_15.4.app/Contents/Developer/Toolchains/XcodeDefault.xctoolchain/usr/bin/clang -DHAVE_CONFIG_H -I. -I..  -I../include -I../include -arch arm64 -isysroot /Applications/Xcode_15.4.app/Contents/Developer/Platforms/iPhoneOS.platform/Developer/SDKs/iPhoneOS17.5.sdk -miphoneos-version-min=14.0 -I/Users/runner/work/LiteReplayd/LiteReplayd/build/prefix/include -fPIC -O2 -D_V_SELFTEST -fno-common -O4 -Wall -Wextra -fsigned-char -ffast-math -arch arm64 -isysroot /Applications/Xcode_15.4.app/Contents/Developer/Platforms/iPhoneOS.platform/Developer/SDKs/iPhoneOS17.5.sdk -miphoneos-version-min=14.0 -I/Users/runner/work/LiteReplayd/LiteReplayd/build/prefix/include -fPIC -O2 -MT test_bitwise-bitwise.o -MD -MP -MF .deps/test_bitwise-bitwise.Tpo -c -o test_bitwise-bitwise.o `test -f 'bitwise.c' || echo './'`bitwise.c
2026-06-25T21:58:13.2514040Z /Applications/Xcode_15.4.app/Contents/Developer/Toolchains/XcodeDefault.xctoolchain/usr/bin/clang -DHAVE_CONFIG_H -I. -I..  -I../include -I../include -arch arm64 -isysroot /Applications/Xcode_15.4.app/Contents/Developer/Platforms/iPhoneOS.platform/Developer/SDKs/iPhoneOS17.5.sdk -miphoneos-version-min=14.0 -I/Users/runner/work/LiteReplayd/LiteReplayd/build/prefix/include -fPIC -O2 -D_V_SELFTEST -fno-common -O4 -Wall -Wextra -fsigned-char -ffast-math -arch arm64 -isysroot /Applications/Xcode_15.4.app/Contents/Developer/Platforms/iPhoneOS.platform/Developer/SDKs/iPhoneOS17.5.sdk -miphoneos-version-min=14.0 -I/Users/runner/work/LiteReplayd/LiteReplayd/build/prefix/include -fPIC -O2 -MT test_framing-framing.o -MD -MP -MF .deps/test_framing-framing.Tpo -c -o test_framing-framing.o `test -f 'framing.c' || echo './'`framing.c
2026-06-25T21:58:13.2518940Z /bin/sh ../libtool  --tag=CC   --mode=compile /Applications/Xcode_15.4.app/Contents/Developer/Toolchains/XcodeDefault.xctoolchain/usr/bin/clang -DHAVE_CONFIG_H -I. -I..  -I../include -I../include -arch arm64 -isysroot /Applications/Xcode_15.4.app/Contents/Developer/Platforms/iPhoneOS.platform/Developer/SDKs/iPhoneOS17.5.sdk -miphoneos-version-min=14.0 -I/Users/runner/work/LiteReplayd/LiteReplayd/build/prefix/include -fPIC -O2  -fno-common -O4 -Wall -Wextra -fsigned-char -ffast-math -arch arm64 -isysroot /Applications/Xcode_15.4.app/Contents/Developer/Platforms/iPhoneOS.platform/Developer/SDKs/iPhoneOS17.5.sdk -miphoneos-version-min=14.0 -I/Users/runner/work/LiteReplayd/LiteReplayd/build/prefix/include -fPIC -O2 -MT framing.lo -MD -MP -MF .deps/framing.Tpo -c -o framing.lo framing.c
2026-06-25T21:58:13.2933980Z libtool: compile:  /Applications/Xcode_15.4.app/Contents/Developer/Toolchains/XcodeDefault.xctoolchain/usr/bin/clang -DHAVE_CONFIG_H -I. -I.. -I../include -I../include -arch arm64 -isysroot /Applications/Xcode_15.4.app/Contents/Developer/Platforms/iPhoneOS.platform/Developer/SDKs/iPhoneOS17.5.sdk -miphoneos-version-min=14.0 -I/Users/runner/work/LiteReplayd/LiteReplayd/build/prefix/include -fPIC -O2 -fno-common -O4 -Wall -Wextra -fsigned-char -ffast-math -arch arm64 -isysroot /Applications/Xcode_15.4.app/Contents/Developer/Platforms/iPhoneOS.platform/Developer/SDKs/iPhoneOS17.5.sdk -miphoneos-version-min=14.0 -I/Users/runner/work/LiteReplayd/LiteReplayd/build/prefix/include -fPIC -O2 -MT framing.lo -MD -MP -MF .deps/framing.Tpo -c framing.c -o framing.o
2026-06-25T21:58:13.4345550Z mv -f .deps/framing.Tpo .deps/framing.Plo
2026-06-25T21:58:13.4548560Z /bin/sh ../libtool  --tag=CC   --mode=compile /Applications/Xcode_15.4.app/Contents/Developer/Toolchains/XcodeDefault.xctoolchain/usr/bin/clang -DHAVE_CONFIG_H -I. -I..  -I../include -I../include -arch arm64 -isysroot /Applications/Xcode_15.4.app/Contents/Developer/Platforms/iPhoneOS.platform/Developer/SDKs/iPhoneOS17.5.sdk -miphoneos-version-min=14.0 -I/Users/runner/work/LiteReplayd/LiteReplayd/build/prefix/include -fPIC -O2  -fno-common -O4 -Wall -Wextra -fsigned-char -ffast-math -arch arm64 -isysroot /Applications/Xcode_15.4.app/Contents/Developer/Platforms/iPhoneOS.platform/Developer/SDKs/iPhoneOS17.5.sdk -miphoneos-version-min=14.0 -I/Users/runner/work/LiteReplayd/LiteReplayd/build/prefix/include -fPIC -O2 -MT bitwise.lo -MD -MP -MF .deps/bitwise.Tpo -c -o bitwise.lo bitwise.c
2026-06-25T21:58:13.4650730Z mv -f .deps/test_bitwise-bitwise.Tpo .deps/test_bitwise-bitwise.Po
2026-06-25T21:58:13.4839540Z /bin/sh ../libtool  --tag=CC   --mode=link /Applications/Xcode_15.4.app/Contents/Developer/Toolchains/XcodeDefault.xctoolchain/usr/bin/clang -D_V_SELFTEST -fno-common -O4 -Wall -Wextra -fsigned-char -ffast-math -arch arm64 -isysroot /Applications/Xcode_15.4.app/Contents/Developer/Platforms/iPhoneOS.platform/Developer/SDKs/iPhoneOS17.5.sdk -miphoneos-version-min=14.0 -I/Users/runner/work/LiteReplayd/LiteReplayd/build/prefix/include -fPIC -O2  -arch arm64 -isysroot /Applications/Xcode_15.4.app/Contents/Developer/Platforms/iPhoneOS.platform/Developer/SDKs/iPhoneOS17.5.sdk -miphoneos-version-min=14.0 -L/Users/runner/work/LiteReplayd/LiteReplayd/build/prefix/lib -o test_bitwise test_bitwise-bitwise.o  
2026-06-25T21:58:13.5025540Z libtool: compile:  /Applications/Xcode_15.4.app/Contents/Developer/Toolchains/XcodeDefault.xctoolchain/usr/bin/clang -DHAVE_CONFIG_H -I. -I.. -I../include -I../include -arch arm64 -isysroot /Applications/Xcode_15.4.app/Contents/Developer/Platforms/iPhoneOS.platform/Developer/SDKs/iPhoneOS17.5.sdk -miphoneos-version-min=14.0 -I/Users/runner/work/LiteReplayd/LiteReplayd/build/prefix/include -fPIC -O2 -fno-common -O4 -Wall -Wextra -fsigned-char -ffast-math -arch arm64 -isysroot /Applications/Xcode_15.4.app/Contents/Developer/Platforms/iPhoneOS.platform/Developer/SDKs/iPhoneOS17.5.sdk -miphoneos-version-min=14.0 -I/Users/runner/work/LiteReplayd/LiteReplayd/build/prefix/include -fPIC -O2 -MT bitwise.lo -MD -MP -MF .deps/bitwise.Tpo -c bitwise.c -o bitwise.o
2026-06-25T21:58:13.5456160Z mv -f .deps/test_framing-framing.Tpo .deps/test_framing-framing.Po
2026-06-25T21:58:13.5496530Z /bin/sh ../libtool  --tag=CC   --mode=link /Applications/Xcode_15.4.app/Contents/Developer/Toolchains/XcodeDefault.xctoolchain/usr/bin/clang -D_V_SELFTEST -fno-common -O4 -Wall -Wextra -fsigned-char -ffast-math -arch arm64 -isysroot /Applications/Xcode_15.4.app/Contents/Developer/Platforms/iPhoneOS.platform/Developer/SDKs/iPhoneOS17.5.sdk -miphoneos-version-min=14.0 -I/Users/runner/work/LiteReplayd/LiteReplayd/build/prefix/include -fPIC -O2  -arch arm64 -isysroot /Applications/Xcode_15.4.app/Contents/Developer/Platforms/iPhoneOS.platform/Developer/SDKs/iPhoneOS17.5.sdk -miphoneos-version-min=14.0 -L/Users/runner/work/LiteReplayd/LiteReplayd/build/prefix/lib -o test_framing test_framing-framing.o  
2026-06-25T21:58:13.5580830Z libtool: link: /Applications/Xcode_15.4.app/Contents/Developer/Toolchains/XcodeDefault.xctoolchain/usr/bin/clang -D_V_SELFTEST -fno-common -O4 -Wall -Wextra -fsigned-char -ffast-math -arch arm64 -isysroot /Applications/Xcode_15.4.app/Contents/Developer/Platforms/iPhoneOS.platform/Developer/SDKs/iPhoneOS17.5.sdk -miphoneos-version-min=14.0 -I/Users/runner/work/LiteReplayd/LiteReplayd/build/prefix/include -fPIC -O2 -arch arm64 -isysroot /Applications/Xcode_15.4.app/Contents/Developer/Platforms/iPhoneOS.platform/Developer/SDKs/iPhoneOS17.5.sdk -miphoneos-version-min=14.0 -o test_bitwise test_bitwise-bitwise.o  -L/Users/runner/work/LiteReplayd/LiteReplayd/build/prefix/lib
2026-06-25T21:58:13.5671780Z mv -f .deps/bitwise.Tpo .deps/bitwise.Plo
2026-06-25T21:58:13.5720440Z /bin/sh ../libtool  --tag=CC   --mode=link /Applications/Xcode_15.4.app/Contents/Developer/Toolchains/XcodeDefault.xctoolchain/usr/bin/clang  -fno-common -O4 -Wall -Wextra -fsigned-char -ffast-math -arch arm64 -isysroot /Applications/Xcode_15.4.app/Contents/Developer/Platforms/iPhoneOS.platform/Developer/SDKs/iPhoneOS17.5.sdk -miphoneos-version-min=14.0 -I/Users/runner/work/LiteReplayd/LiteReplayd/build/prefix/include -fPIC -O2 -no-undefined -version-info 8:6:8 -arch arm64 -isysroot /Applications/Xcode_15.4.app/Contents/Developer/Platforms/iPhoneOS.platform/Developer/SDKs/iPhoneOS17.5.sdk -miphoneos-version-min=14.0 -L/Users/runner/work/LiteReplayd/LiteReplayd/build/prefix/lib -o libogg.la -rpath /Users/runner/work/LiteReplayd/LiteReplayd/build/prefix/lib framing.lo bitwise.lo  
2026-06-25T21:58:13.6161880Z libtool: link: /Applications/Xcode_15.4.app/Contents/Developer/Toolchains/XcodeDefault.xctoolchain/usr/bin/clang -D_V_SELFTEST -fno-common -O4 -Wall -Wextra -fsigned-char -ffast-math -arch arm64 -isysroot /Applications/Xcode_15.4.app/Contents/Developer/Platforms/iPhoneOS.platform/Developer/SDKs/iPhoneOS17.5.sdk -miphoneos-version-min=14.0 -I/Users/runner/work/LiteReplayd/LiteReplayd/build/prefix/include -fPIC -O2 -arch arm64 -isysroot /Applications/Xcode_15.4.app/Contents/Developer/Platforms/iPhoneOS.platform/Developer/SDKs/iPhoneOS17.5.sdk -miphoneos-version-min=14.0 -o test_framing test_framing-framing.o  -L/Users/runner/work/LiteReplayd/LiteReplayd/build/prefix/lib
2026-06-25T21:58:13.6483990Z libtool: link: /Applications/Xcode_15.4.app/Contents/Developer/Toolchains/XcodeDefault.xctoolchain/usr/bin/ar cr .libs/libogg.a  framing.o bitwise.o
2026-06-25T21:58:13.6554480Z libtool: link: /Applications/Xcode_15.4.app/Contents/Developer/Toolchains/XcodeDefault.xctoolchain/usr/bin/ranlib .libs/libogg.a
2026-06-25T21:58:13.6875820Z libtool: link: ( cd ".libs" && rm -f "libogg.la" && ln -s "../libogg.la" "libogg.la" )
2026-06-25T21:58:13.6935920Z Making all in include
2026-06-25T21:58:13.7025670Z Making all in ogg
2026-06-25T21:58:13.7056480Z make[3]: Nothing to be done for `all'.
2026-06-25T21:58:13.7097880Z make[3]: Nothing to be done for `all-am'.
2026-06-25T21:58:13.7104980Z Making all in doc
2026-06-25T21:58:13.7201890Z Making all in libogg
2026-06-25T21:58:13.7237220Z make[3]: Nothing to be done for `all'.
2026-06-25T21:58:13.7265080Z make[3]: Nothing to be done for `all-am'.
2026-06-25T21:58:13.7296710Z make[2]: Nothing to be done for `all-am'.
2026-06-25T21:58:13.7449960Z Making install in src
2026-06-25T21:58:13.7652900Z  /opt/homebrew/bin/gmkdir -p '/Users/runner/work/LiteReplayd/LiteReplayd/build/prefix/lib'
2026-06-25T21:58:13.7671560Z  /bin/sh ../libtool   --mode=install /opt/homebrew/bin/ginstall -c   libogg.la '/Users/runner/work/LiteReplayd/LiteReplayd/build/prefix/lib'
2026-06-25T21:58:13.8019690Z libtool: install: /opt/homebrew/bin/ginstall -c .libs/libogg.lai /Users/runner/work/LiteReplayd/LiteReplayd/build/prefix/lib/libogg.la
2026-06-25T21:58:13.8078560Z libtool: install: /opt/homebrew/bin/ginstall -c .libs/libogg.a /Users/runner/work/LiteReplayd/LiteReplayd/build/prefix/lib/libogg.a
2026-06-25T21:58:13.8123080Z libtool: install: chmod 644 /Users/runner/work/LiteReplayd/LiteReplayd/build/prefix/lib/libogg.a
2026-06-25T21:58:13.8156580Z libtool: install: /Applications/Xcode_15.4.app/Contents/Developer/Toolchains/XcodeDefault.xctoolchain/usr/bin/ranlib /Users/runner/work/LiteReplayd/LiteReplayd/build/prefix/lib/libogg.a
2026-06-25T21:58:13.8457690Z make[2]: Nothing to be done for `install-data-am'.
2026-06-25T21:58:13.8462200Z Making install in include
2026-06-25T21:58:13.8538230Z Making install in ogg
2026-06-25T21:58:13.8578260Z make[3]: Nothing to be done for `install-exec-am'.
2026-06-25T21:58:13.8597120Z  /opt/homebrew/bin/gmkdir -p '/Users/runner/work/LiteReplayd/LiteReplayd/build/prefix/include/ogg'
2026-06-25T21:58:13.8632210Z  /opt/homebrew/bin/ginstall -c -m 644 config_types.h '/Users/runner/work/LiteReplayd/LiteReplayd/build/prefix/include/ogg'
2026-06-25T21:58:13.8672680Z  /opt/homebrew/bin/gmkdir -p '/Users/runner/work/LiteReplayd/LiteReplayd/build/prefix/include/ogg'
2026-06-25T21:58:13.8709950Z  /opt/homebrew/bin/ginstall -c -m 644 ogg.h os_types.h '/Users/runner/work/LiteReplayd/LiteReplayd/build/prefix/include/ogg'
2026-06-25T21:58:13.8787940Z make[3]: Nothing to be done for `install-exec-am'.
2026-06-25T21:58:13.8788700Z make[3]: Nothing to be done for `install-data-am'.
2026-06-25T21:58:13.8793190Z Making install in doc
2026-06-25T21:58:13.8861170Z Making install in libogg
2026-06-25T21:58:13.8904570Z make[3]: Nothing to be done for `install-exec-am'.
2026-06-25T21:58:13.8927830Z  /opt/homebrew/bin/gmkdir -p '/Users/runner/work/LiteReplayd/LiteReplayd/build/prefix/share/doc/libogg/libogg'
2026-06-25T21:58:13.8977960Z  /opt/homebrew/bin/ginstall -c -m 644 bitpacking.html datastructures.html decoding.html encoding.html general.html index.html ogg_iovec_t.html ogg_packet.html ogg_packet_clear.html ogg_page.html ogg_page_bos.html ogg_page_checksum_set.html ogg_page_continued.html ogg_page_eos.html ogg_page_granulepos.html ogg_page_packets.html ogg_page_pageno.html ogg_page_serialno.html ogg_page_version.html ogg_stream_check.html ogg_stream_clear.html ogg_stream_destroy.html ogg_stream_eos.html ogg_stream_flush.html ogg_stream_flush_fill.html ogg_stream_init.html ogg_stream_iovecin.html ogg_stream_packetin.html ogg_stream_packetout.html ogg_stream_packetpeek.html ogg_stream_pagein.html ogg_stream_pageout.html ogg_stream_pageout_fill.html ogg_stream_reset.html ogg_stream_reset_serialno.html ogg_stream_state.html ogg_sync_buffer.html ogg_sync_check.html ogg_sync_clear.html ogg_sync_destroy.html '/Users/runner/work/LiteReplayd/LiteReplayd/build/prefix/share/doc/libogg/libogg'
2026-06-25T21:58:13.9066730Z  /opt/homebrew/bin/ginstall -c -m 644 ogg_sync_init.html ogg_sync_pageout.html ogg_sync_pageseek.html ogg_sync_reset.html ogg_sync_state.html ogg_sync_wrote.html oggpack_adv.html oggpack_adv1.html oggpack_bits.html oggpack_buffer.html oggpack_bytes.html oggpack_get_buffer.html oggpack_look.html oggpack_look1.html oggpack_read.html oggpack_read1.html oggpack_readinit.html oggpack_reset.html oggpack_write.html oggpack_writealign.html oggpack_writecheck.html oggpack_writeclear.html oggpack_writecopy.html oggpack_writeinit.html oggpack_writetrunc.html overview.html reference.html style.css '/Users/runner/work/LiteReplayd/LiteReplayd/build/prefix/share/doc/libogg/libogg'
2026-06-25T21:58:13.9269970Z make[3]: Nothing to be done for `install-exec-am'.
2026-06-25T21:58:13.9371200Z  /opt/homebrew/bin/gmkdir -p '/Users/runner/work/LiteReplayd/LiteReplayd/build/prefix/share/doc/libogg'
2026-06-25T21:58:13.9473260Z  /opt/homebrew/bin/ginstall -c -m 644 framing.html index.html oggstream.html ogg-multiplex.html fish_xiph_org.png multiplex1.png packets.png pages.png stream.png vorbisword2.png white-ogg.png white-xifish.png rfc3533.txt rfc5334.txt skeleton.html '/Users/runner/work/LiteReplayd/LiteReplayd/build/prefix/share/doc/libogg'
2026-06-25T21:58:13.9677890Z make[2]: Nothing to be done for `install-exec-am'.
2026-06-25T21:58:13.9726240Z  /opt/homebrew/bin/gmkdir -p '/Users/runner/work/LiteReplayd/LiteReplayd/build/prefix/share/aclocal'
2026-06-25T21:58:13.9743040Z  /opt/homebrew/bin/ginstall -c -m 644 ogg.m4 '/Users/runner/work/LiteReplayd/LiteReplayd/build/prefix/share/aclocal'
2026-06-25T21:58:13.9782700Z  /opt/homebrew/bin/gmkdir -p '/Users/runner/work/LiteReplayd/LiteReplayd/build/prefix/lib/pkgconfig'
2026-06-25T21:58:13.9814920Z  /opt/homebrew/bin/ginstall -c -m 644 ogg.pc '/Users/runner/work/LiteReplayd/LiteReplayd/build/prefix/lib/pkgconfig'
2026-06-25T21:58:13.9842430Z ==> libvorbis
2026-06-25T21:58:13.9883320Z Cloning into '/Users/runner/work/LiteReplayd/LiteReplayd/build/src/vorbis'...
2026-06-25T21:58:17.1855280Z glibtoolize: putting auxiliary files in '.'.
2026-06-25T21:58:17.1856770Z glibtoolize: copying file './ltmain.sh'
2026-06-25T21:58:17.2848550Z glibtoolize: putting macros in AC_CONFIG_MACRO_DIRS, 'm4'.
2026-06-25T21:58:17.2849450Z glibtoolize: copying file 'm4/libtool.m4'
2026-06-25T21:58:17.3148210Z glibtoolize: copying file 'm4/ltoptions.m4'
2026-06-25T21:58:17.3341400Z glibtoolize: copying file 'm4/ltsugar.m4'
2026-06-25T21:58:17.3555280Z glibtoolize: copying file 'm4/ltversion.m4'
2026-06-25T21:58:17.3768150Z glibtoolize: copying file 'm4/lt~obsolete.m4'
2026-06-25T21:58:18.3623180Z configure.ac:66: warning: The macro 'AC_LIBTOOL_WIN32_DLL' is obsolete.
2026-06-25T21:58:18.3623740Z configure.ac:66: You should run autoupdate.
2026-06-25T21:58:18.3624080Z m4/ltoptions.m4:148: AC_LIBTOOL_WIN32_DLL is expanded from...
2026-06-25T21:58:18.3624770Z configure.ac:66: the top level
2026-06-25T21:58:18.3625240Z configure.ac:66: warning: AC_LIBTOOL_WIN32_DLL: Remove this warning and the call to _LT_SET_OPTION when you
2026-06-25T21:58:18.3625910Z configure.ac:66: put the 'win32-dll' option into LT_INIT's first parameter.
2026-06-25T21:58:18.3626340Z ./lib/autoconf/general.m4:2490: AC_DIAGNOSE is expanded from...
2026-06-25T21:58:18.3626710Z m4/ltoptions.m4:148: AC_LIBTOOL_WIN32_DLL is expanded from...
2026-06-25T21:58:18.3627020Z configure.ac:66: the top level
2026-06-25T21:58:18.3627360Z configure.ac:67: warning: The macro 'AC_PROG_LIBTOOL' is obsolete.
2026-06-25T21:58:18.3628490Z configure.ac:67: You should run autoupdate.
2026-06-25T21:58:18.3629460Z m4/libtool.m4:100: AC_PROG_LIBTOOL is expanded from...
2026-06-25T21:58:18.3629720Z configure.ac:67: the top level
2026-06-25T21:58:18.3630000Z configure.ac:83: warning: The macro 'AC_HELP_STRING' is obsolete.
2026-06-25T21:58:18.3630340Z configure.ac:83: You should run autoupdate.
2026-06-25T21:58:18.3630700Z ./lib/autoconf/general.m4:205: AC_HELP_STRING is expanded from...
2026-06-25T21:58:18.3631020Z configure.ac:83: the top level
2026-06-25T21:58:18.3631340Z configure.ac:196: warning: The macro 'AC_TRY_COMPILE' is obsolete.
2026-06-25T21:58:18.3631710Z configure.ac:196: You should run autoupdate.
2026-06-25T21:58:18.3632050Z ./lib/autoconf/general.m4:2903: AC_TRY_COMPILE is expanded from...
2026-06-25T21:58:18.3632400Z configure.ac:196: the top level
2026-06-25T21:58:18.3632680Z configure.ac:219: warning: The macro 'AC_TRY_LINK' is obsolete.
2026-06-25T21:58:18.3633050Z configure.ac:219: You should run autoupdate.
2026-06-25T21:58:18.3633780Z ./lib/autoconf/general.m4:2976: AC_TRY_LINK is expanded from...
2026-06-25T21:58:18.3634190Z m4/add_cflags.m4:5: AC_ADD_CFLAGS is expanded from...
2026-06-25T21:58:18.3634480Z configure.ac:219: the top level
2026-06-25T21:58:18.3634800Z configure.ac:252: warning: The macro 'AC_HELP_STRING' is obsolete.
2026-06-25T21:58:18.3635140Z configure.ac:252: You should run autoupdate.
2026-06-25T21:58:18.3635490Z ./lib/autoconf/general.m4:205: AC_HELP_STRING is expanded from...
2026-06-25T21:58:18.3635820Z m4/ogg.m4:8: XIPH_PATH_OGG is expanded from...
2026-06-25T21:58:18.3636560Z configure.ac:252: the top level
2026-06-25T21:58:18.3636880Z configure.ac:252: warning: The macro 'AC_TRY_RUN' is obsolete.
2026-06-25T21:58:18.3637590Z configure.ac:252: You should run autoupdate.
2026-06-25T21:58:18.3639860Z ./lib/autoconf/general.m4:3053: AC_TRY_RUN is expanded from...
2026-06-25T21:58:18.3640740Z m4/ogg.m4:8: XIPH_PATH_OGG is expanded from...
2026-06-25T21:58:18.3641410Z configure.ac:252: the top level
2026-06-25T21:58:18.3641740Z configure.ac:252: warning: The macro 'AC_TRY_LINK' is obsolete.
2026-06-25T21:58:18.3642240Z configure.ac:252: You should run autoupdate.
2026-06-25T21:58:18.3643000Z ./lib/autoconf/general.m4:2976: AC_TRY_LINK is expanded from...
2026-06-25T21:58:18.3643920Z m4/ogg.m4:8: XIPH_PATH_OGG is expanded from...
2026-06-25T21:58:18.3644600Z configure.ac:252: the top level
2026-06-25T21:58:18.9286140Z configure.ac:60: installing './compile'
2026-06-25T21:58:18.9314530Z configure.ac:14: installing './config.guess'
2026-06-25T21:58:18.9340950Z configure.ac:14: installing './config.sub'
2026-06-25T21:58:18.9365760Z configure.ac:16: installing './install-sh'
2026-06-25T21:58:18.9392290Z configure.ac:16: installing './missing'
2026-06-25T21:58:19.0084020Z examples/Makefile.am: installing './depcomp'
2026-06-25T21:58:19.3463200Z checking build system type... aarch64-apple-darwin23.6.0
2026-06-25T21:58:19.3543930Z checking host system type... aarch64-apple-darwin
2026-06-25T21:58:19.3670000Z checking for a BSD-compatible install... /opt/homebrew/bin/ginstall -c
2026-06-25T21:58:19.3811320Z checking whether sleep supports fractional seconds... yes
2026-06-25T21:58:20.4524520Z checking filesystem timestamp resolution... 2
2026-06-25T21:58:20.4600350Z checking whether build environment is sane... yes
2026-06-25T21:58:20.4695360Z checking for aarch64-apple-darwin-strip... /Applications/Xcode_15.4.app/Contents/Developer/Toolchains/XcodeDefault.xctoolchain/usr/bin/strip
2026-06-25T21:58:20.4726260Z checking for a race-free mkdir -p... /opt/homebrew/bin/gmkdir -p
2026-06-25T21:58:20.4729710Z checking for gawk... no
2026-06-25T21:58:20.4732930Z checking for mawk... no
2026-06-25T21:58:20.4739900Z checking for nawk... no
2026-06-25T21:58:20.4741650Z checking for awk... awk
2026-06-25T21:58:20.4913510Z checking whether make sets $(MAKE)... yes
2026-06-25T21:58:20.5081720Z checking whether make supports nested variables... yes
2026-06-25T21:58:20.5212350Z checking xargs -n works... yes
2026-06-25T21:58:20.5283270Z checking whether UID '501' is supported by ustar format... yes
2026-06-25T21:58:20.5283650Z checking whether GID '20' is supported by ustar format... yes
2026-06-25T21:58:20.5552230Z checking how to create a ustar tar archive... gnutar
2026-06-25T21:58:20.5552840Z checking whether to enable maintainer-specific portions of Makefiles... no
2026-06-25T21:58:20.5553860Z checking for aarch64-apple-darwin-gcc... /Applications/Xcode_15.4.app/Contents/Developer/Toolchains/XcodeDefault.xctoolchain/usr/bin/clang
2026-06-25T21:58:20.7103700Z checking whether the C compiler works... yes
2026-06-25T21:58:20.7104390Z checking for C compiler default output file name... a.out
2026-06-25T21:58:20.7565820Z checking for suffix of executables... 
2026-06-25T21:58:20.8051780Z checking whether we are cross compiling... yes
2026-06-25T21:58:20.8346940Z checking for suffix of object files... o
2026-06-25T21:58:20.8572270Z checking whether the compiler supports GNU C... yes
2026-06-25T21:58:20.8787340Z checking whether /Applications/Xcode_15.4.app/Contents/Developer/Toolchains/XcodeDefault.xctoolchain/usr/bin/clang accepts -g... yes
2026-06-25T21:58:20.9272870Z checking for /Applications/Xcode_15.4.app/Contents/Developer/Toolchains/XcodeDefault.xctoolchain/usr/bin/clang option to enable C23 features... unsupported
2026-06-25T21:58:20.9697120Z checking for /Applications/Xcode_15.4.app/Contents/Developer/Toolchains/XcodeDefault.xctoolchain/usr/bin/clang option to enable C11 features... none needed
2026-06-25T21:58:21.0040960Z checking whether /Applications/Xcode_15.4.app/Contents/Developer/Toolchains/XcodeDefault.xctoolchain/usr/bin/clang understands -c and -o together... yes
2026-06-25T21:58:21.0178880Z checking whether make supports the include directive... yes (GNU style)
2026-06-25T21:58:21.0596370Z checking dependency style of /Applications/Xcode_15.4.app/Contents/Developer/Toolchains/XcodeDefault.xctoolchain/usr/bin/clang... gcc3
2026-06-25T21:58:21.1089190Z checking how to run the C preprocessor... /Applications/Xcode_15.4.app/Contents/Developer/Toolchains/XcodeDefault.xctoolchain/usr/bin/clang -E
2026-06-25T21:58:21.2036070Z checking for inline... inline
2026-06-25T21:58:21.2059300Z checking how to print strings... printf
2026-06-25T21:58:21.3482960Z checking for a sed that does not truncate output... /usr/bin/sed
2026-06-25T21:58:21.3517130Z checking for grep that handles long lines and -e... /usr/bin/grep
2026-06-25T21:58:21.3533610Z checking for egrep... /usr/bin/grep -E
2026-06-25T21:58:21.3552730Z checking for fgrep... /usr/bin/grep -F
2026-06-25T21:58:21.3672460Z checking for ld used by /Applications/Xcode_15.4.app/Contents/Developer/Toolchains/XcodeDefault.xctoolchain/usr/bin/clang... /Applications/Xcode_15.4.app/Contents/Developer/Toolchains/XcodeDefault.xctoolchain/usr/bin/ld
2026-06-25T21:58:21.3724800Z checking if the linker (/Applications/Xcode_15.4.app/Contents/Developer/Toolchains/XcodeDefault.xctoolchain/usr/bin/ld) is GNU ld... no
2026-06-25T21:58:21.3729380Z checking for BSD- or MS-compatible name lister (nm)... no
2026-06-25T21:58:21.3733650Z checking for aarch64-apple-darwin-dumpbin... no
2026-06-25T21:58:21.3736650Z checking for aarch64-apple-darwin-link... no
2026-06-25T21:58:21.3739420Z checking for dumpbin... no
2026-06-25T21:58:21.3742280Z checking for link... link -dump
2026-06-25T21:58:21.3742640Z configure: WARNING: using cross tools not prefixed with host triplet
2026-06-25T21:58:21.4128960Z checking the name lister (nm) interface... BSD nm
2026-06-25T21:58:21.4129660Z checking whether ln -s works... yes
2026-06-25T21:58:21.4173560Z checking the maximum length of command line arguments... 786432
2026-06-25T21:58:21.4222680Z checking how to convert aarch64-apple-darwin23.6.0 file names to aarch64-apple-darwin format... func_convert_file_noop
2026-06-25T21:58:21.4224060Z checking how to convert aarch64-apple-darwin23.6.0 file names to toolchain format... func_convert_file_noop
2026-06-25T21:58:21.4224780Z checking for /Applications/Xcode_15.4.app/Contents/Developer/Toolchains/XcodeDefault.xctoolchain/usr/bin/ld option to reload object files... -r
2026-06-25T21:58:21.4226850Z checking for file... file
2026-06-25T21:58:21.4227840Z checking for aarch64-apple-darwin-objdump... objdump
2026-06-25T21:58:21.4234640Z checking how to recognize dependent libraries... pass_all
2026-06-25T21:58:21.4236210Z checking for aarch64-apple-darwin-dlltool... dlltool
2026-06-25T21:58:21.4237830Z checking how to associate runtime and link libraries... printf %s\n
2026-06-25T21:58:21.4239500Z checking for aarch64-apple-darwin-ranlib... /Applications/Xcode_15.4.app/Contents/Developer/Toolchains/XcodeDefault.xctoolchain/usr/bin/ranlib
2026-06-25T21:58:21.4240710Z checking for aarch64-apple-darwin-ar... /Applications/Xcode_15.4.app/Contents/Developer/Toolchains/XcodeDefault.xctoolchain/usr/bin/ar
2026-06-25T21:58:21.4495690Z checking for archiver @FILE support... no
2026-06-25T21:58:21.4496780Z checking for aarch64-apple-darwin-strip... (cached) /Applications/Xcode_15.4.app/Contents/Developer/Toolchains/XcodeDefault.xctoolchain/usr/bin/strip
2026-06-25T21:58:21.6594730Z checking command to parse nm output from /Applications/Xcode_15.4.app/Contents/Developer/Toolchains/XcodeDefault.xctoolchain/usr/bin/clang object... ok
2026-06-25T21:58:21.6701700Z checking for sysroot... no
2026-06-25T21:58:21.6781310Z checking for a working dd... /bin/dd
2026-06-25T21:58:21.6840380Z checking how to truncate binary pipes... /bin/dd bs=4096 count=1
2026-06-25T21:58:21.6848310Z checking for aarch64-apple-darwin-mt... no
2026-06-25T21:58:21.6854010Z checking for mt... no
2026-06-25T21:58:21.6899580Z checking if : is a manifest tool... no
2026-06-25T21:58:21.6909960Z checking for aarch64-apple-darwin-dsymutil... no
2026-06-25T21:58:21.6912160Z checking for dsymutil... dsymutil
2026-06-25T21:58:21.6915630Z checking for aarch64-apple-darwin-nmedit... no
2026-06-25T21:58:21.6917810Z checking for nmedit... nmedit
2026-06-25T21:58:21.6920310Z checking for aarch64-apple-darwin-lipo... no
2026-06-25T21:58:21.6922790Z checking for lipo... lipo
2026-06-25T21:58:21.6925960Z checking for aarch64-apple-darwin-otool... no
2026-06-25T21:58:21.6928050Z checking for otool... otool
2026-06-25T21:58:21.6931560Z checking for aarch64-apple-darwin-otool64... no
2026-06-25T21:58:21.6933620Z checking for otool64... no
2026-06-25T21:58:21.7309280Z checking for -single_module linker flag... ld: warning: -single_module is obsolete
2026-06-25T21:58:21.7350640Z no
2026-06-25T21:58:21.7906360Z checking for -no_fixup_chains linker flag... yes
2026-06-25T21:58:21.8329310Z checking for -exported_symbols_list linker flag... yes
2026-06-25T21:58:21.9344580Z checking for -force_load linker flag... yes
2026-06-25T21:58:21.9610450Z checking for stdio.h... yes
2026-06-25T21:58:21.9890260Z checking for stdlib.h... yes
2026-06-25T21:58:22.0237010Z checking for string.h... yes
2026-06-25T21:58:22.0612620Z checking for inttypes.h... yes
2026-06-25T21:58:22.0932530Z checking for stdint.h... yes
2026-06-25T21:58:22.1246110Z checking for strings.h... yes
2026-06-25T21:58:22.1582390Z checking for sys/stat.h... yes
2026-06-25T21:58:22.1949650Z checking for sys/types.h... yes
2026-06-25T21:58:22.2285660Z checking for unistd.h... yes
2026-06-25T21:58:22.2640540Z checking for dlfcn.h... yes
2026-06-25T21:58:22.2695650Z checking for objdir... .libs
2026-06-25T21:58:22.3813240Z checking if /Applications/Xcode_15.4.app/Contents/Developer/Toolchains/XcodeDefault.xctoolchain/usr/bin/clang supports -fno-rtti -fno-exceptions... yes
2026-06-25T21:58:22.3814400Z checking for /Applications/Xcode_15.4.app/Contents/Developer/Toolchains/XcodeDefault.xctoolchain/usr/bin/clang option to produce PIC... -fno-common -DPIC
2026-06-25T21:58:22.4086130Z checking if /Applications/Xcode_15.4.app/Contents/Developer/Toolchains/XcodeDefault.xctoolchain/usr/bin/clang PIC flag -fno-common -DPIC works... yes
2026-06-25T21:58:22.4361030Z checking if /Applications/Xcode_15.4.app/Contents/Developer/Toolchains/XcodeDefault.xctoolchain/usr/bin/clang static flag -static works... no
2026-06-25T21:58:22.4698420Z checking if /Applications/Xcode_15.4.app/Contents/Developer/Toolchains/XcodeDefault.xctoolchain/usr/bin/clang supports -c -o file.o... yes
2026-06-25T21:58:22.4699260Z checking if /Applications/Xcode_15.4.app/Contents/Developer/Toolchains/XcodeDefault.xctoolchain/usr/bin/clang supports -c -o file.o... (cached) yes
2026-06-25T21:58:22.4700490Z checking whether the /Applications/Xcode_15.4.app/Contents/Developer/Toolchains/XcodeDefault.xctoolchain/usr/bin/clang linker (/Applications/Xcode_15.4.app/Contents/Developer/Toolchains/XcodeDefault.xctoolchain/usr/bin/ld) supports shared libraries... yes
2026-06-25T21:58:22.4941650Z checking dynamic linker characteristics... darwin dyld
2026-06-25T21:58:22.4942030Z checking how to hardcode library paths into programs... immediate
2026-06-25T21:58:22.4963530Z checking whether stripping libraries is possible... yes
2026-06-25T21:58:22.4963860Z checking if libtool supports shared libraries... yes
2026-06-25T21:58:22.4964120Z checking whether to build shared libraries... no
2026-06-25T21:58:22.4964380Z checking whether to build static libraries... yes
2026-06-25T21:58:22.5050220Z checking GCC version... 15.0.0
2026-06-25T21:58:22.6250220Z checking if /Applications/Xcode_15.4.app/Contents/Developer/Toolchains/XcodeDefault.xctoolchain/usr/bin/clang accepts -Wdeclaration-after-statement... yes
2026-06-25T21:58:22.6575160Z checking for memory.h... yes
2026-06-25T21:58:22.7095610Z checking for cos in -lm... yes
2026-06-25T21:58:22.7716170Z checking for pthread_create in -lpthread... yes
2026-06-25T21:58:22.7721510Z checking for aarch64-apple-darwin-pkg-config... no
2026-06-25T21:58:22.7722690Z checking for pkg-config... /opt/homebrew/bin/pkg-config
2026-06-25T21:58:22.7759090Z checking pkg-config is at least version 0.9.0... yes
2026-06-25T21:58:22.7836410Z checking for OGG... yes
2026-06-25T21:58:22.8538480Z checking for size_t... yes
2026-06-25T21:58:22.9273250Z checking for working alloca.h... yes
2026-06-25T21:58:22.9273970Z checking for alloca... yes
2026-06-25T21:58:22.9282230Z checking for working memcmp... no
2026-06-25T21:58:22.9620880Z checking that generated files are newer than configure... done
2026-06-25T21:58:22.9621610Z configure: creating ./config.status
2026-06-25T21:58:23.5738070Z config.status: creating Makefile
2026-06-25T21:58:23.5939850Z config.status: creating m4/Makefile
2026-06-25T21:58:23.6168110Z config.status: creating lib/Makefile
2026-06-25T21:58:23.6356580Z config.status: creating lib/modes/Makefile
2026-06-25T21:58:23.6514630Z config.status: creating lib/books/Makefile
2026-06-25T21:58:23.6678750Z config.status: creating lib/books/coupled/Makefile
2026-06-25T21:58:23.6841970Z config.status: creating lib/books/uncoupled/Makefile
2026-06-25T21:58:23.7038150Z config.status: creating lib/books/floor/Makefile
2026-06-25T21:58:23.7196300Z config.status: creating doc/Makefile
2026-06-25T21:58:23.7372640Z config.status: creating doc/vorbisfile/Makefile
2026-06-25T21:58:23.7623620Z config.status: creating doc/vorbisenc/Makefile
2026-06-25T21:58:23.7794090Z config.status: creating doc/libvorbis/Makefile
2026-06-25T21:58:23.7955560Z config.status: creating doc/Doxyfile
2026-06-25T21:58:23.8149930Z config.status: creating include/Makefile
2026-06-25T21:58:23.8306070Z config.status: creating include/vorbis/Makefile
2026-06-25T21:58:23.8476830Z config.status: creating examples/Makefile
2026-06-25T21:58:23.8647960Z config.status: creating test/Makefile
2026-06-25T21:58:23.8829060Z config.status: creating vq/Makefile
2026-06-25T21:58:23.8998990Z config.status: creating libvorbis.spec
2026-06-25T21:58:23.9129870Z config.status: creating vorbis.pc
2026-06-25T21:58:23.9254070Z config.status: creating vorbisenc.pc
2026-06-25T21:58:23.9378720Z config.status: creating vorbisfile.pc
2026-06-25T21:58:23.9501610Z config.status: creating vorbis-uninstalled.pc
2026-06-25T21:58:23.9626580Z config.status: creating vorbisenc-uninstalled.pc
2026-06-25T21:58:23.9812070Z config.status: creating vorbisfile-uninstalled.pc
2026-06-25T21:58:23.9993390Z config.status: creating config.h
2026-06-25T21:58:24.0289010Z config.status: executing depfiles commands
2026-06-25T21:58:24.5530370Z config.status: executing libtool commands
2026-06-25T21:58:24.6304300Z /Applications/Xcode_15.4.app/Contents/Developer/usr/bin/make  all-recursive
2026-06-25T21:58:24.6384050Z Making all in m4
2026-06-25T21:58:24.6410910Z make[2]: Nothing to be done for `all'.
2026-06-25T21:58:24.6411630Z Making all in include
2026-06-25T21:58:24.6489530Z Making all in vorbis
2026-06-25T21:58:24.6521690Z make[3]: Nothing to be done for `all'.
2026-06-25T21:58:24.6548610Z make[3]: Nothing to be done for `all-am'.
2026-06-25T21:58:24.6555210Z Making all in vq
2026-06-25T21:58:24.6594070Z make[2]: Nothing to be done for `all'.
2026-06-25T21:58:24.6595350Z Making all in lib
2026-06-25T21:58:24.6683940Z Making all in modes
2026-06-25T21:58:24.6709390Z make[3]: Nothing to be done for `all'.
2026-06-25T21:58:24.6711260Z Making all in books
2026-06-25T21:58:24.6781700Z Making all in coupled
2026-06-25T21:58:24.6805140Z make[4]: Nothing to be done for `all'.
2026-06-25T21:58:24.6807260Z Making all in uncoupled
2026-06-25T21:58:24.6833280Z make[4]: Nothing to be done for `all'.
2026-06-25T21:58:24.6834580Z Making all in floor
2026-06-25T21:58:24.6864550Z make[4]: Nothing to be done for `all'.
2026-06-25T21:58:24.6901630Z make[4]: Nothing to be done for `all-am'.
2026-06-25T21:58:24.6961170Z   CC       test_sharedbook-sharedbook.o
2026-06-25T21:58:24.6967220Z   CC       mdct.lo
2026-06-25T21:58:24.6970670Z   CC       smallft.lo
2026-06-25T21:58:24.8279850Z   CC       block.lo
2026-06-25T21:58:24.9530810Z   CC       envelope.lo
2026-06-25T21:58:25.1298310Z   CC       window.lo
2026-06-25T21:58:25.1529860Z   CC       lsp.lo
2026-06-25T21:58:25.2838990Z   CC       lpc.lo
2026-06-25T21:58:25.2940590Z   CC       analysis.lo
2026-06-25T21:58:25.3544720Z   CC       synthesis.lo
2026-06-25T21:58:25.4100550Z   CC       psy.lo
2026-06-25T21:58:25.4270140Z   CC       info.lo
2026-06-25T21:58:25.4828400Z   CC       floor1.lo
2026-06-25T21:58:25.5853650Z floor1.c:458:26: warning: variable 'y2b' set but not used [-Wunused-but-set-variable]
2026-06-25T21:58:25.5935340Z   double xb=0,yb=0,x2b=0,y2b=0,xyb=0,bn=0;
2026-06-25T21:58:25.5950260Z                          ^
2026-06-25T21:58:25.6183110Z   CC       floor0.lo
2026-06-25T21:58:25.7402240Z   CC       res0.lo
2026-06-25T21:58:25.7494990Z 1 warning generated.
2026-06-25T21:58:25.7612700Z   CC       mapping0.lo
2026-06-25T21:58:25.7636080Z   CC       registry.lo
2026-06-25T21:58:25.8640690Z   CC       codebook.lo
2026-06-25T21:58:25.9356960Z   CC       sharedbook.lo
2026-06-25T21:58:25.9848130Z   CC       lookup.lo
2026-06-25T21:58:26.0365730Z   CC       bitrate.lo
2026-06-25T21:58:26.0839960Z   CC       vorbisfile.lo
2026-06-25T21:58:26.1839480Z   CC       vorbisenc.lo
2026-06-25T21:58:26.1932570Z vorbisfile.c:1992:24: warning: unused variable 'fpu' [-Wunused-variable]
2026-06-25T21:58:26.1937420Z     vorbis_fpu_control fpu;
2026-06-25T21:58:26.1941210Z                        ^
2026-06-25T21:58:26.1949050Z   CCLD     test_sharedbook
2026-06-25T21:58:26.3718050Z   CCLD     libvorbis.la
2026-06-25T21:58:26.5499970Z 1 warning generated.
2026-06-25T21:58:26.6531170Z   CCLD     libvorbisfile.la
2026-06-25T21:58:26.7872050Z   CCLD     libvorbisenc.la
2026-06-25T21:58:26.9589740Z Making all in test
2026-06-25T21:58:26.9640730Z make[2]: Nothing to be done for `all'.
2026-06-25T21:58:26.9645950Z Making all in doc
2026-06-25T21:58:26.9763340Z Making all in libvorbis
2026-06-25T21:58:26.9799680Z make[3]: Nothing to be done for `all'.
2026-06-25T21:58:26.9803020Z Making all in vorbisfile
2026-06-25T21:58:26.9845170Z make[3]: Nothing to be done for `all'.
2026-06-25T21:58:26.9849450Z Making all in vorbisenc
2026-06-25T21:58:26.9885670Z make[3]: Nothing to be done for `all'.
2026-06-25T21:58:26.9922500Z echo "*** Warning: Documentation build is disabled."
2026-06-25T21:58:26.9950600Z *** Warning: Documentation build is disabled.
2026-06-25T21:58:26.9951060Z touch doxygen-build.stamp
2026-06-25T21:58:27.0016610Z make[2]: Nothing to be done for `all-am'.
2026-06-25T21:58:27.0152910Z Making install in m4
2026-06-25T21:58:27.0199820Z make[2]: Nothing to be done for `install-exec-am'.
2026-06-25T21:58:27.0200120Z make[2]: Nothing to be done for `install-data-am'.
2026-06-25T21:58:27.0204800Z Making install in include
2026-06-25T21:58:27.0286500Z Making install in vorbis
2026-06-25T21:58:27.0331400Z make[3]: Nothing to be done for `install-exec-am'.
2026-06-25T21:58:27.0354220Z  /opt/homebrew/bin/gmkdir -p '/Users/runner/work/LiteReplayd/LiteReplayd/build/prefix/include/vorbis'
2026-06-25T21:58:27.0403640Z  /opt/homebrew/bin/ginstall -c -m 644 codec.h vorbisfile.h vorbisenc.h '/Users/runner/work/LiteReplayd/LiteReplayd/build/prefix/include/vorbis'
2026-06-25T21:58:27.0492700Z make[3]: Nothing to be done for `install-exec-am'.
2026-06-25T21:58:27.0494170Z make[3]: Nothing to be done for `install-data-am'.
2026-06-25T21:58:27.0503930Z Making install in vq
2026-06-25T21:58:27.0559060Z make[2]: Nothing to be done for `install-exec-am'.
2026-06-25T21:58:27.0559680Z make[2]: Nothing to be done for `install-data-am'.
2026-06-25T21:58:27.0569910Z Making install in lib
2026-06-25T21:58:27.0759520Z Making install in modes
2026-06-25T21:58:27.0809160Z make[3]: Nothing to be done for `install-exec-am'.
2026-06-25T21:58:27.0809970Z make[3]: Nothing to be done for `install-data-am'.
2026-06-25T21:58:27.0814470Z Making install in books
2026-06-25T21:58:27.0897210Z Making install in coupled
2026-06-25T21:58:27.0952670Z make[4]: Nothing to be done for `install-exec-am'.
2026-06-25T21:58:27.0953000Z make[4]: Nothing to be done for `install-data-am'.
2026-06-25T21:58:27.0957830Z Making install in uncoupled
2026-06-25T21:58:27.1005080Z make[4]: Nothing to be done for `install-exec-am'.
2026-06-25T21:58:27.1006970Z make[4]: Nothing to be done for `install-data-am'.
2026-06-25T21:58:27.1009890Z Making install in floor
2026-06-25T21:58:27.1067260Z make[4]: Nothing to be done for `install-exec-am'.
2026-06-25T21:58:27.1067580Z make[4]: Nothing to be done for `install-data-am'.
2026-06-25T21:58:27.1115920Z make[4]: Nothing to be done for `install-exec-am'.
2026-06-25T21:58:27.1116300Z make[4]: Nothing to be done for `install-data-am'.
2026-06-25T21:58:27.1626050Z  /opt/homebrew/bin/gmkdir -p '/Users/runner/work/LiteReplayd/LiteReplayd/build/prefix/lib'
2026-06-25T21:58:27.1643260Z  /bin/sh ../libtool   --mode=install /opt/homebrew/bin/ginstall -c   libvorbis.la libvorbisfile.la libvorbisenc.la '/Users/runner/work/LiteReplayd/LiteReplayd/build/prefix/lib'
2026-06-25T21:58:27.1992620Z libtool: install: /opt/homebrew/bin/ginstall -c .libs/libvorbis.lai /Users/runner/work/LiteReplayd/LiteReplayd/build/prefix/lib/libvorbis.la
2026-06-25T21:58:27.2052070Z libtool: install: /opt/homebrew/bin/ginstall -c .libs/libvorbisfile.lai /Users/runner/work/LiteReplayd/LiteReplayd/build/prefix/lib/libvorbisfile.la
2026-06-25T21:58:27.2103930Z libtool: install: /opt/homebrew/bin/ginstall -c .libs/libvorbisenc.lai /Users/runner/work/LiteReplayd/LiteReplayd/build/prefix/lib/libvorbisenc.la
2026-06-25T21:58:27.2162930Z libtool: install: /opt/homebrew/bin/ginstall -c .libs/libvorbis.a /Users/runner/work/LiteReplayd/LiteReplayd/build/prefix/lib/libvorbis.a
2026-06-25T21:58:27.2230790Z libtool: install: chmod 644 /Users/runner/work/LiteReplayd/LiteReplayd/build/prefix/lib/libvorbis.a
2026-06-25T21:58:27.2290990Z libtool: install: /Applications/Xcode_15.4.app/Contents/Developer/Toolchains/XcodeDefault.xctoolchain/usr/bin/ranlib /Users/runner/work/LiteReplayd/LiteReplayd/build/prefix/lib/libvorbis.a
2026-06-25T21:58:27.2393000Z libtool: install: /opt/homebrew/bin/ginstall -c .libs/libvorbisfile.a /Users/runner/work/LiteReplayd/LiteReplayd/build/prefix/lib/libvorbisfile.a
2026-06-25T21:58:27.2462420Z libtool: install: chmod 644 /Users/runner/work/LiteReplayd/LiteReplayd/build/prefix/lib/libvorbisfile.a
2026-06-25T21:58:27.2517340Z libtool: install: /Applications/Xcode_15.4.app/Contents/Developer/Toolchains/XcodeDefault.xctoolchain/usr/bin/ranlib /Users/runner/work/LiteReplayd/LiteReplayd/build/prefix/lib/libvorbisfile.a
2026-06-25T21:58:27.2586280Z libtool: install: /opt/homebrew/bin/ginstall -c .libs/libvorbisenc.a /Users/runner/work/LiteReplayd/LiteReplayd/build/prefix/lib/libvorbisenc.a
2026-06-25T21:58:27.2657620Z libtool: install: chmod 644 /Users/runner/work/LiteReplayd/LiteReplayd/build/prefix/lib/libvorbisenc.a
2026-06-25T21:58:27.2704380Z libtool: install: /Applications/Xcode_15.4.app/Contents/Developer/Toolchains/XcodeDefault.xctoolchain/usr/bin/ranlib /Users/runner/work/LiteReplayd/LiteReplayd/build/prefix/lib/libvorbisenc.a
2026-06-25T21:58:27.3078880Z make[3]: Nothing to be done for `install-data-am'.
2026-06-25T21:58:27.3088960Z Making install in test
2026-06-25T21:58:27.3146150Z make[2]: Nothing to be done for `install-exec-am'.
2026-06-25T21:58:27.3146540Z make[2]: Nothing to be done for `install-data-am'.
2026-06-25T21:58:27.3149890Z Making install in doc
2026-06-25T21:58:27.3243450Z Making install in libvorbis
2026-06-25T21:58:27.3294110Z make[3]: Nothing to be done for `install-exec-am'.
2026-06-25T21:58:27.3326870Z  /opt/homebrew/bin/gmkdir -p '/Users/runner/work/LiteReplayd/LiteReplayd/build/prefix/share/doc/libvorbis-1.3.7/libvorbis'
2026-06-25T21:58:27.3388710Z  /opt/homebrew/bin/ginstall -c -m 644 index.html reference.html style.css vorbis_comment.html vorbis_info.html vorbis_analysis_blockout.html vorbis_analysis_buffer.html vorbis_analysis_headerout.html vorbis_analysis_init.html vorbis_analysis_wrote.html vorbis_analysis.html vorbis_bitrate_addblock.html vorbis_bitrate_flushpacket.html vorbis_block_init.html vorbis_block_clear.html vorbis_dsp_clear.html vorbis_granule_time.html vorbis_version_string.html vorbis_info_blocksize.html vorbis_info_clear.html vorbis_info_init.html vorbis_comment_add.html vorbis_comment_add_tag.html vorbis_comment_clear.html vorbis_comment_init.html vorbis_comment_query.html vorbis_comment_query_count.html vorbis_commentheader_out.html vorbis_packet_blocksize.html vorbis_synthesis.html vorbis_synthesis_blockin.html vorbis_synthesis_halfrate.html vorbis_synthesis_halfrate_p.html vorbis_synthesis_headerin.html vorbis_synthesis_idheader.html vorbis_synthesis_init.html vorbis_synthesis_lapout.html vorbis_synthesis_pcmout.html vorbis_synthesis_read.html vorbis_synthesis_restart.html '/Users/runner/work/LiteReplayd/LiteReplayd/build/prefix/share/doc/libvorbis-1.3.7/libvorbis'
2026-06-25T21:58:27.3601090Z  /opt/homebrew/bin/ginstall -c -m 644 vorbis_synthesis_trackonly.html vorbis_block.html vorbis_dsp_state.html return.html overview.html '/Users/runner/work/LiteReplayd/LiteReplayd/build/prefix/share/doc/libvorbis-1.3.7/libvorbis'
2026-06-25T21:58:27.3702580Z Making install in vorbisfile
2026-06-25T21:58:27.3910560Z make[3]: Nothing to be done for `install-exec-am'.
2026-06-25T21:58:27.4014960Z  /opt/homebrew/bin/gmkdir -p '/Users/runner/work/LiteReplayd/LiteReplayd/build/prefix/share/doc/libvorbis-1.3.7/vorbisfile'
2026-06-25T21:58:27.4122100Z  /opt/homebrew/bin/ginstall -c -m 644 OggVorbis_File.html callbacks.html chaining_example_c.html chainingexample.html crosslap.html datastructures.html decoding.html example.html exampleindex.html fileinfo.html index.html initialization.html ov_bitrate.html ov_bitrate_instant.html ov_callbacks.html ov_clear.html ov_comment.html ov_crosslap.html ov_fopen.html ov_info.html ov_open.html ov_open_callbacks.html ov_pcm_seek.html ov_pcm_seek_lap.html ov_pcm_seek_page.html ov_pcm_seek_page_lap.html ov_pcm_tell.html ov_pcm_total.html ov_raw_seek.html ov_raw_seek_lap.html ov_raw_tell.html ov_raw_total.html ov_read.html ov_read_float.html ov_read_filter.html ov_seekable.html ov_serialnumber.html ov_streams.html ov_test.html ov_test_callbacks.html '/Users/runner/work/LiteReplayd/LiteReplayd/build/prefix/share/doc/libvorbis-1.3.7/vorbisfile'
2026-06-25T21:58:27.4321890Z  /opt/homebrew/bin/ginstall -c -m 644 ov_test_open.html ov_time_seek.html ov_time_seek_lap.html ov_time_seek_page.html ov_time_seek_page_lap.html ov_time_tell.html ov_time_total.html overview.html reference.html seekexample.html seeking.html seeking_example_c.html seeking_test_c.html seekingexample.html style.css threads.html vorbisfile_example_c.html '/Users/runner/work/LiteReplayd/LiteReplayd/build/prefix/share/doc/libvorbis-1.3.7/vorbisfile'
2026-06-25T21:58:27.4524490Z Making install in vorbisenc
2026-06-25T21:58:27.4625760Z make[3]: Nothing to be done for `install-exec-am'.
2026-06-25T21:58:27.4707040Z  /opt/homebrew/bin/gmkdir -p '/Users/runner/work/LiteReplayd/LiteReplayd/build/prefix/share/doc/libvorbis-1.3.7/vorbisenc'
2026-06-25T21:58:27.4761400Z  /opt/homebrew/bin/ginstall -c -m 644 changes.html examples.html index.html ovectl_ratemanage2_arg.html ovectl_ratemanage_arg.html overview.html reference.html style.css vorbis_encode_ctl.html vorbis_encode_init.html vorbis_encode_setup_init.html vorbis_encode_setup_managed.html vorbis_encode_setup_vbr.html vorbis_encode_init_vbr.html '/Users/runner/work/LiteReplayd/LiteReplayd/build/prefix/share/doc/libvorbis-1.3.7/vorbisenc'
2026-06-25T21:58:27.4945150Z make[3]: Nothing to be done for `install-exec-am'.
2026-06-25T21:58:27.4946210Z /bin/sh /Users/runner/work/LiteReplayd/LiteReplayd/build/src/vorbis/install-sh -d /Users/runner/work/LiteReplayd/LiteReplayd/build/prefix/share/doc/libvorbis-1.3.7
2026-06-25T21:58:27.4981520Z if test -d vorbis; then \
2026-06-25T21:58:27.4981860Z 	  for dir in vorbis/*; do \
2026-06-25T21:58:27.4982190Z 	    if test -d $dir; then \
2026-06-25T21:58:27.4982640Z 	      b=`basename $dir`; \
2026-06-25T21:58:27.4983360Z 	      /bin/sh /Users/runner/work/LiteReplayd/LiteReplayd/build/src/vorbis/install-sh -d /Users/runner/work/LiteReplayd/LiteReplayd/build/prefix/share/doc/libvorbis-1.3.7/$b; \
2026-06-25T21:58:27.4984050Z 	      for f in $dir/*; do \
2026-06-25T21:58:27.4984580Z 		/opt/homebrew/bin/ginstall -c -m 644 $f /Users/runner/work/LiteReplayd/LiteReplayd/build/prefix/share/doc/libvorbis-1.3.7/$b; \
2026-06-25T21:58:27.4985140Z 	      done \
2026-06-25T21:58:27.4985360Z 	    fi \
2026-06-25T21:58:27.4985580Z 	  done \
2026-06-25T21:58:27.4985790Z 	fi
2026-06-25T21:58:27.5031600Z  /opt/homebrew/bin/gmkdir -p '/Users/runner/work/LiteReplayd/LiteReplayd/build/prefix/share/doc/libvorbis-1.3.7'
2026-06-25T21:58:27.5092930Z  /opt/homebrew/bin/ginstall -c -m 644 rfc5215.xml rfc5215.txt eightphase.png fish_xiph_org.png floor1_inverse_dB_table.html floorval.png fourphase.png framing.html helper.html index.html oggstream.html programming.html squarepolar.png stereo.html stream.png v-comment.html vorbis-clip.txt vorbis-errors.txt vorbis-fidelity.html doxygen-build.stamp '/Users/runner/work/LiteReplayd/LiteReplayd/build/prefix/share/doc/libvorbis-1.3.7'
2026-06-25T21:58:27.5501390Z make[2]: Nothing to be done for `install-exec-am'.
2026-06-25T21:58:27.5526120Z  /opt/homebrew/bin/gmkdir -p '/Users/runner/work/LiteReplayd/LiteReplayd/build/prefix/share/aclocal'
2026-06-25T21:58:27.5566900Z  /opt/homebrew/bin/ginstall -c -m 644 vorbis.m4 '/Users/runner/work/LiteReplayd/LiteReplayd/build/prefix/share/aclocal'
2026-06-25T21:58:27.5626530Z  /opt/homebrew/bin/gmkdir -p '/Users/runner/work/LiteReplayd/LiteReplayd/build/prefix/lib/pkgconfig'
2026-06-25T21:58:27.5678860Z  /opt/homebrew/bin/ginstall -c -m 644 vorbis.pc vorbisenc.pc vorbisfile.pc '/Users/runner/work/LiteReplayd/LiteReplayd/build/prefix/lib/pkgconfig'
2026-06-25T21:58:27.5723010Z ==> FFmpeg 8.1.2
2026-06-25T21:58:32.4244050Z ##[group]PKG-CONFIG diagnostics (pre-FFmpeg-configure)
2026-06-25T21:58:32.4249730Z which pkg-config : /opt/homebrew/bin/pkg-config
2026-06-25T21:58:32.4250330Z PKG_CONFIG_LIBDIR: /Users/runner/work/LiteReplayd/LiteReplayd/build/prefix/lib/pkgconfig
2026-06-25T21:58:32.4251100Z PKG_CONFIG_PATH  : /Users/runner/work/LiteReplayd/LiteReplayd/build/prefix/lib/pkgconfig
2026-06-25T21:58:32.4251690Z -- .pc files actually present in prefix --
2026-06-25T21:58:32.4286050Z total 80
2026-06-25T21:58:32.4286410Z drwxr-xr-x  12 runner  staff  384 Jun 25 21:58 .
2026-06-25T21:58:32.4286850Z drwxr-xr-x  21 runner  staff  672 Jun 25 21:58 ..
2026-06-25T21:58:32.4287560Z -rw-r--r--   1 runner  staff  228 Jun 25 21:57 dav1d.pc
2026-06-25T21:58:32.4287990Z -rw-r--r--   1 runner  staff  294 Jun 25 21:58 fdk-aac.pc
2026-06-25T21:58:32.4289120Z -rw-r--r--   1 runner  staff  320 Jun 25 21:58 ogg.pc
2026-06-25T21:58:32.4290260Z -rw-r--r--   1 runner  staff  401 Jun 25 21:57 opus.pc
2026-06-25T21:58:32.4291380Z -rw-r--r--   1 runner  staff  362 Jun 25 21:58 vorbis.pc
2026-06-25T21:58:32.4292200Z -rw-r--r--   1 runner  staff  423 Jun 25 21:58 vorbisenc.pc
2026-06-25T21:58:32.4293300Z -rw-r--r--   1 runner  staff  449 Jun 25 21:58 vorbisfile.pc
2026-06-25T21:58:32.4294120Z -rw-r--r--   1 runner  staff  352 Jun 25 21:56 vpx.pc
2026-06-25T21:58:32.4295540Z -rw-r--r--   1 runner  staff  313 Jun 25 21:56 x264.pc
2026-06-25T21:58:32.4296040Z -rw-r--r--   1 runner  staff  265 Jun 25 21:56 x265.pc
2026-06-25T21:58:32.4296410Z -- per-lib pkg-config probe (exactly how configure looks them up) --
2026-06-25T21:58:32.4341940Z   OK   x264       version=0.165.x
2026-06-25T21:58:32.4400660Z   OK   x265       version=0
2026-06-25T21:58:32.4456490Z   OK   vpx        version=1.16.0
2026-06-25T21:58:32.4505370Z   OK   dav1d      version=1.5.4
2026-06-25T21:58:32.4556210Z   OK   opus       version=unknown
2026-06-25T21:58:32.4857950Z   OK   vorbis     version=1.3.7
2026-06-25T21:58:32.4959040Z   OK   ogg        version=1.3.6
2026-06-25T21:58:32.5059550Z   OK   fdk-aac    version=2.0.3
2026-06-25T21:58:32.5123780Z -- x264 resolved flags (plain and --static) --
2026-06-25T21:58:32.5149370Z   cflags : -I/Users/runner/work/LiteReplayd/LiteReplayd/build/prefix/include
2026-06-25T21:58:32.5156200Z   libs   : -L/Users/runner/work/LiteReplayd/LiteReplayd/build/prefix/lib -lx264 -lpthread -lm -ldl
2026-06-25T21:58:32.5186580Z   static : -L/Users/runner/work/LiteReplayd/LiteReplayd/build/prefix/lib -lx264 -lpthread -lm -ldl
2026-06-25T21:58:32.5188800Z ##[endgroup]
2026-06-25T21:58:57.4426300Z ERROR: x265 not found using pkg-config
2026-06-25T21:58:57.4591240Z 
2026-06-25T21:58:57.4591940Z If you think configure made a mistake, make sure you are using the latest
2026-06-25T21:58:57.4592630Z version from Git.  If the latest version fails, report the problem to the
2026-06-25T21:58:57.4593200Z ffmpeg-user@ffmpeg.org mailing list or IRC #ffmpeg on irc.libera.chat.
2026-06-25T21:58:57.4675020Z Include the log file "ffbuild/config.log" produced by configure as this will help
2026-06-25T21:58:57.4675960Z solve the problem.
2026-06-25T21:58:57.4706300Z ##[group]AUTODUMP: build logs on error
2026-06-25T21:58:57.5386920Z ===================== /Users/runner/work/LiteReplayd/LiteReplayd/build/src/lame/config.log (tail -120) =====================
2026-06-25T21:58:57.5423860Z am__EXEEXT_TRUE='#'
2026-06-25T21:58:57.5427420Z am__fastdepCC_FALSE='#'
2026-06-25T21:58:57.5428610Z am__fastdepCC_TRUE=''
2026-06-25T21:58:57.5429620Z am__include='include'
2026-06-25T21:58:57.5429880Z am__isrc=''
2026-06-25T21:58:57.5430110Z am__leading_dot='.'
2026-06-25T21:58:57.5430400Z am__nodep='_no'
2026-06-25T21:58:57.5430860Z am__quote=''
2026-06-25T21:58:57.5431180Z am__tar='$${TAR-tar} chof - "$$tardir"'
2026-06-25T21:58:57.5431530Z am__untar='$${TAR-tar} xf -'
2026-06-25T21:58:57.5431810Z bindir='${exec_prefix}/bin'
2026-06-25T21:58:57.5432110Z build='arm-apple-darwin23.6.0'
2026-06-25T21:58:57.5432470Z build_alias=''
2026-06-25T21:58:57.5432850Z build_cpu='arm'
2026-06-25T21:58:57.5433150Z build_os='darwin23.6.0'
2026-06-25T21:58:57.5433460Z build_vendor='apple'
2026-06-25T21:58:57.5433810Z datadir='${datarootdir}'
2026-06-25T21:58:57.5434120Z datarootdir='${prefix}/share'
2026-06-25T21:58:57.5434460Z docdir='${datarootdir}/doc/${PACKAGE_TARNAME}'
2026-06-25T21:58:57.5434810Z dvidir='${docdir}'
2026-06-25T21:58:57.5435090Z exec_prefix='${prefix}'
2026-06-25T21:58:57.5436470Z host='aarch64-apple-darwin'
2026-06-25T21:58:57.5437280Z host_alias='aarch64-apple-darwin'
2026-06-25T21:58:57.5437990Z host_cpu='aarch64'
2026-06-25T21:58:57.5438250Z host_os='darwin'
2026-06-25T21:58:57.5438550Z host_vendor='apple'
2026-06-25T21:58:57.5457400Z htmldir='${docdir}'
2026-06-25T21:58:57.5460670Z includedir='${prefix}/include'
2026-06-25T21:58:57.5561510Z infodir='${datarootdir}/info'
2026-06-25T21:58:57.5575850Z install_sh='${SHELL} /Users/runner/work/LiteReplayd/LiteReplayd/build/src/lame/install-sh'
2026-06-25T21:58:57.5596840Z libdir='${exec_prefix}/lib'
2026-06-25T21:58:57.5614480Z libexecdir='${exec_prefix}/libexec'
2026-06-25T21:58:57.5614840Z localedir='${datarootdir}/locale'
2026-06-25T21:58:57.5615140Z localstatedir='${prefix}/var'
2026-06-25T21:58:57.5615390Z mandir='${datarootdir}/man'
2026-06-25T21:58:57.5615580Z mkdir_p='$(MKDIR_P)'
2026-06-25T21:58:57.5615740Z oldincludedir='/usr/include'
2026-06-25T21:58:57.5616080Z pdfdir='${docdir}'
2026-06-25T21:58:57.5616410Z prefix='/Users/runner/work/LiteReplayd/LiteReplayd/build/prefix'
2026-06-25T21:58:57.5616810Z program_transform_name='s,x,x,'
2026-06-25T21:58:57.5617120Z psdir='${docdir}'
2026-06-25T21:58:57.5617400Z sbindir='${exec_prefix}/sbin'
2026-06-25T21:58:57.5617670Z sharedstatedir='${prefix}/com'
2026-06-25T21:58:57.5618000Z sysconfdir='${prefix}/etc'
2026-06-25T21:58:57.5618290Z target_alias=''
2026-06-25T21:58:57.5618540Z 
2026-06-25T21:58:57.5618860Z ## ----------- ##
2026-06-25T21:58:57.5632930Z ## confdefs.h. ##
2026-06-25T21:58:57.5633370Z ## ----------- ##
2026-06-25T21:58:57.5633460Z 
2026-06-25T21:58:57.5634240Z /* confdefs.h */
2026-06-25T21:58:57.5634400Z #define PACKAGE_NAME "lame"
2026-06-25T21:58:57.5634590Z #define PACKAGE_TARNAME "lame"
2026-06-25T21:58:57.5634770Z #define PACKAGE_VERSION "3.100"
2026-06-25T21:58:57.5634970Z #define PACKAGE_STRING "lame 3.100"
2026-06-25T21:58:57.5635250Z #define PACKAGE_BUGREPORT "lame-dev@lists.sf.net"
2026-06-25T21:58:57.5635540Z #define PACKAGE_URL ""
2026-06-25T21:58:57.5635720Z #define PACKAGE "lame"
2026-06-25T21:58:57.5635870Z #define VERSION "3.100"
2026-06-25T21:58:57.5636080Z #define STDC_HEADERS 1
2026-06-25T21:58:57.5636240Z #define HAVE_SYS_TYPES_H 1
2026-06-25T21:58:57.5636410Z #define HAVE_SYS_STAT_H 1
2026-06-25T21:58:57.5636580Z #define HAVE_STDLIB_H 1
2026-06-25T21:58:57.5636740Z #define HAVE_STRING_H 1
2026-06-25T21:58:57.5636890Z #define HAVE_MEMORY_H 1
2026-06-25T21:58:57.5637080Z #define HAVE_STRINGS_H 1
2026-06-25T21:58:57.5637260Z #define HAVE_INTTYPES_H 1
2026-06-25T21:58:57.5637430Z #define HAVE_STDINT_H 1
2026-06-25T21:58:57.5637580Z #define HAVE_UNISTD_H 1
2026-06-25T21:58:57.5637740Z #define __EXTENSIONS__ 1
2026-06-25T21:58:57.5637900Z #define _ALL_SOURCE 1
2026-06-25T21:58:57.5638050Z #define _GNU_SOURCE 1
2026-06-25T21:58:57.5639750Z #define _POSIX_PTHREAD_SEMANTICS 1
2026-06-25T21:58:57.5640420Z #define _TANDEM_SOURCE 1
2026-06-25T21:58:57.5640900Z #define HAVE_DLFCN_H 1
2026-06-25T21:58:57.5641360Z #define LT_OBJDIR ".libs/"
2026-06-25T21:58:57.5641850Z #define STDC_HEADERS 1
2026-06-25T21:58:57.5642300Z #define HAVE_ERRNO_H 1
2026-06-25T21:58:57.5643390Z #define HAVE_FCNTL_H 1
2026-06-25T21:58:57.5643840Z #define HAVE_LIMITS_H 1
2026-06-25T21:58:57.5644280Z #define HAVE_STDINT_H 1
2026-06-25T21:58:57.5644740Z #define HAVE_STRING_H 1
2026-06-25T21:58:57.5645200Z #define HAVE_SYS_TIME_H 1
2026-06-25T21:58:57.5645690Z #define HAVE_UNISTD_H 1
2026-06-25T21:58:57.5646180Z #define SIZEOF_SHORT 2
2026-06-25T21:58:57.5646660Z #define SIZEOF_UNSIGNED_SHORT 2
2026-06-25T21:58:57.5647170Z #define SIZEOF_INT 4
2026-06-25T21:58:57.5647630Z #define SIZEOF_UNSIGNED_INT 4
2026-06-25T21:58:57.5648130Z #define SIZEOF_LONG 8
2026-06-25T21:58:57.5648620Z #define SIZEOF_UNSIGNED_LONG 8
2026-06-25T21:58:57.5649130Z #define SIZEOF_LONG_LONG 8
2026-06-25T21:58:57.5649640Z #define SIZEOF_UNSIGNED_LONG_LONG 8
2026-06-25T21:58:57.5650180Z #define SIZEOF_FLOAT 4
2026-06-25T21:58:57.5650630Z #define SIZEOF_DOUBLE 8
2026-06-25T21:58:57.5651090Z #define HAVE_UINT8_T 1
2026-06-25T21:58:57.5651540Z #define HAVE_INT8_T 1
2026-06-25T21:58:57.5652000Z #define HAVE_UINT16_T 1
2026-06-25T21:58:57.5652450Z #define HAVE_INT16_T 1
2026-06-25T21:58:57.5652890Z #define HAVE_UINT32_T 1
2026-06-25T21:58:57.5653520Z #define HAVE_INT32_T 1
2026-06-25T21:58:57.5653970Z #define HAVE_UINT64_T 1
2026-06-25T21:58:57.5654420Z #define HAVE_INT64_T 1
2026-06-25T21:58:57.5654890Z #define A_UINT32_T unsigned int
2026-06-25T21:58:57.5655410Z #define A_INT32_T int
2026-06-25T21:58:57.5655880Z #define A_UINT64_T unsigned long
2026-06-25T21:58:57.5656390Z #define A_INT64_T long
2026-06-25T21:58:57.5656840Z #define LAME_LIBRARY_BUILD 1
2026-06-25T21:58:57.5657340Z #define TIME_WITH_SYS_TIME 1
2026-06-25T21:58:57.5657820Z #define HAVE_ALLOCA_H 1
2026-06-25T21:58:57.5658270Z #define HAVE_ALLOCA 1
2026-06-25T21:58:57.5658720Z #define HAVE_GETTIMEOFDAY 1
2026-06-25T21:58:57.5659200Z #define HAVE_STRTOL 1
2026-06-25T21:58:57.5659640Z #define HAVE_SOCKET 1
2026-06-25T21:58:57.5660890Z #define HAVE_ICONV 1
2026-06-25T21:58:57.5661400Z #define ICONV_CONST 
2026-06-25T21:58:57.5661850Z #define HAVE_MPGLIB 1
2026-06-25T21:58:57.5662340Z #define DECODE_ON_THE_FLY 1
2026-06-25T21:58:57.5662830Z #define HAVE_TERMCAP 1
2026-06-25T21:58:57.5663110Z 
2026-06-25T21:58:57.5663290Z configure: exit 0
2026-06-25T21:58:57.5663530Z 
2026-06-25T21:58:57.5664360Z ===================== /Users/runner/work/LiteReplayd/LiteReplayd/build/src/ffmpeg/ffbuild/config.log (tail -120) =====================
2026-06-25T21:58:57.5667120Z test_cc -I/Users/runner/work/LiteReplayd/LiteReplayd/build/prefix/include -L/Users/runner/work/LiteReplayd/LiteReplayd/build/prefix/lib
2026-06-25T21:58:57.5668950Z BEGIN /var/folders/dq/2t71w9pd3jx50vh3kp15_dt40000gn/T//ffconf.RDSva8ie/test.c
2026-06-25T21:58:57.5669820Z     1	#include <vpx/vpx_decoder.h>
2026-06-25T21:58:57.5670420Z     2	#include <vpx/vp8dx.h>
2026-06-25T21:58:57.5670970Z     3	#include <stdint.h>
2026-06-25T21:58:57.5671660Z     4	long check_vpx_codec_vp9_dx(void) { return (long) vpx_codec_vp9_dx; }
2026-06-25T21:58:57.5672500Z     5	int main(void) { int ret = 0;
2026-06-25T21:58:57.5673180Z     6	 ret |= ((intptr_t)check_vpx_codec_vp9_dx) & 0xFFFF;
2026-06-25T21:58:57.5673820Z     7	return ret; }
2026-06-25T21:58:57.5674610Z END /var/folders/dq/2t71w9pd3jx50vh3kp15_dt40000gn/T//ffconf.RDSva8ie/test.c
2026-06-25T21:58:57.5691430Z /Applications/Xcode_15.4.app/Contents/Developer/Toolchains/XcodeDefault.xctoolchain/usr/bin/clang -arch arm64 -isysroot /Applications/Xcode_15.4.app/Contents/Developer/Platforms/iPhoneOS.platform/Developer/SDKs/iPhoneOS17.5.sdk -miphoneos-version-min=14.0 -I/Users/runner/work/LiteReplayd/LiteReplayd/build/prefix/include -fPIC -O2 --sysroot=/Applications/Xcode_15.4.app/Contents/Developer/Platforms/iPhoneOS.platform/Developer/SDKs/iPhoneOS17.5.sdk -D_ISOC11_SOURCE -D_FILE_OFFSET_BITS=64 -D_LARGEFILE_SOURCE -I$(SRC_PATH)/compat/dispatch_semaphore -DPIC -arch arm64 -isysroot /Applications/Xcode_15.4.app/Contents/Developer/Platforms/iPhoneOS.platform/Developer/SDKs/iPhoneOS17.5.sdk -miphoneos-version-min=14.0 -I/Users/runner/work/LiteReplayd/LiteReplayd/build/prefix/include -fPIC -O2 -arch arm64 -isysroot /Applications/Xcode_15.4.app/Contents/Developer/Platforms/iPhoneOS.platform/Developer/SDKs/iPhoneOS17.5.sdk -miphoneos-version-min=14.0 -I/Users/runner/work/LiteReplayd/LiteReplayd/build/prefix/include -fPIC -O2 -std=c17 -Werror=partial-availability -mdynamic-no-pic -fno-common -fomit-frame-pointer -fPIC -pthread -I/Users/runner/work/LiteReplayd/LiteReplayd/build/prefix/include -I/Users/runner/work/LiteReplayd/LiteReplayd/build/prefix/include -I/Users/runner/work/LiteReplayd/LiteReplayd/build/prefix/include/opus -I/Users/runner/work/LiteReplayd/LiteReplayd/build/prefix/include/opus -I/Users/runner/work/LiteReplayd/LiteReplayd/build/prefix/include -I/Users/runner/work/LiteReplayd/LiteReplayd/build/prefix/include -I/Users/runner/work/LiteReplayd/LiteReplayd/build/prefix/include -I/Users/runner/work/LiteReplayd/LiteReplayd/build/prefix/include -I/Users/runner/work/LiteReplayd/LiteReplayd/build/prefix/include -L/Users/runner/work/LiteReplayd/LiteReplayd/build/prefix/lib -c -o /var/folders/dq/2t71w9pd3jx50vh3kp15_dt40000gn/T//ffconf.RDSva8ie/test.o /var/folders/dq/2t71w9pd3jx50vh3kp15_dt40000gn/T//ffconf.RDSva8ie/test.c
2026-06-25T21:58:57.5710130Z clang: warning: argument unused during compilation: '-L/Users/runner/work/LiteReplayd/LiteReplayd/build/prefix/lib' [-Wunused-command-line-argument]
2026-06-25T21:58:57.5720360Z /Applications/Xcode_15.4.app/Contents/Developer/Toolchains/XcodeDefault.xctoolchain/usr/bin/clang -arch arm64 -isysroot /Applications/Xcode_15.4.app/Contents/Developer/Platforms/iPhoneOS.platform/Developer/SDKs/iPhoneOS17.5.sdk -miphoneos-version-min=14.0 -L/Users/runner/work/LiteReplayd/LiteReplayd/build/prefix/lib -arch arm64 -isysroot /Applications/Xcode_15.4.app/Contents/Developer/Platforms/iPhoneOS.platform/Developer/SDKs/iPhoneOS17.5.sdk -miphoneos-version-min=14.0 -L/Users/runner/work/LiteReplayd/LiteReplayd/build/prefix/lib --sysroot=/Applications/Xcode_15.4.app/Contents/Developer/Platforms/iPhoneOS.platform/Developer/SDKs/iPhoneOS17.5.sdk -Wl,-dynamic,-search_paths_first -Wl,-no_warn_duplicate_libraries -I/Users/runner/work/LiteReplayd/LiteReplayd/build/prefix/include -L/Users/runner/work/LiteReplayd/LiteReplayd/build/prefix/lib -o /var/folders/dq/2t71w9pd3jx50vh3kp15_dt40000gn/T//ffconf.RDSva8ie/test /var/folders/dq/2t71w9pd3jx50vh3kp15_dt40000gn/T//ffconf.RDSva8ie/test.o -lvpx -lm -lm -lpthread
2026-06-25T21:58:57.5730360Z check_pkg_config libvpx_vp9_encoder vpx >= 1.4.0 vpx/vpx_encoder.h vpx/vp8cx.h vpx_codec_vp9_cx
2026-06-25T21:58:57.5731140Z test_pkg_config libvpx_vp9_encoder vpx >= 1.4.0 vpx/vpx_encoder.h vpx/vp8cx.h vpx_codec_vp9_cx
2026-06-25T21:58:57.5731530Z pkg-config --exists --print-errors vpx >= 1.4.0
2026-06-25T21:58:57.5732320Z check_func_headers vpx/vpx_encoder.h vpx/vp8cx.h vpx_codec_vp9_cx -I/Users/runner/work/LiteReplayd/LiteReplayd/build/prefix/include -L/Users/runner/work/LiteReplayd/LiteReplayd/build/prefix/lib -lvpx -lm -lm -lpthread
2026-06-25T21:58:57.5733470Z test_ld cc -I/Users/runner/work/LiteReplayd/LiteReplayd/build/prefix/include -L/Users/runner/work/LiteReplayd/LiteReplayd/build/prefix/lib -lvpx -lm -lm -lpthread
2026-06-25T21:58:57.5734310Z test_cc -I/Users/runner/work/LiteReplayd/LiteReplayd/build/prefix/include -L/Users/runner/work/LiteReplayd/LiteReplayd/build/prefix/lib
2026-06-25T21:58:57.5734910Z BEGIN /var/folders/dq/2t71w9pd3jx50vh3kp15_dt40000gn/T//ffconf.RDSva8ie/test.c
2026-06-25T21:58:57.5735230Z     1	#include <vpx/vpx_encoder.h>
2026-06-25T21:58:57.5735420Z     2	#include <vpx/vp8cx.h>
2026-06-25T21:58:57.5735590Z     3	#include <stdint.h>
2026-06-25T21:58:57.5735850Z     4	long check_vpx_codec_vp9_cx(void) { return (long) vpx_codec_vp9_cx; }
2026-06-25T21:58:57.5736140Z     5	int main(void) { int ret = 0;
2026-06-25T21:58:57.5736370Z     6	 ret |= ((intptr_t)check_vpx_codec_vp9_cx) & 0xFFFF;
2026-06-25T21:58:57.5736590Z     7	return ret; }
2026-06-25T21:58:57.5736870Z END /var/folders/dq/2t71w9pd3jx50vh3kp15_dt40000gn/T//ffconf.RDSva8ie/test.c
2026-06-25T21:58:57.5742890Z /Applications/Xcode_15.4.app/Contents/Developer/Toolchains/XcodeDefault.xctoolchain/usr/bin/clang -arch arm64 -isysroot /Applications/Xcode_15.4.app/Contents/Developer/Platforms/iPhoneOS.platform/Developer/SDKs/iPhoneOS17.5.sdk -miphoneos-version-min=14.0 -I/Users/runner/work/LiteReplayd/LiteReplayd/build/prefix/include -fPIC -O2 --sysroot=/Applications/Xcode_15.4.app/Contents/Developer/Platforms/iPhoneOS.platform/Developer/SDKs/iPhoneOS17.5.sdk -D_ISOC11_SOURCE -D_FILE_OFFSET_BITS=64 -D_LARGEFILE_SOURCE -I$(SRC_PATH)/compat/dispatch_semaphore -DPIC -arch arm64 -isysroot /Applications/Xcode_15.4.app/Contents/Developer/Platforms/iPhoneOS.platform/Developer/SDKs/iPhoneOS17.5.sdk -miphoneos-version-min=14.0 -I/Users/runner/work/LiteReplayd/LiteReplayd/build/prefix/include -fPIC -O2 -arch arm64 -isysroot /Applications/Xcode_15.4.app/Contents/Developer/Platforms/iPhoneOS.platform/Developer/SDKs/iPhoneOS17.5.sdk -miphoneos-version-min=14.0 -I/Users/runner/work/LiteReplayd/LiteReplayd/build/prefix/include -fPIC -O2 -std=c17 -Werror=partial-availability -mdynamic-no-pic -fno-common -fomit-frame-pointer -fPIC -pthread -I/Users/runner/work/LiteReplayd/LiteReplayd/build/prefix/include -I/Users/runner/work/LiteReplayd/LiteReplayd/build/prefix/include -I/Users/runner/work/LiteReplayd/LiteReplayd/build/prefix/include/opus -I/Users/runner/work/LiteReplayd/LiteReplayd/build/prefix/include/opus -I/Users/runner/work/LiteReplayd/LiteReplayd/build/prefix/include -I/Users/runner/work/LiteReplayd/LiteReplayd/build/prefix/include -I/Users/runner/work/LiteReplayd/LiteReplayd/build/prefix/include -I/Users/runner/work/LiteReplayd/LiteReplayd/build/prefix/include -I/Users/runner/work/LiteReplayd/LiteReplayd/build/prefix/include -I/Users/runner/work/LiteReplayd/LiteReplayd/build/prefix/include -L/Users/runner/work/LiteReplayd/LiteReplayd/build/prefix/lib -c -o /var/folders/dq/2t71w9pd3jx50vh3kp15_dt40000gn/T//ffconf.RDSva8ie/test.o /var/folders/dq/2t71w9pd3jx50vh3kp15_dt40000gn/T//ffconf.RDSva8ie/test.c
2026-06-25T21:58:57.5749420Z clang: warning: argument unused during compilation: '-L/Users/runner/work/LiteReplayd/LiteReplayd/build/prefix/lib' [-Wunused-command-line-argument]
2026-06-25T21:58:57.5752970Z /Applications/Xcode_15.4.app/Contents/Developer/Toolchains/XcodeDefault.xctoolchain/usr/bin/clang -arch arm64 -isysroot /Applications/Xcode_15.4.app/Contents/Developer/Platforms/iPhoneOS.platform/Developer/SDKs/iPhoneOS17.5.sdk -miphoneos-version-min=14.0 -L/Users/runner/work/LiteReplayd/LiteReplayd/build/prefix/lib -arch arm64 -isysroot /Applications/Xcode_15.4.app/Contents/Developer/Platforms/iPhoneOS.platform/Developer/SDKs/iPhoneOS17.5.sdk -miphoneos-version-min=14.0 -L/Users/runner/work/LiteReplayd/LiteReplayd/build/prefix/lib --sysroot=/Applications/Xcode_15.4.app/Contents/Developer/Platforms/iPhoneOS.platform/Developer/SDKs/iPhoneOS17.5.sdk -Wl,-dynamic,-search_paths_first -Wl,-no_warn_duplicate_libraries -I/Users/runner/work/LiteReplayd/LiteReplayd/build/prefix/include -L/Users/runner/work/LiteReplayd/LiteReplayd/build/prefix/lib -o /var/folders/dq/2t71w9pd3jx50vh3kp15_dt40000gn/T//ffconf.RDSva8ie/test /var/folders/dq/2t71w9pd3jx50vh3kp15_dt40000gn/T//ffconf.RDSva8ie/test.o -lvpx -lm -lm -lpthread
2026-06-25T21:58:57.5756040Z require_pkg_config libx264 x264 stdint.h x264.h x264_encoder_encode
2026-06-25T21:58:57.5756380Z check_pkg_config libx264 x264 stdint.h x264.h x264_encoder_encode
2026-06-25T21:58:57.5756720Z test_pkg_config libx264 x264 stdint.h x264.h x264_encoder_encode
2026-06-25T21:58:57.5756990Z pkg-config --exists --print-errors x264
2026-06-25T21:58:57.5757660Z check_func_headers stdint.h x264.h x264_encoder_encode -I/Users/runner/work/LiteReplayd/LiteReplayd/build/prefix/include -L/Users/runner/work/LiteReplayd/LiteReplayd/build/prefix/lib -lx264 -lpthread -lm -ldl
2026-06-25T21:58:57.5758680Z test_ld cc -I/Users/runner/work/LiteReplayd/LiteReplayd/build/prefix/include -L/Users/runner/work/LiteReplayd/LiteReplayd/build/prefix/lib -lx264 -lpthread -lm -ldl
2026-06-25T21:58:57.5759510Z test_cc -I/Users/runner/work/LiteReplayd/LiteReplayd/build/prefix/include -L/Users/runner/work/LiteReplayd/LiteReplayd/build/prefix/lib
2026-06-25T21:58:57.5760230Z BEGIN /var/folders/dq/2t71w9pd3jx50vh3kp15_dt40000gn/T//ffconf.RDSva8ie/test.c
2026-06-25T21:58:57.5760550Z     1	#include <stdint.h>
2026-06-25T21:58:57.5760710Z     2	#include <x264.h>
2026-06-25T21:58:57.5760860Z     3	#include <stdint.h>
2026-06-25T21:58:57.5761120Z     4	long check_x264_encoder_encode(void) { return (long) x264_encoder_encode; }
2026-06-25T21:58:57.5761430Z     5	int main(void) { int ret = 0;
2026-06-25T21:58:57.5761680Z     6	 ret |= ((intptr_t)check_x264_encoder_encode) & 0xFFFF;
2026-06-25T21:58:57.5761910Z     7	return ret; }
2026-06-25T21:58:57.5762160Z END /var/folders/dq/2t71w9pd3jx50vh3kp15_dt40000gn/T//ffconf.RDSva8ie/test.c
2026-06-25T21:58:57.5768420Z /Applications/Xcode_15.4.app/Contents/Developer/Toolchains/XcodeDefault.xctoolchain/usr/bin/clang -arch arm64 -isysroot /Applications/Xcode_15.4.app/Contents/Developer/Platforms/iPhoneOS.platform/Developer/SDKs/iPhoneOS17.5.sdk -miphoneos-version-min=14.0 -I/Users/runner/work/LiteReplayd/LiteReplayd/build/prefix/include -fPIC -O2 --sysroot=/Applications/Xcode_15.4.app/Contents/Developer/Platforms/iPhoneOS.platform/Developer/SDKs/iPhoneOS17.5.sdk -D_ISOC11_SOURCE -D_FILE_OFFSET_BITS=64 -D_LARGEFILE_SOURCE -I$(SRC_PATH)/compat/dispatch_semaphore -DPIC -arch arm64 -isysroot /Applications/Xcode_15.4.app/Contents/Developer/Platforms/iPhoneOS.platform/Developer/SDKs/iPhoneOS17.5.sdk -miphoneos-version-min=14.0 -I/Users/runner/work/LiteReplayd/LiteReplayd/build/prefix/include -fPIC -O2 -arch arm64 -isysroot /Applications/Xcode_15.4.app/Contents/Developer/Platforms/iPhoneOS.platform/Developer/SDKs/iPhoneOS17.5.sdk -miphoneos-version-min=14.0 -I/Users/runner/work/LiteReplayd/LiteReplayd/build/prefix/include -fPIC -O2 -std=c17 -Werror=partial-availability -mdynamic-no-pic -fno-common -fomit-frame-pointer -fPIC -pthread -I/Users/runner/work/LiteReplayd/LiteReplayd/build/prefix/include -I/Users/runner/work/LiteReplayd/LiteReplayd/build/prefix/include -I/Users/runner/work/LiteReplayd/LiteReplayd/build/prefix/include/opus -I/Users/runner/work/LiteReplayd/LiteReplayd/build/prefix/include/opus -I/Users/runner/work/LiteReplayd/LiteReplayd/build/prefix/include -I/Users/runner/work/LiteReplayd/LiteReplayd/build/prefix/include -I/Users/runner/work/LiteReplayd/LiteReplayd/build/prefix/include -I/Users/runner/work/LiteReplayd/LiteReplayd/build/prefix/include -I/Users/runner/work/LiteReplayd/LiteReplayd/build/prefix/include -I/Users/runner/work/LiteReplayd/LiteReplayd/build/prefix/include -I/Users/runner/work/LiteReplayd/LiteReplayd/build/prefix/include -L/Users/runner/work/LiteReplayd/LiteReplayd/build/prefix/lib -c -o /var/folders/dq/2t71w9pd3jx50vh3kp15_dt40000gn/T//ffconf.RDSva8ie/test.o /var/folders/dq/2t71w9pd3jx50vh3kp15_dt40000gn/T//ffconf.RDSva8ie/test.c
2026-06-25T21:58:57.5775210Z clang: warning: argument unused during compilation: '-L/Users/runner/work/LiteReplayd/LiteReplayd/build/prefix/lib' [-Wunused-command-line-argument]
2026-06-25T21:58:57.5778480Z /Applications/Xcode_15.4.app/Contents/Developer/Toolchains/XcodeDefault.xctoolchain/usr/bin/clang -arch arm64 -isysroot /Applications/Xcode_15.4.app/Contents/Developer/Platforms/iPhoneOS.platform/Developer/SDKs/iPhoneOS17.5.sdk -miphoneos-version-min=14.0 -L/Users/runner/work/LiteReplayd/LiteReplayd/build/prefix/lib -arch arm64 -isysroot /Applications/Xcode_15.4.app/Contents/Developer/Platforms/iPhoneOS.platform/Developer/SDKs/iPhoneOS17.5.sdk -miphoneos-version-min=14.0 -L/Users/runner/work/LiteReplayd/LiteReplayd/build/prefix/lib --sysroot=/Applications/Xcode_15.4.app/Contents/Developer/Platforms/iPhoneOS.platform/Developer/SDKs/iPhoneOS17.5.sdk -Wl,-dynamic,-search_paths_first -Wl,-no_warn_duplicate_libraries -I/Users/runner/work/LiteReplayd/LiteReplayd/build/prefix/include -L/Users/runner/work/LiteReplayd/LiteReplayd/build/prefix/lib -o /var/folders/dq/2t71w9pd3jx50vh3kp15_dt40000gn/T//ffconf.RDSva8ie/test /var/folders/dq/2t71w9pd3jx50vh3kp15_dt40000gn/T//ffconf.RDSva8ie/test.o -lx264 -lpthread -lm -ldl
2026-06-25T21:58:57.5781740Z require_cpp_condition libx264 x264.h X264_BUILD >= 155
2026-06-25T21:58:57.5782010Z check_cpp_condition libx264 x264.h X264_BUILD >= 155
2026-06-25T21:58:57.5782260Z test_cpp_condition x264.h X264_BUILD >= 155
2026-06-25T21:58:57.5782460Z test_cpp
2026-06-25T21:58:57.5782810Z BEGIN /var/folders/dq/2t71w9pd3jx50vh3kp15_dt40000gn/T//ffconf.RDSva8ie/test.c
2026-06-25T21:58:57.5783120Z     1	#include <x264.h>
2026-06-25T21:58:57.5783280Z     2	#if !(X264_BUILD >= 155)
2026-06-25T21:58:57.5783490Z     3	#error "unsatisfied condition: X264_BUILD >= 155"
2026-06-25T21:58:57.5783760Z     4	#endif
2026-06-25T21:58:57.5784000Z END /var/folders/dq/2t71w9pd3jx50vh3kp15_dt40000gn/T//ffconf.RDSva8ie/test.c
2026-06-25T21:58:57.5790070Z /Applications/Xcode_15.4.app/Contents/Developer/Toolchains/XcodeDefault.xctoolchain/usr/bin/clang -arch arm64 -isysroot /Applications/Xcode_15.4.app/Contents/Developer/Platforms/iPhoneOS.platform/Developer/SDKs/iPhoneOS17.5.sdk -miphoneos-version-min=14.0 -I/Users/runner/work/LiteReplayd/LiteReplayd/build/prefix/include -fPIC -O2 --sysroot=/Applications/Xcode_15.4.app/Contents/Developer/Platforms/iPhoneOS.platform/Developer/SDKs/iPhoneOS17.5.sdk -D_ISOC11_SOURCE -D_FILE_OFFSET_BITS=64 -D_LARGEFILE_SOURCE -I$(SRC_PATH)/compat/dispatch_semaphore -DPIC -arch arm64 -isysroot /Applications/Xcode_15.4.app/Contents/Developer/Platforms/iPhoneOS.platform/Developer/SDKs/iPhoneOS17.5.sdk -miphoneos-version-min=14.0 -I/Users/runner/work/LiteReplayd/LiteReplayd/build/prefix/include -fPIC -O2 -arch arm64 -isysroot /Applications/Xcode_15.4.app/Contents/Developer/Platforms/iPhoneOS.platform/Developer/SDKs/iPhoneOS17.5.sdk -miphoneos-version-min=14.0 -I/Users/runner/work/LiteReplayd/LiteReplayd/build/prefix/include -fPIC -O2 -std=c17 -Werror=partial-availability -mdynamic-no-pic -fno-common -fomit-frame-pointer -fPIC -pthread -I/Users/runner/work/LiteReplayd/LiteReplayd/build/prefix/include -I/Users/runner/work/LiteReplayd/LiteReplayd/build/prefix/include -I/Users/runner/work/LiteReplayd/LiteReplayd/build/prefix/include/opus -I/Users/runner/work/LiteReplayd/LiteReplayd/build/prefix/include/opus -I/Users/runner/work/LiteReplayd/LiteReplayd/build/prefix/include -I/Users/runner/work/LiteReplayd/LiteReplayd/build/prefix/include -I/Users/runner/work/LiteReplayd/LiteReplayd/build/prefix/include -I/Users/runner/work/LiteReplayd/LiteReplayd/build/prefix/include -I/Users/runner/work/LiteReplayd/LiteReplayd/build/prefix/include -I/Users/runner/work/LiteReplayd/LiteReplayd/build/prefix/include -I/Users/runner/work/LiteReplayd/LiteReplayd/build/prefix/include -E -o /var/folders/dq/2t71w9pd3jx50vh3kp15_dt40000gn/T//ffconf.RDSva8ie/test.o /var/folders/dq/2t71w9pd3jx50vh3kp15_dt40000gn/T//ffconf.RDSva8ie/test.c
2026-06-25T21:58:57.5796100Z In file included from /var/folders/dq/2t71w9pd3jx50vh3kp15_dt40000gn/T//ffconf.RDSva8ie/test.c:1:
2026-06-25T21:58:57.5796770Z /Users/runner/work/LiteReplayd/LiteReplayd/build/prefix/include/x264.h:40:4: warning: You must include stdint.h or inttypes.h before x264.h [-W#warnings]
2026-06-25T21:58:57.5797340Z #  warning You must include stdint.h or inttypes.h before x264.h
2026-06-25T21:58:57.5797590Z    ^
2026-06-25T21:58:57.5797770Z 1 warning generated.
2026-06-25T21:58:57.5798000Z check_cpp_condition libx264_hdr10 x264.h X264_BUILD >= 163
2026-06-25T21:58:57.5798260Z test_cpp_condition x264.h X264_BUILD >= 163
2026-06-25T21:58:57.5798460Z test_cpp
2026-06-25T21:58:57.5798700Z BEGIN /var/folders/dq/2t71w9pd3jx50vh3kp15_dt40000gn/T//ffconf.RDSva8ie/test.c
2026-06-25T21:58:57.5799010Z     1	#include <x264.h>
2026-06-25T21:58:57.5799170Z     2	#if !(X264_BUILD >= 163)
2026-06-25T21:58:57.5799380Z     3	#error "unsatisfied condition: X264_BUILD >= 163"
2026-06-25T21:58:57.5799600Z     4	#endif
2026-06-25T21:58:57.5799840Z END /var/folders/dq/2t71w9pd3jx50vh3kp15_dt40000gn/T//ffconf.RDSva8ie/test.c
2026-06-25T21:58:57.5805700Z /Applications/Xcode_15.4.app/Contents/Developer/Toolchains/XcodeDefault.xctoolchain/usr/bin/clang -arch arm64 -isysroot /Applications/Xcode_15.4.app/Contents/Developer/Platforms/iPhoneOS.platform/Developer/SDKs/iPhoneOS17.5.sdk -miphoneos-version-min=14.0 -I/Users/runner/work/LiteReplayd/LiteReplayd/build/prefix/include -fPIC -O2 --sysroot=/Applications/Xcode_15.4.app/Contents/Developer/Platforms/iPhoneOS.platform/Developer/SDKs/iPhoneOS17.5.sdk -D_ISOC11_SOURCE -D_FILE_OFFSET_BITS=64 -D_LARGEFILE_SOURCE -I$(SRC_PATH)/compat/dispatch_semaphore -DPIC -arch arm64 -isysroot /Applications/Xcode_15.4.app/Contents/Developer/Platforms/iPhoneOS.platform/Developer/SDKs/iPhoneOS17.5.sdk -miphoneos-version-min=14.0 -I/Users/runner/work/LiteReplayd/LiteReplayd/build/prefix/include -fPIC -O2 -arch arm64 -isysroot /Applications/Xcode_15.4.app/Contents/Developer/Platforms/iPhoneOS.platform/Developer/SDKs/iPhoneOS17.5.sdk -miphoneos-version-min=14.0 -I/Users/runner/work/LiteReplayd/LiteReplayd/build/prefix/include -fPIC -O2 -std=c17 -Werror=partial-availability -mdynamic-no-pic -fno-common -fomit-frame-pointer -fPIC -pthread -I/Users/runner/work/LiteReplayd/LiteReplayd/build/prefix/include -I/Users/runner/work/LiteReplayd/LiteReplayd/build/prefix/include -I/Users/runner/work/LiteReplayd/LiteReplayd/build/prefix/include/opus -I/Users/runner/work/LiteReplayd/LiteReplayd/build/prefix/include/opus -I/Users/runner/work/LiteReplayd/LiteReplayd/build/prefix/include -I/Users/runner/work/LiteReplayd/LiteReplayd/build/prefix/include -I/Users/runner/work/LiteReplayd/LiteReplayd/build/prefix/include -I/Users/runner/work/LiteReplayd/LiteReplayd/build/prefix/include -I/Users/runner/work/LiteReplayd/LiteReplayd/build/prefix/include -I/Users/runner/work/LiteReplayd/LiteReplayd/build/prefix/include -I/Users/runner/work/LiteReplayd/LiteReplayd/build/prefix/include -E -o /var/folders/dq/2t71w9pd3jx50vh3kp15_dt40000gn/T//ffconf.RDSva8ie/test.o /var/folders/dq/2t71w9pd3jx50vh3kp15_dt40000gn/T//ffconf.RDSva8ie/test.c
2026-06-25T21:58:57.5811930Z In file included from /var/folders/dq/2t71w9pd3jx50vh3kp15_dt40000gn/T//ffconf.RDSva8ie/test.c:1:
2026-06-25T21:58:57.5812590Z /Users/runner/work/LiteReplayd/LiteReplayd/build/prefix/include/x264.h:40:4: warning: You must include stdint.h or inttypes.h before x264.h [-W#warnings]
2026-06-25T21:58:57.5813240Z #  warning You must include stdint.h or inttypes.h before x264.h
2026-06-25T21:58:57.5813560Z    ^
2026-06-25T21:58:57.5813730Z 1 warning generated.
2026-06-25T21:58:57.5813910Z check_cpp_condition libx262 x264.h X264_MPEG2
2026-06-25T21:58:57.5814310Z test_cpp_condition x264.h X264_MPEG2
2026-06-25T21:58:57.5814500Z test_cpp
2026-06-25T21:58:57.5814780Z BEGIN /var/folders/dq/2t71w9pd3jx50vh3kp15_dt40000gn/T//ffconf.RDSva8ie/test.c
2026-06-25T21:58:57.5815080Z     1	#include <x264.h>
2026-06-25T21:58:57.5815230Z     2	#if !(X264_MPEG2)
2026-06-25T21:58:57.5815410Z     3	#error "unsatisfied condition: X264_MPEG2"
2026-06-25T21:58:57.5815660Z     4	#endif
2026-06-25T21:58:57.5815900Z END /var/folders/dq/2t71w9pd3jx50vh3kp15_dt40000gn/T//ffconf.RDSva8ie/test.c
2026-06-25T21:58:57.5821750Z /Applications/Xcode_15.4.app/Contents/Developer/Toolchains/XcodeDefault.xctoolchain/usr/bin/clang -arch arm64 -isysroot /Applications/Xcode_15.4.app/Contents/Developer/Platforms/iPhoneOS.platform/Developer/SDKs/iPhoneOS17.5.sdk -miphoneos-version-min=14.0 -I/Users/runner/work/LiteReplayd/LiteReplayd/build/prefix/include -fPIC -O2 --sysroot=/Applications/Xcode_15.4.app/Contents/Developer/Platforms/iPhoneOS.platform/Developer/SDKs/iPhoneOS17.5.sdk -D_ISOC11_SOURCE -D_FILE_OFFSET_BITS=64 -D_LARGEFILE_SOURCE -I$(SRC_PATH)/compat/dispatch_semaphore -DPIC -arch arm64 -isysroot /Applications/Xcode_15.4.app/Contents/Developer/Platforms/iPhoneOS.platform/Developer/SDKs/iPhoneOS17.5.sdk -miphoneos-version-min=14.0 -I/Users/runner/work/LiteReplayd/LiteReplayd/build/prefix/include -fPIC -O2 -arch arm64 -isysroot /Applications/Xcode_15.4.app/Contents/Developer/Platforms/iPhoneOS.platform/Developer/SDKs/iPhoneOS17.5.sdk -miphoneos-version-min=14.0 -I/Users/runner/work/LiteReplayd/LiteReplayd/build/prefix/include -fPIC -O2 -std=c17 -Werror=partial-availability -mdynamic-no-pic -fno-common -fomit-frame-pointer -fPIC -pthread -I/Users/runner/work/LiteReplayd/LiteReplayd/build/prefix/include -I/Users/runner/work/LiteReplayd/LiteReplayd/build/prefix/include -I/Users/runner/work/LiteReplayd/LiteReplayd/build/prefix/include/opus -I/Users/runner/work/LiteReplayd/LiteReplayd/build/prefix/include/opus -I/Users/runner/work/LiteReplayd/LiteReplayd/build/prefix/include -I/Users/runner/work/LiteReplayd/LiteReplayd/build/prefix/include -I/Users/runner/work/LiteReplayd/LiteReplayd/build/prefix/include -I/Users/runner/work/LiteReplayd/LiteReplayd/build/prefix/include -I/Users/runner/work/LiteReplayd/LiteReplayd/build/prefix/include -I/Users/runner/work/LiteReplayd/LiteReplayd/build/prefix/include -I/Users/runner/work/LiteReplayd/LiteReplayd/build/prefix/include -E -o /var/folders/dq/2t71w9pd3jx50vh3kp15_dt40000gn/T//ffconf.RDSva8ie/test.o /var/folders/dq/2t71w9pd3jx50vh3kp15_dt40000gn/T//ffconf.RDSva8ie/test.c
2026-06-25T21:58:57.5827850Z In file included from /var/folders/dq/2t71w9pd3jx50vh3kp15_dt40000gn/T//ffconf.RDSva8ie/test.c:1:
2026-06-25T21:58:57.5828510Z /Users/runner/work/LiteReplayd/LiteReplayd/build/prefix/include/x264.h:40:4: warning: You must include stdint.h or inttypes.h before x264.h [-W#warnings]
2026-06-25T21:58:57.5829070Z #  warning You must include stdint.h or inttypes.h before x264.h
2026-06-25T21:58:57.5829310Z    ^
2026-06-25T21:58:57.5829660Z /var/folders/dq/2t71w9pd3jx50vh3kp15_dt40000gn/T//ffconf.RDSva8ie/test.c:3:2: error: "unsatisfied condition: X264_MPEG2"
2026-06-25T21:58:57.5830090Z #error "unsatisfied condition: X264_MPEG2"
2026-06-25T21:58:57.5830320Z  ^
2026-06-25T21:58:57.5830450Z 1 warning and 1 error generated.
2026-06-25T21:58:57.5830660Z require_pkg_config libx265 x265 x265.h x265_api_get
2026-06-25T21:58:57.5830920Z check_pkg_config libx265 x265 x265.h x265_api_get
2026-06-25T21:58:57.5831160Z test_pkg_config libx265 x265 x265.h x265_api_get
2026-06-25T21:58:57.5831390Z pkg-config --exists --print-errors x265
2026-06-25T21:58:57.5831980Z check_func_headers x265.h x265_api_get -I/Users/runner/work/LiteReplayd/LiteReplayd/build/prefix/include -L/Users/runner/work/LiteReplayd/LiteReplayd/build/prefix/lib -lx265 -lc++
2026-06-25T21:58:57.5832880Z test_ld cc -I/Users/runner/work/LiteReplayd/LiteReplayd/build/prefix/include -L/Users/runner/work/LiteReplayd/LiteReplayd/build/prefix/lib -lx265 -lc++
2026-06-25T21:58:57.5833830Z test_cc -I/Users/runner/work/LiteReplayd/LiteReplayd/build/prefix/include -L/Users/runner/work/LiteReplayd/LiteReplayd/build/prefix/lib
2026-06-25T21:58:57.5834420Z BEGIN /var/folders/dq/2t71w9pd3jx50vh3kp15_dt40000gn/T//ffconf.RDSva8ie/test.c
2026-06-25T21:58:57.5834730Z     1	#include <x265.h>
2026-06-25T21:58:57.5834890Z     2	#include <stdint.h>
2026-06-25T21:58:57.5835110Z     3	long check_x265_api_get(void) { return (long) x265_api_get; }
2026-06-25T21:58:57.5835380Z     4	int main(void) { int ret = 0;
2026-06-25T21:58:57.5835600Z     5	 ret |= ((intptr_t)check_x265_api_get) & 0xFFFF;
2026-06-25T21:58:57.5835810Z     6	return ret; }
2026-06-25T21:58:57.5836070Z END /var/folders/dq/2t71w9pd3jx50vh3kp15_dt40000gn/T//ffconf.RDSva8ie/test.c
2026-06-25T21:58:57.5842300Z /Applications/Xcode_15.4.app/Contents/Developer/Toolchains/XcodeDefault.xctoolchain/usr/bin/clang -arch arm64 -isysroot /Applications/Xcode_15.4.app/Contents/Developer/Platforms/iPhoneOS.platform/Developer/SDKs/iPhoneOS17.5.sdk -miphoneos-version-min=14.0 -I/Users/runner/work/LiteReplayd/LiteReplayd/build/prefix/include -fPIC -O2 --sysroot=/Applications/Xcode_15.4.app/Contents/Developer/Platforms/iPhoneOS.platform/Developer/SDKs/iPhoneOS17.5.sdk -D_ISOC11_SOURCE -D_FILE_OFFSET_BITS=64 -D_LARGEFILE_SOURCE -I$(SRC_PATH)/compat/dispatch_semaphore -DPIC -arch arm64 -isysroot /Applications/Xcode_15.4.app/Contents/Developer/Platforms/iPhoneOS.platform/Developer/SDKs/iPhoneOS17.5.sdk -miphoneos-version-min=14.0 -I/Users/runner/work/LiteReplayd/LiteReplayd/build/prefix/include -fPIC -O2 -arch arm64 -isysroot /Applications/Xcode_15.4.app/Contents/Developer/Platforms/iPhoneOS.platform/Developer/SDKs/iPhoneOS17.5.sdk -miphoneos-version-min=14.0 -I/Users/runner/work/LiteReplayd/LiteReplayd/build/prefix/include -fPIC -O2 -std=c17 -Werror=partial-availability -mdynamic-no-pic -fno-common -fomit-frame-pointer -fPIC -pthread -I/Users/runner/work/LiteReplayd/LiteReplayd/build/prefix/include -I/Users/runner/work/LiteReplayd/LiteReplayd/build/prefix/include -I/Users/runner/work/LiteReplayd/LiteReplayd/build/prefix/include/opus -I/Users/runner/work/LiteReplayd/LiteReplayd/build/prefix/include/opus -I/Users/runner/work/LiteReplayd/LiteReplayd/build/prefix/include -I/Users/runner/work/LiteReplayd/LiteReplayd/build/prefix/include -I/Users/runner/work/LiteReplayd/LiteReplayd/build/prefix/include -I/Users/runner/work/LiteReplayd/LiteReplayd/build/prefix/include -I/Users/runner/work/LiteReplayd/LiteReplayd/build/prefix/include -I/Users/runner/work/LiteReplayd/LiteReplayd/build/prefix/include -I/Users/runner/work/LiteReplayd/LiteReplayd/build/prefix/include -I/Users/runner/work/LiteReplayd/LiteReplayd/build/prefix/include -L/Users/runner/work/LiteReplayd/LiteReplayd/build/prefix/lib -c -o /var/folders/dq/2t71w9pd3jx50vh3kp15_dt40000gn/T//ffconf.RDSva8ie/test.o /var/folders/dq/2t71w9pd3jx50vh3kp15_dt40000gn/T//ffconf.RDSva8ie/test.c
2026-06-25T21:58:57.5851040Z clang: warning: argument unused during compilation: '-L/Users/runner/work/LiteReplayd/LiteReplayd/build/prefix/lib' [-Wunused-command-line-argument]
2026-06-25T21:58:57.5854360Z /Applications/Xcode_15.4.app/Contents/Developer/Toolchains/XcodeDefault.xctoolchain/usr/bin/clang -arch arm64 -isysroot /Applications/Xcode_15.4.app/Contents/Developer/Platforms/iPhoneOS.platform/Developer/SDKs/iPhoneOS17.5.sdk -miphoneos-version-min=14.0 -L/Users/runner/work/LiteReplayd/LiteReplayd/build/prefix/lib -arch arm64 -isysroot /Applications/Xcode_15.4.app/Contents/Developer/Platforms/iPhoneOS.platform/Developer/SDKs/iPhoneOS17.5.sdk -miphoneos-version-min=14.0 -L/Users/runner/work/LiteReplayd/LiteReplayd/build/prefix/lib --sysroot=/Applications/Xcode_15.4.app/Contents/Developer/Platforms/iPhoneOS.platform/Developer/SDKs/iPhoneOS17.5.sdk -Wl,-dynamic,-search_paths_first -Wl,-no_warn_duplicate_libraries -I/Users/runner/work/LiteReplayd/LiteReplayd/build/prefix/include -L/Users/runner/work/LiteReplayd/LiteReplayd/build/prefix/lib -o /var/folders/dq/2t71w9pd3jx50vh3kp15_dt40000gn/T//ffconf.RDSva8ie/test /var/folders/dq/2t71w9pd3jx50vh3kp15_dt40000gn/T//ffconf.RDSva8ie/test.o -lx265 -lc++
2026-06-25T21:58:57.5857840Z ld: building for 'iOS', but linking in object file (/Users/runner/work/LiteReplayd/LiteReplayd/build/prefix/lib/libx265.a[66](mc-a.S.o)) built for 'macOS'
2026-06-25T21:58:57.5858460Z clang: error: linker command failed with exit code 1 (use -v to see invocation)
2026-06-25T21:58:57.5858770Z ERROR: x265 not found using pkg-config
2026-06-25T21:58:57.5858910Z 
2026-06-25T21:58:57.5859180Z ===================== /Users/runner/work/LiteReplayd/LiteReplayd/build/src/fdk-aac/config.log (tail -120) =====================
2026-06-25T21:58:57.5859590Z INSTALL_PROGRAM='${INSTALL}'
2026-06-25T21:58:57.5859780Z INSTALL_SCRIPT='${INSTALL}'
2026-06-25T21:58:57.5859970Z INSTALL_STRIP_PROGRAM='$(install_sh) -c -s'
2026-06-25T21:58:57.5860360Z LD='/Applications/Xcode_15.4.app/Contents/Developer/Toolchains/XcodeDefault.xctoolchain/usr/bin/ld'
2026-06-25T21:58:57.5861250Z LDFLAGS='-arch arm64 -isysroot /Applications/Xcode_15.4.app/Contents/Developer/Platforms/iPhoneOS.platform/Developer/SDKs/iPhoneOS17.5.sdk -miphoneos-version-min=14.0 -L/Users/runner/work/LiteReplayd/LiteReplayd/build/prefix/lib'
2026-06-25T21:58:57.5861960Z LIBOBJS=''
2026-06-25T21:58:57.5862090Z LIBS=''
2026-06-25T21:58:57.5862200Z LIBS_PRIVATE=''
2026-06-25T21:58:57.5862340Z LIBS_PUBLIC=''
2026-06-25T21:58:57.5862490Z LIBTOOL='$(SHELL) $(top_builddir)/libtool'
2026-06-25T21:58:57.5869270Z LIPO='lipo'
2026-06-25T21:58:57.5869400Z LN_S='ln -s'
2026-06-25T21:58:57.5869530Z LTLIBOBJS=''
2026-06-25T21:58:57.5869660Z LT_SYS_LIBRARY_PATH=''
2026-06-25T21:58:57.5870000Z MAKEINFO='${SHELL} '\''/Users/runner/work/LiteReplayd/LiteReplayd/build/src/fdk-aac/missing'\'' makeinfo'
2026-06-25T21:58:57.5870550Z MANIFEST_TOOL=':'
2026-06-25T21:58:57.5870710Z MKDIR_P='/opt/homebrew/bin/gmkdir -p'
2026-06-25T21:58:57.5870900Z NM='nm'
2026-06-25T21:58:57.5871020Z NMEDIT='nmedit'
2026-06-25T21:58:57.5871150Z OBJDUMP='objdump'
2026-06-25T21:58:57.5871280Z OBJEXT='o'
2026-06-25T21:58:57.5871400Z OTOOL64=':'
2026-06-25T21:58:57.5871520Z OTOOL='otool'
2026-06-25T21:58:57.5871650Z PACKAGE='fdk-aac'
2026-06-25T21:58:57.5871900Z PACKAGE_BUGREPORT='http://sourceforge.net/projects/opencore-amr/'
2026-06-25T21:58:57.5872170Z PACKAGE_NAME='fdk-aac'
2026-06-25T21:58:57.5872330Z PACKAGE_STRING='fdk-aac 2.0.3'
2026-06-25T21:58:57.5872510Z PACKAGE_TARNAME='fdk-aac'
2026-06-25T21:58:57.5872670Z PACKAGE_URL=''
2026-06-25T21:58:57.5872810Z PACKAGE_VERSION='2.0.3'
2026-06-25T21:58:57.5872960Z PATH_SEPARATOR=':'
2026-06-25T21:58:57.5873310Z RANLIB='/Applications/Xcode_15.4.app/Contents/Developer/Toolchains/XcodeDefault.xctoolchain/usr/bin/ranlib'
2026-06-25T21:58:57.5873690Z SED='/usr/bin/sed'
2026-06-25T21:58:57.5873830Z SET_MAKE=''
2026-06-25T21:58:57.5873950Z SHELL='/bin/sh'
2026-06-25T21:58:57.5874280Z STRIP='/Applications/Xcode_15.4.app/Contents/Developer/Toolchains/XcodeDefault.xctoolchain/usr/bin/strip'
2026-06-25T21:58:57.5874660Z VERSION='2.0.3'
2026-06-25T21:58:57.5874790Z ac_ct_AR=''
2026-06-25T21:58:57.5874910Z ac_ct_CC=''
2026-06-25T21:58:57.5875030Z ac_ct_CXX=''
2026-06-25T21:58:57.5875170Z ac_ct_DUMPBIN='link -dump'
2026-06-25T21:58:57.5875340Z am__EXEEXT_FALSE=''
2026-06-25T21:58:57.5875480Z am__EXEEXT_TRUE='#'
2026-06-25T21:58:57.5875620Z am__fastdepCC_FALSE='#'
2026-06-25T21:58:57.5875780Z am__fastdepCC_TRUE=''
2026-06-25T21:58:57.5876360Z am__fastdepCXX_FALSE='#'
2026-06-25T21:58:57.5877080Z am__fastdepCXX_TRUE=''
2026-06-25T21:58:57.5877840Z am__include='include'
2026-06-25T21:58:57.5878030Z am__isrc=''
2026-06-25T21:58:57.5878150Z am__leading_dot='.'
2026-06-25T21:58:57.5878290Z am__nodep='_no'
2026-06-25T21:58:57.5878420Z am__quote=''
2026-06-25T21:58:57.5878550Z am__rm_f_notfound=''
2026-06-25T21:58:57.5878730Z am__tar='tar --format=ustar -chf - "$$tardir"'
2026-06-25T21:58:57.5878940Z am__untar='tar -xf -'
2026-06-25T21:58:57.5879100Z am__xargs_n='xargs -n'
2026-06-25T21:58:57.5879280Z bindir='${exec_prefix}/bin'
2026-06-25T21:58:57.5879460Z build='aarch64-apple-darwin23.6.0'
2026-06-25T21:58:57.5879640Z build_alias=''
2026-06-25T21:58:57.5879780Z build_cpu='aarch64'
2026-06-25T21:58:57.5880130Z build_os='darwin23.6.0'
2026-06-25T21:58:57.5880300Z build_vendor='apple'
2026-06-25T21:58:57.5880450Z datadir='${datarootdir}'
2026-06-25T21:58:57.5880610Z datarootdir='${prefix}/share'
2026-06-25T21:58:57.5880810Z docdir='${datarootdir}/doc/${PACKAGE_TARNAME}'
2026-06-25T21:58:57.5881020Z dvidir='${docdir}'
2026-06-25T21:58:57.5881160Z exec_prefix='${prefix}'
2026-06-25T21:58:57.5881320Z host='aarch64-apple-darwin'
2026-06-25T21:58:57.5881500Z host_alias='aarch64-apple-darwin'
2026-06-25T21:58:57.5881680Z host_cpu='aarch64'
2026-06-25T21:58:57.5881810Z host_os='darwin'
2026-06-25T21:58:57.5881950Z host_vendor='apple'
2026-06-25T21:58:57.5882100Z htmldir='${docdir}'
2026-06-25T21:58:57.5882250Z includedir='${prefix}/include'
2026-06-25T21:58:57.5882430Z infodir='${datarootdir}/info'
2026-06-25T21:58:57.5882760Z install_sh='${SHELL} /Users/runner/work/LiteReplayd/LiteReplayd/build/src/fdk-aac/install-sh'
2026-06-25T21:58:57.5883120Z libdir='${exec_prefix}/lib'
2026-06-25T21:58:57.5883300Z libexecdir='${exec_prefix}/libexec'
2026-06-25T21:58:57.5883500Z localedir='${datarootdir}/locale'
2026-06-25T21:58:57.5883690Z localstatedir='${prefix}/var'
2026-06-25T21:58:57.5883870Z mandir='${datarootdir}/man'
2026-06-25T21:58:57.5884030Z mkdir_p='$(MKDIR_P)'
2026-06-25T21:58:57.5884190Z oldincludedir='/usr/include'
2026-06-25T21:58:57.5884360Z pdfdir='${docdir}'
2026-06-25T21:58:57.5884590Z prefix='/Users/runner/work/LiteReplayd/LiteReplayd/build/prefix'
2026-06-25T21:58:57.5884860Z program_transform_name='s,x,x,'
2026-06-25T21:58:57.5885040Z psdir='${docdir}'
2026-06-25T21:58:57.5885200Z runstatedir='${localstatedir}/run'
2026-06-25T21:58:57.5885460Z sbindir='${exec_prefix}/sbin'
2026-06-25T21:58:57.5885640Z sharedstatedir='${prefix}/com'
2026-06-25T21:58:57.5885820Z sysconfdir='${prefix}/etc'
2026-06-25T21:58:57.5885990Z target_alias=''
2026-06-25T21:58:57.5886070Z 
2026-06-25T21:58:57.5886120Z ## ----------- ##
2026-06-25T21:58:57.5886270Z ## confdefs.h. ##
2026-06-25T21:58:57.5886400Z ## ----------- ##
2026-06-25T21:58:57.5886490Z 
2026-06-25T21:58:57.5886540Z /* confdefs.h */
2026-06-25T21:58:57.5886690Z #define PACKAGE_NAME "fdk-aac"
2026-06-25T21:58:57.5886880Z #define PACKAGE_TARNAME "fdk-aac"
2026-06-25T21:58:57.5887070Z #define PACKAGE_VERSION "2.0.3"
2026-06-25T21:58:57.5887260Z #define PACKAGE_STRING "fdk-aac 2.0.3"
2026-06-25T21:58:57.5887560Z #define PACKAGE_BUGREPORT "http://sourceforge.net/projects/opencore-amr/"
2026-06-25T21:58:57.5887860Z #define PACKAGE_URL ""
2026-06-25T21:58:57.5888020Z #define PACKAGE "fdk-aac"
2026-06-25T21:58:57.5888180Z #define VERSION "2.0.3"
2026-06-25T21:58:57.5888340Z #define HAVE_STDIO_H 1
2026-06-25T21:58:57.5888490Z #define HAVE_STDLIB_H 1
2026-06-25T21:58:57.5888640Z #define HAVE_STRING_H 1
2026-06-25T21:58:57.5888790Z #define HAVE_INTTYPES_H 1
2026-06-25T21:58:57.5888960Z #define HAVE_STDINT_H 1
2026-06-25T21:58:57.5889130Z #define HAVE_STRINGS_H 1
2026-06-25T21:58:57.5889290Z #define HAVE_SYS_STAT_H 1
2026-06-25T21:58:57.5889460Z #define HAVE_SYS_TYPES_H 1
2026-06-25T21:58:57.5889620Z #define HAVE_UNISTD_H 1
2026-06-25T21:58:57.5889780Z #define STDC_HEADERS 1
2026-06-25T21:58:57.5889940Z #define HAVE_DLFCN_H 1
2026-06-25T21:58:57.5890100Z #define LT_OBJDIR ".libs/"
2026-06-25T21:58:57.5890210Z 
2026-06-25T21:58:57.5890270Z configure: exit 
2026-06-25T21:58:57.5890360Z 
2026-06-25T21:58:57.5890630Z ===================== /Users/runner/work/LiteReplayd/LiteReplayd/build/src/ogg/config.log (tail -120) =====================
2026-06-25T21:58:57.5891020Z OBJDUMP='objdump'
2026-06-25T21:58:57.5891160Z OBJEXT='o'
2026-06-25T21:58:57.5891280Z OPT=''
2026-06-25T21:58:57.5891410Z OTOOL64=':'
2026-06-25T21:58:57.5891530Z OTOOL='otool'
2026-06-25T21:58:57.5891670Z PACKAGE='libogg'
2026-06-25T21:58:57.5891800Z PACKAGE_BUGREPORT=''
2026-06-25T21:58:57.5891950Z PACKAGE_NAME='libogg'
2026-06-25T21:58:57.5892110Z PACKAGE_STRING='libogg 1.3.6'
2026-06-25T21:58:57.5892280Z PACKAGE_TARNAME='libogg'
2026-06-25T21:58:57.5892440Z PACKAGE_URL=''
2026-06-25T21:58:57.5892660Z PACKAGE_VERSION='1.3.6'
2026-06-25T21:58:57.5892830Z PATH_SEPARATOR=':'
2026-06-25T21:58:57.5893820Z PROFILE='-fno-common -O4 -Wall -Wextra -pg -g -fsigned-char -ffast-math -arch arm64 -isysroot /Applications/Xcode_15.4.app/Contents/Developer/Platforms/iPhoneOS.platform/Developer/SDKs/iPhoneOS17.5.sdk -miphoneos-version-min=14.0 -I/Users/runner/work/LiteReplayd/LiteReplayd/build/prefix/include -fPIC -O2'
2026-06-25T21:58:57.5894970Z RANLIB='/Applications/Xcode_15.4.app/Contents/Developer/Toolchains/XcodeDefault.xctoolchain/usr/bin/ranlib'
2026-06-25T21:58:57.5895360Z SED='/usr/bin/sed'
2026-06-25T21:58:57.5895510Z SET_MAKE=''
2026-06-25T21:58:57.5895630Z SHELL='/bin/sh'
2026-06-25T21:58:57.5895760Z SIZE16='int16_t'
2026-06-25T21:58:57.5895890Z SIZE32='int32_t'
2026-06-25T21:58:57.5896020Z SIZE64='int64_t'
2026-06-25T21:58:57.5896360Z STRIP='/Applications/Xcode_15.4.app/Contents/Developer/Toolchains/XcodeDefault.xctoolchain/usr/bin/strip'
2026-06-25T21:58:57.5896740Z TEST_ENV=''
2026-06-25T21:58:57.5896870Z USIZE16='uint16_t'
2026-06-25T21:58:57.5897010Z USIZE32='uint32_t'
2026-06-25T21:58:57.5897150Z USIZE64='uint64_t'
2026-06-25T21:58:57.5897280Z VALGRIND=''
2026-06-25T21:58:57.5897410Z VERSION='1.3.6'
2026-06-25T21:58:57.5897540Z ac_ct_AR=''
2026-06-25T21:58:57.5897660Z ac_ct_CC=''
2026-06-25T21:58:57.5897790Z ac_ct_DUMPBIN='link -dump'
2026-06-25T21:58:57.5897960Z am__EXEEXT_FALSE=''
2026-06-25T21:58:57.5898100Z am__EXEEXT_TRUE='#'
2026-06-25T21:58:57.5898240Z am__fastdepCC_FALSE='#'
2026-06-25T21:58:57.5898400Z am__fastdepCC_TRUE=''
2026-06-25T21:58:57.5898550Z am__include='include'
2026-06-25T21:58:57.5898770Z am__isrc=''
2026-06-25T21:58:57.5898890Z am__leading_dot='.'
2026-06-25T21:58:57.5899400Z am__nodep='_no'
2026-06-25T21:58:57.5899540Z am__quote=''
2026-06-25T21:58:57.5899660Z am__rm_f_notfound=''
2026-06-25T21:58:57.5899840Z am__tar='tar --format=ustar -chf - "$$tardir"'
2026-06-25T21:58:57.5900050Z am__untar='tar -xf -'
2026-06-25T21:58:57.5900200Z am__xargs_n='xargs -n'
2026-06-25T21:58:57.5900360Z bindir='${exec_prefix}/bin'
2026-06-25T21:58:57.5900540Z build='aarch64-apple-darwin23.6.0'
2026-06-25T21:58:57.5900720Z build_alias=''
2026-06-25T21:58:57.5900860Z build_cpu='aarch64'
2026-06-25T21:58:57.5901000Z build_os='darwin23.6.0'
2026-06-25T21:58:57.5901160Z build_vendor='apple'
2026-06-25T21:58:57.5901310Z datadir='${datarootdir}'
2026-06-25T21:58:57.5901470Z datarootdir='${prefix}/share'
2026-06-25T21:58:57.5901670Z docdir='${datarootdir}/doc/${PACKAGE_TARNAME}'
2026-06-25T21:58:57.5901880Z dvidir='${docdir}'
2026-06-25T21:58:57.5902040Z exec_prefix='${prefix}'
2026-06-25T21:58:57.5902200Z host='aarch64-apple-darwin'
2026-06-25T21:58:57.5902380Z host_alias='aarch64-apple-darwin'
2026-06-25T21:58:57.5902560Z host_cpu='aarch64'
2026-06-25T21:58:57.5902700Z host_os='darwin'
2026-06-25T21:58:57.5902830Z host_vendor='apple'
2026-06-25T21:58:57.5902970Z htmldir='${docdir}'
2026-06-25T21:58:57.5903120Z includedir='${prefix}/include'
2026-06-25T21:58:57.5903300Z infodir='${datarootdir}/info'
2026-06-25T21:58:57.5903610Z install_sh='${SHELL} /Users/runner/work/LiteReplayd/LiteReplayd/build/src/ogg/install-sh'
2026-06-25T21:58:57.5903950Z libdir='${exec_prefix}/lib'
2026-06-25T21:58:57.5904130Z libexecdir='${exec_prefix}/libexec'
2026-06-25T21:58:57.5904320Z localedir='${datarootdir}/locale'
2026-06-25T21:58:57.5904510Z localstatedir='${prefix}/var'
2026-06-25T21:58:57.5904690Z mandir='${datarootdir}/man'
2026-06-25T21:58:57.5904850Z mkdir_p='$(MKDIR_P)'
2026-06-25T21:58:57.5905010Z oldincludedir='/usr/include'
2026-06-25T21:58:57.5905170Z pdfdir='${docdir}'
2026-06-25T21:58:57.5905380Z prefix='/Users/runner/work/LiteReplayd/LiteReplayd/build/prefix'
2026-06-25T21:58:57.5905660Z program_transform_name='s,x,x,'
2026-06-25T21:58:57.5905830Z psdir='${docdir}'
2026-06-25T21:58:57.5905990Z runstatedir='${localstatedir}/run'
2026-06-25T21:58:57.5906180Z sbindir='${exec_prefix}/sbin'
2026-06-25T21:58:57.5906360Z sharedstatedir='${prefix}/com'
2026-06-25T21:58:57.5906540Z sysconfdir='${prefix}/etc'
2026-06-25T21:58:57.5906900Z target_alias=''
2026-06-25T21:58:57.5907000Z 
2026-06-25T21:58:57.5907050Z ## ----------- ##
2026-06-25T21:58:57.5907850Z ## confdefs.h. ##
2026-06-25T21:58:57.5908320Z ## ----------- ##
2026-06-25T21:58:57.5908570Z 
2026-06-25T21:58:57.5908740Z /* confdefs.h */
2026-06-25T21:58:57.5909180Z #define PACKAGE_NAME "libogg"
2026-06-25T21:58:57.5909710Z #define PACKAGE_TARNAME "libogg"
2026-06-25T21:58:57.5910240Z #define PACKAGE_VERSION "1.3.6"
2026-06-25T21:58:57.5910780Z #define PACKAGE_STRING "libogg 1.3.6"
2026-06-25T21:58:57.5911460Z #define PACKAGE_BUGREPORT ""
2026-06-25T21:58:57.5911640Z #define PACKAGE_URL ""
2026-06-25T21:58:57.5911800Z #define HAVE_STDIO_H 1
2026-06-25T21:58:57.5911950Z #define HAVE_STDLIB_H 1
2026-06-25T21:58:57.5912100Z #define HAVE_STRING_H 1
2026-06-25T21:58:57.5912270Z #define HAVE_INTTYPES_H 1
2026-06-25T21:58:57.5912420Z #define HAVE_STDINT_H 1
2026-06-25T21:58:57.5912580Z #define HAVE_STRINGS_H 1
2026-06-25T21:58:57.5912750Z #define HAVE_SYS_STAT_H 1
2026-06-25T21:58:57.5912930Z #define HAVE_SYS_TYPES_H 1
2026-06-25T21:58:57.5913090Z #define HAVE_UNISTD_H 1
2026-06-25T21:58:57.5913240Z #define STDC_HEADERS 1
2026-06-25T21:58:57.5913390Z #define HAVE_DLFCN_H 1
2026-06-25T21:58:57.5913540Z #define LT_OBJDIR ".libs/"
2026-06-25T21:58:57.5913700Z #define PACKAGE "libogg"
2026-06-25T21:58:57.5913870Z #define VERSION "1.3.6"
2026-06-25T21:58:57.5914340Z #define SIZEOF_INT16_T 2
2026-06-25T21:58:57.5914500Z #define SIZEOF_UINT16_T 2
2026-06-25T21:58:57.5914660Z #define SIZEOF_U_INT16_T 2
2026-06-25T21:58:57.5914830Z #define SIZEOF_INT32_T 4
2026-06-25T21:58:57.5914990Z #define SIZEOF_UINT32_T 4
2026-06-25T21:58:57.5915330Z #define SIZEOF_U_INT32_T 4
2026-06-25T21:58:57.5915490Z #define SIZEOF_INT64_T 8
2026-06-25T21:58:57.5915650Z #define SIZEOF_UINT64_T 8
2026-06-25T21:58:57.5915800Z #define SIZEOF_SHORT 2
2026-06-25T21:58:57.5915950Z #define SIZEOF_INT 4
2026-06-25T21:58:57.5916100Z #define SIZEOF_LONG 8
2026-06-25T21:58:57.5916250Z #define SIZEOF_LONG_LONG 8
2026-06-25T21:58:57.5916360Z 
2026-06-25T21:58:57.5916410Z configure: exit 
2026-06-25T21:58:57.5916500Z 
2026-06-25T21:58:57.5916770Z ===================== /Users/runner/work/LiteReplayd/LiteReplayd/build/src/vorbis/config.log (tail -120) =====================
2026-06-25T21:58:57.5917160Z MANIFEST_TOOL=':'
2026-06-25T21:58:57.5917320Z MKDIR_P='/opt/homebrew/bin/gmkdir -p'
2026-06-25T21:58:57.5917510Z NM='nm'
2026-06-25T21:58:57.5917630Z NMEDIT='nmedit'
2026-06-25T21:58:57.5917760Z OBJDUMP='objdump'
2026-06-25T21:58:57.5917900Z OBJEXT='o'
2026-06-25T21:58:57.5918140Z OGG_CFLAGS='-I/Users/runner/work/LiteReplayd/LiteReplayd/build/prefix/include'
2026-06-25T21:58:57.5918560Z OGG_LIBS='-L/Users/runner/work/LiteReplayd/LiteReplayd/build/prefix/lib -logg'
2026-06-25T21:58:57.5918850Z OTOOL64=':'
2026-06-25T21:58:57.5918970Z OTOOL='otool'
2026-06-25T21:58:57.5919100Z PACKAGE='libvorbis'
2026-06-25T21:58:57.5919270Z PACKAGE_BUGREPORT='vorbis-dev@xiph.org'
2026-06-25T21:58:57.5919580Z PACKAGE_NAME='libvorbis'
2026-06-25T21:58:57.5919750Z PACKAGE_STRING='libvorbis 1.3.7'
2026-06-25T21:58:57.5919940Z PACKAGE_TARNAME='libvorbis'
2026-06-25T21:58:57.5920100Z PACKAGE_URL=''
2026-06-25T21:58:57.5920240Z PACKAGE_VERSION='1.3.7'
2026-06-25T21:58:57.5920390Z PATH_SEPARATOR=':'
2026-06-25T21:58:57.5920530Z PDFLATEX=''
2026-06-25T21:58:57.5920670Z PKG_CONFIG='/opt/homebrew/bin/pkg-config'
2026-06-25T21:58:57.5920980Z PROFILE='-DDARWIN -fno-common  -Wall -g -pg -O3 -ffast-math -fsigned-char'
2026-06-25T21:58:57.5921470Z RANLIB='/Applications/Xcode_15.4.app/Contents/Developer/Toolchains/XcodeDefault.xctoolchain/usr/bin/ranlib'
2026-06-25T21:58:57.5921860Z SED='/usr/bin/sed'
2026-06-25T21:58:57.5922000Z SET_MAKE=''
2026-06-25T21:58:57.5926670Z SHELL='/bin/sh'
2026-06-25T21:58:57.5927010Z STRIP='/Applications/Xcode_15.4.app/Contents/Developer/Toolchains/XcodeDefault.xctoolchain/usr/bin/strip'
2026-06-25T21:58:57.5927390Z VERSION='1.3.7'
2026-06-25T21:58:57.5927520Z VE_LIB_AGE='0'
2026-06-25T21:58:57.5927660Z VE_LIB_CURRENT='2'
2026-06-25T21:58:57.5927990Z VE_LIB_REVISION='12'
2026-06-25T21:58:57.5929470Z VF_LIB_AGE='3'
2026-06-25T21:58:57.5929620Z VF_LIB_CURRENT='6'
2026-06-25T21:58:57.5929780Z VF_LIB_REVISION='8'
2026-06-25T21:58:57.5929930Z VORBIS_LIBS='-lm'
2026-06-25T21:58:57.5930080Z V_LIB_AGE='4'
2026-06-25T21:58:57.5930230Z V_LIB_CURRENT='4'
2026-06-25T21:58:57.5930390Z V_LIB_REVISION='9'
2026-06-25T21:58:57.5930520Z ac_ct_AR=''
2026-06-25T21:58:57.5930650Z ac_ct_CC=''
2026-06-25T21:58:57.5930810Z ac_ct_DUMPBIN='link -dump'
2026-06-25T21:58:57.5931000Z am__EXEEXT_FALSE=''
2026-06-25T21:58:57.5931150Z am__EXEEXT_TRUE='#'
2026-06-25T21:58:57.5931300Z am__fastdepCC_FALSE='#'
2026-06-25T21:58:57.5931460Z am__fastdepCC_TRUE=''
2026-06-25T21:58:57.5931610Z am__include='include'
2026-06-25T21:58:57.5931750Z am__isrc=''
2026-06-25T21:58:57.5931890Z am__leading_dot='.'
2026-06-25T21:58:57.5932030Z am__nodep='_no'
2026-06-25T21:58:57.5932160Z am__quote=''
2026-06-25T21:58:57.5932290Z am__rm_f_notfound=''
2026-06-25T21:58:57.5932470Z am__tar='tar --format=ustar -chf - "$$tardir"'
2026-06-25T21:58:57.5932700Z am__untar='tar -xf -'
2026-06-25T21:58:57.5932850Z am__xargs_n='xargs -n'
2026-06-25T21:58:57.5933010Z bindir='${exec_prefix}/bin'
2026-06-25T21:58:57.5933190Z build='aarch64-apple-darwin23.6.0'
2026-06-25T21:58:57.5933380Z build_alias=''
2026-06-25T21:58:57.5933510Z build_cpu='aarch64'
2026-06-25T21:58:57.5933650Z build_os='darwin23.6.0'
2026-06-25T21:58:57.5933810Z build_vendor='apple'
2026-06-25T21:58:57.5933960Z datadir='${datarootdir}'
2026-06-25T21:58:57.5934130Z datarootdir='${prefix}/share'
2026-06-25T21:58:57.5934350Z docdir='${datarootdir}/doc/${PACKAGE_TARNAME}'
2026-06-25T21:58:57.5934720Z dvidir='${docdir}'
2026-06-25T21:58:57.5934870Z exec_prefix='${prefix}'
2026-06-25T21:58:57.5935030Z host='aarch64-apple-darwin'
2026-06-25T21:58:57.5935210Z host_alias='aarch64-apple-darwin'
2026-06-25T21:58:57.5935390Z host_cpu='aarch64'
2026-06-25T21:58:57.5935530Z host_os='darwin'
2026-06-25T21:58:57.5935660Z host_vendor='apple'
2026-06-25T21:58:57.5935810Z htmldir='${docdir}'
2026-06-25T21:58:57.5935960Z includedir='${prefix}/include'
2026-06-25T21:58:57.5936140Z infodir='${datarootdir}/info'
2026-06-25T21:58:57.5936460Z install_sh='${SHELL} /Users/runner/work/LiteReplayd/LiteReplayd/build/src/vorbis/install-sh'
2026-06-25T21:58:57.5936810Z libdir='${exec_prefix}/lib'
2026-06-25T21:58:57.5936990Z libexecdir='${exec_prefix}/libexec'
2026-06-25T21:58:57.5937190Z localedir='${datarootdir}/locale'
2026-06-25T21:58:57.5938260Z localstatedir='${prefix}/var'
2026-06-25T21:58:57.5938810Z mandir='${datarootdir}/man'
2026-06-25T21:58:57.5939300Z mkdir_p='$(MKDIR_P)'
2026-06-25T21:58:57.5939770Z oldincludedir='/usr/include'
2026-06-25T21:58:57.5940260Z pdfdir='${docdir}'
2026-06-25T21:58:57.5940880Z prefix='/Users/runner/work/LiteReplayd/LiteReplayd/build/prefix'
2026-06-25T21:58:57.5941500Z program_transform_name='s,x,x,'
2026-06-25T21:58:57.5941670Z psdir='${docdir}'
2026-06-25T21:58:57.5941840Z pthread_lib='-lpthread'
2026-06-25T21:58:57.5942010Z runstatedir='${localstatedir}/run'
2026-06-25T21:58:57.5942210Z sbindir='${exec_prefix}/sbin'
2026-06-25T21:58:57.5942390Z sharedstatedir='${prefix}/com'
2026-06-25T21:58:57.5942570Z sysconfdir='${prefix}/etc'
2026-06-25T21:58:57.5942720Z target_alias=''
2026-06-25T21:58:57.5942810Z 
2026-06-25T21:58:57.5943170Z ## ----------- ##
2026-06-25T21:58:57.5943330Z ## confdefs.h. ##
2026-06-25T21:58:57.5943460Z ## ----------- ##
2026-06-25T21:58:57.5943550Z 
2026-06-25T21:58:57.5943600Z /* confdefs.h */
2026-06-25T21:58:57.5943750Z #define PACKAGE_NAME "libvorbis"
2026-06-25T21:58:57.5943940Z #define PACKAGE_TARNAME "libvorbis"
2026-06-25T21:58:57.5944140Z #define PACKAGE_VERSION "1.3.7"
2026-06-25T21:58:57.5944330Z #define PACKAGE_STRING "libvorbis 1.3.7"
2026-06-25T21:58:57.5944560Z #define PACKAGE_BUGREPORT "vorbis-dev@xiph.org"
2026-06-25T21:58:57.5944790Z #define PACKAGE_URL ""
2026-06-25T21:58:57.5944950Z #define PACKAGE "libvorbis"
2026-06-25T21:58:57.5945110Z #define VERSION "1.3.7"
2026-06-25T21:58:57.5945260Z #define HAVE_STDIO_H 1
2026-06-25T21:58:57.5945600Z #define HAVE_STDLIB_H 1
2026-06-25T21:58:57.5945760Z #define HAVE_STRING_H 1
2026-06-25T21:58:57.5945920Z #define HAVE_INTTYPES_H 1
2026-06-25T21:58:57.5946080Z #define HAVE_STDINT_H 1
2026-06-25T21:58:57.5946240Z #define HAVE_STRINGS_H 1
2026-06-25T21:58:57.5946400Z #define HAVE_SYS_STAT_H 1
2026-06-25T21:58:57.5946560Z #define HAVE_SYS_TYPES_H 1
2026-06-25T21:58:57.5946720Z #define HAVE_UNISTD_H 1
2026-06-25T21:58:57.5946870Z #define STDC_HEADERS 1
2026-06-25T21:58:57.5947030Z #define HAVE_DLFCN_H 1
2026-06-25T21:58:57.5947180Z #define LT_OBJDIR ".libs/"
2026-06-25T21:58:57.5947380Z #define HAVE_ALLOCA_H 1
2026-06-25T21:58:57.5947530Z #define HAVE_ALLOCA 1
2026-06-25T21:58:57.5947630Z 
2026-06-25T21:58:57.5947680Z configure: exit 
2026-06-25T21:58:57.5947760Z 
2026-06-25T21:58:57.5948030Z ===================== /Users/runner/work/LiteReplayd/LiteReplayd/build/src/opus/config.log (tail -120) =====================
2026-06-25T21:58:57.5948420Z OPUS_LT_REVISION='1'
2026-06-25T21:58:57.5948570Z OPUS_X86_AVX2_CFLAGS=''
2026-06-25T21:58:57.5948730Z OPUS_X86_SSE2_CFLAGS=''
2026-06-25T21:58:57.5948880Z OPUS_X86_SSE4_1_CFLAGS=''
2026-06-25T21:58:57.5949040Z OPUS_X86_SSE_CFLAGS=''
2026-06-25T21:58:57.5949180Z OTOOL64=':'
2026-06-25T21:58:57.5949300Z OTOOL='otool'
2026-06-25T21:58:57.5949430Z PACKAGE='opus'
2026-06-25T21:58:57.5949590Z PACKAGE_BUGREPORT='opus@xiph.org'
2026-06-25T21:58:57.5949770Z PACKAGE_NAME='opus'
2026-06-25T21:58:57.5949920Z PACKAGE_STRING='opus unknown'
2026-06-25T21:58:57.5950090Z PACKAGE_TARNAME='opus'
2026-06-25T21:58:57.5950240Z PACKAGE_URL=''
2026-06-25T21:58:57.5950450Z PACKAGE_VERSION='unknown'
2026-06-25T21:58:57.5950610Z PATH_SEPARATOR=':'
2026-06-25T21:58:57.5950760Z PC_BUILD='floating-point'
2026-06-25T21:58:57.5951130Z RANLIB='/Applications/Xcode_15.4.app/Contents/Developer/Toolchains/XcodeDefault.xctoolchain/usr/bin/ranlib'
2026-06-25T21:58:57.5951520Z SED='/usr/bin/sed'
2026-06-25T21:58:57.5951650Z SET_MAKE=''
2026-06-25T21:58:57.5951770Z SHELL='/bin/sh'
2026-06-25T21:58:57.5952110Z STRIP='/Applications/Xcode_15.4.app/Contents/Developer/Toolchains/XcodeDefault.xctoolchain/usr/bin/strip'
2026-06-25T21:58:57.5952490Z VERSION='unknown'
2026-06-25T21:58:57.5952640Z X86_AVX2_CFLAGS='-mavx -mfma -mavx2'
2026-06-25T21:58:57.5952830Z X86_SSE2_CFLAGS='-msse2'
2026-06-25T21:58:57.5952990Z X86_SSE4_1_CFLAGS='-msse4.1'
2026-06-25T21:58:57.5953160Z X86_SSE_CFLAGS='-msse'
2026-06-25T21:58:57.5953300Z ac_ct_AR=''
2026-06-25T21:58:57.5953420Z ac_ct_CC=''
2026-06-25T21:58:57.5953550Z ac_ct_DUMPBIN='link -dump'
2026-06-25T21:58:57.5953720Z am__EXEEXT_FALSE=''
2026-06-25T21:58:57.5953860Z am__EXEEXT_TRUE='#'
2026-06-25T21:58:57.5954010Z am__fastdepCCAS_FALSE='#'
2026-06-25T21:58:57.5954170Z am__fastdepCCAS_TRUE=''
2026-06-25T21:58:57.5954320Z am__fastdepCC_FALSE='#'
2026-06-25T21:58:57.5954480Z am__fastdepCC_TRUE=''
2026-06-25T21:58:57.5954630Z am__include='include'
2026-06-25T21:58:57.5954770Z am__isrc=''
2026-06-25T21:58:57.5954890Z am__leading_dot='.'
2026-06-25T21:58:57.5955030Z am__nodep='_no'
2026-06-25T21:58:57.5955170Z am__quote=''
2026-06-25T21:58:57.5955290Z am__rm_f_notfound=''
2026-06-25T21:58:57.5955470Z am__tar='tar --format=ustar -chf - "$$tardir"'
2026-06-25T21:58:57.5955680Z am__untar='tar -xf -'
2026-06-25T21:58:57.5955830Z am__xargs_n='xargs -n'
2026-06-25T21:58:57.5955980Z bindir='${exec_prefix}/bin'
2026-06-25T21:58:57.5956170Z build='aarch64-apple-darwin23.6.0'
2026-06-25T21:58:57.5956350Z build_alias=''
2026-06-25T21:58:57.5956480Z build_cpu='aarch64'
2026-06-25T21:58:57.5956620Z build_os='darwin23.6.0'
2026-06-25T21:58:57.5956770Z build_vendor='apple'
2026-06-25T21:58:57.5956920Z datadir='${datarootdir}'
2026-06-25T21:58:57.5957090Z datarootdir='${prefix}/share'
2026-06-25T21:58:57.5957300Z docdir='${datarootdir}/doc/${PACKAGE_TARNAME}'
2026-06-25T21:58:57.5957510Z dvidir='${docdir}'
2026-06-25T21:58:57.5957650Z exec_prefix='${prefix}'
2026-06-25T21:58:57.5957810Z host='aarch64-apple-darwin'
2026-06-25T21:58:57.5957990Z host_alias='aarch64-apple-darwin'
2026-06-25T21:58:57.5958260Z host_cpu='aarch64'
2026-06-25T21:58:57.5958400Z host_os='darwin'
2026-06-25T21:58:57.5958540Z host_vendor='apple'
2026-06-25T21:58:57.5958680Z htmldir='${docdir}'
2026-06-25T21:58:57.5958820Z includedir='${prefix}/include'
2026-06-25T21:58:57.5959010Z infodir='${datarootdir}/info'
2026-06-25T21:58:57.5959320Z install_sh='${SHELL} /Users/runner/work/LiteReplayd/LiteReplayd/build/src/opus/install-sh'
2026-06-25T21:58:57.5959650Z libdir='${exec_prefix}/lib'
2026-06-25T21:58:57.5959830Z libexecdir='${exec_prefix}/libexec'
2026-06-25T21:58:57.5960020Z localedir='${datarootdir}/locale'
2026-06-25T21:58:57.5960210Z localstatedir='${prefix}/var'
2026-06-25T21:58:57.5960390Z mandir='${datarootdir}/man'
2026-06-25T21:58:57.5960560Z mkdir_p='$(MKDIR_P)'
2026-06-25T21:58:57.5960710Z oldincludedir='/usr/include'
2026-06-25T21:58:57.5960880Z pdfdir='${docdir}'
2026-06-25T21:58:57.5961090Z prefix='/Users/runner/work/LiteReplayd/LiteReplayd/build/prefix'
2026-06-25T21:58:57.5961370Z program_transform_name='s,x,x,'
2026-06-25T21:58:57.5961540Z psdir='${docdir}'
2026-06-25T21:58:57.5961700Z runstatedir='${localstatedir}/run'
2026-06-25T21:58:57.5961890Z sbindir='${exec_prefix}/sbin'
2026-06-25T21:58:57.5962070Z sharedstatedir='${prefix}/com'
2026-06-25T21:58:57.5962240Z sysconfdir='${prefix}/etc'
2026-06-25T21:58:57.5962400Z target_alias=''
2026-06-25T21:58:57.5962490Z 
2026-06-25T21:58:57.5962540Z ## ----------- ##
2026-06-25T21:58:57.5962680Z ## confdefs.h. ##
2026-06-25T21:58:57.5962810Z ## ----------- ##
2026-06-25T21:58:57.5962890Z 
2026-06-25T21:58:57.5962940Z /* confdefs.h */
2026-06-25T21:58:57.5963140Z #define PACKAGE_NAME "opus"
2026-06-25T21:58:57.5963320Z #define PACKAGE_TARNAME "opus"
2026-06-25T21:58:57.5963500Z #define PACKAGE_VERSION "unknown"
2026-06-25T21:58:57.5963700Z #define PACKAGE_STRING "opus unknown"
2026-06-25T21:58:57.5963900Z #define PACKAGE_BUGREPORT "opus@xiph.org"
2026-06-25T21:58:57.5964100Z #define PACKAGE_URL ""
2026-06-25T21:58:57.5964260Z #define HAVE_STDIO_H 1
2026-06-25T21:58:57.5964420Z #define HAVE_STDLIB_H 1
2026-06-25T21:58:57.5964580Z #define HAVE_STRING_H 1
2026-06-25T21:58:57.5964740Z #define HAVE_INTTYPES_H 1
2026-06-25T21:58:57.5964910Z #define HAVE_STDINT_H 1
2026-06-25T21:58:57.5965070Z #define HAVE_STRINGS_H 1
2026-06-25T21:58:57.5965240Z #define HAVE_SYS_STAT_H 1
2026-06-25T21:58:57.5965410Z #define HAVE_SYS_TYPES_H 1
2026-06-25T21:58:57.5965580Z #define HAVE_UNISTD_H 1
2026-06-25T21:58:57.5965740Z #define STDC_HEADERS 1
2026-06-25T21:58:57.5965900Z #define HAVE_DLFCN_H 1
2026-06-25T21:58:57.5966060Z #define LT_OBJDIR ".libs/"
2026-06-25T21:58:57.5966210Z #define OPUS_BUILD /**/
2026-06-25T21:58:57.5966370Z #define restrict __restrict
2026-06-25T21:58:57.5966540Z #define VAR_ARRAYS 1
2026-06-25T21:58:57.5966690Z #define ENABLE_RES24 1
2026-06-25T21:58:57.5966840Z #define FLOAT_APPROX 1
2026-06-25T21:58:57.5967000Z #define OPUS_ARM_MAY_HAVE_NEON_INTR 1
2026-06-25T21:58:57.5967210Z #define OPUS_ARM_PRESUME_NEON_INTR 1
2026-06-25T21:58:57.5967420Z #define OPUS_ARM_PRESUME_AARCH64_NEON_INTR 1
2026-06-25T21:58:57.5967650Z #define OPUS_ARM_MAY_HAVE_DOTPROD 1
2026-06-25T21:58:57.5967830Z #define OPUS_HAVE_RTCD 1
2026-06-25T21:58:57.5968000Z #define ENABLE_HARDENING 1
2026-06-25T21:58:57.5968180Z #define DISABLE_DEBUG_FLOAT 1
2026-06-25T21:58:57.5968350Z #define HAVE_LRINTF 1
2026-06-25T21:58:57.5968500Z #define HAVE_LRINT 1
2026-06-25T21:58:57.5968590Z 
2026-06-25T21:58:57.5968640Z configure: exit 
2026-06-25T21:58:57.5968730Z 
2026-06-25T21:58:57.5969000Z ===================== /Users/runner/work/LiteReplayd/LiteReplayd/build/src/libvpx/config.log (tail -120) =====================
2026-06-25T21:58:57.5969730Z BEGIN /var/folders/dq/2t71w9pd3jx50vh3kp15_dt40000gn/T//vpx-conf-11910-11692.cc
2026-06-25T21:58:57.5970040Z      1	int x;
2026-06-25T21:58:57.5970280Z END /var/folders/dq/2t71w9pd3jx50vh3kp15_dt40000gn/T//vpx-conf-11910-11692.cc
2026-06-25T21:58:57.5974460Z /Applications/Xcode_15.4.app/Contents/Developer/Toolchains/XcodeDefault.xctoolchain/usr/bin/clang++ -arch arm64 -isysroot /Applications/Xcode_15.4.app/Contents/Developer/Platforms/iPhoneOS.platform/Developer/SDKs/iPhoneOS17.5.sdk -miphoneos-version-min=14.0 -I/Users/runner/work/LiteReplayd/LiteReplayd/build/prefix/include -fPIC -O2 -miphoneos-version-min=7.0 -isysroot /Applications/Xcode_15.4.app/Contents/Developer/Platforms/iPhoneOS.platform/Developer/SDKs/iPhoneOS17.5.sdk -march=armv8-a -arch arm64 -isysroot /Applications/Xcode_15.4.app/Contents/Developer/Platforms/iPhoneOS.platform/Developer/SDKs/iPhoneOS17.5.sdk -fembed-bitcode -DNDEBUG -O3 -fPIC -Wall -Wdisabled-optimization -Wextra-semi -Wextra-semi-stmt -Wfloat-conversion -Wformat=2 -Wparentheses-equality -Wpointer-arith -Wtype-limits -Wcast-qual -Wvla -Wimplicit-function-declaration -Wmissing-declarations -Wmissing-prototypes -Wshadow -Wstrict-prototypes -Wuninitialized -Wunreachable-code-aggressive -Wunused -Wextra -flax-vector-conversions=none -Wno-psabi -Wc++20-extensions -Werror -Wc++23-extensions -c -o /var/folders/dq/2t71w9pd3jx50vh3kp15_dt40000gn/T//vpx-conf-11910-11692.o /var/folders/dq/2t71w9pd3jx50vh3kp15_dt40000gn/T//vpx-conf-11910-11692.cc
2026-06-25T21:58:57.5979040Z error: unknown warning option '-Wc++23-extensions' [-Werror,-Wunknown-warning-option]
2026-06-25T21:58:57.5979390Z check_cxxflags -Wnon-virtual-dtor
2026-06-25T21:58:57.5979590Z check_cxx -Werror -Wnon-virtual-dtor
2026-06-25T21:58:57.5979890Z BEGIN /var/folders/dq/2t71w9pd3jx50vh3kp15_dt40000gn/T//vpx-conf-11910-11692.cc
2026-06-25T21:58:57.5980190Z      1	int x;
2026-06-25T21:58:57.5980430Z END /var/folders/dq/2t71w9pd3jx50vh3kp15_dt40000gn/T//vpx-conf-11910-11692.cc
2026-06-25T21:58:57.5984350Z /Applications/Xcode_15.4.app/Contents/Developer/Toolchains/XcodeDefault.xctoolchain/usr/bin/clang++ -arch arm64 -isysroot /Applications/Xcode_15.4.app/Contents/Developer/Platforms/iPhoneOS.platform/Developer/SDKs/iPhoneOS17.5.sdk -miphoneos-version-min=14.0 -I/Users/runner/work/LiteReplayd/LiteReplayd/build/prefix/include -fPIC -O2 -miphoneos-version-min=7.0 -isysroot /Applications/Xcode_15.4.app/Contents/Developer/Platforms/iPhoneOS.platform/Developer/SDKs/iPhoneOS17.5.sdk -march=armv8-a -arch arm64 -isysroot /Applications/Xcode_15.4.app/Contents/Developer/Platforms/iPhoneOS.platform/Developer/SDKs/iPhoneOS17.5.sdk -fembed-bitcode -DNDEBUG -O3 -fPIC -Wall -Wdisabled-optimization -Wextra-semi -Wextra-semi-stmt -Wfloat-conversion -Wformat=2 -Wparentheses-equality -Wpointer-arith -Wtype-limits -Wcast-qual -Wvla -Wimplicit-function-declaration -Wmissing-declarations -Wmissing-prototypes -Wshadow -Wstrict-prototypes -Wuninitialized -Wunreachable-code-aggressive -Wunused -Wextra -flax-vector-conversions=none -Wno-psabi -Wc++20-extensions -Werror -Wnon-virtual-dtor -c -o /var/folders/dq/2t71w9pd3jx50vh3kp15_dt40000gn/T//vpx-conf-11910-11692.o /var/folders/dq/2t71w9pd3jx50vh3kp15_dt40000gn/T//vpx-conf-11910-11692.cc
2026-06-25T21:58:57.5988120Z check_cxxflags -Wno-missing-declarations
2026-06-25T21:58:57.5988350Z check_cxx -Werror -Wno-missing-declarations
2026-06-25T21:58:57.5988670Z BEGIN /var/folders/dq/2t71w9pd3jx50vh3kp15_dt40000gn/T//vpx-conf-11910-11692.cc
2026-06-25T21:58:57.5988970Z      1	int x;
2026-06-25T21:58:57.5989220Z END /var/folders/dq/2t71w9pd3jx50vh3kp15_dt40000gn/T//vpx-conf-11910-11692.cc
2026-06-25T21:58:57.5993070Z /Applications/Xcode_15.4.app/Contents/Developer/Toolchains/XcodeDefault.xctoolchain/usr/bin/clang++ -arch arm64 -isysroot /Applications/Xcode_15.4.app/Contents/Developer/Platforms/iPhoneOS.platform/Developer/SDKs/iPhoneOS17.5.sdk -miphoneos-version-min=14.0 -I/Users/runner/work/LiteReplayd/LiteReplayd/build/prefix/include -fPIC -O2 -miphoneos-version-min=7.0 -isysroot /Applications/Xcode_15.4.app/Contents/Developer/Platforms/iPhoneOS.platform/Developer/SDKs/iPhoneOS17.5.sdk -march=armv8-a -arch arm64 -isysroot /Applications/Xcode_15.4.app/Contents/Developer/Platforms/iPhoneOS.platform/Developer/SDKs/iPhoneOS17.5.sdk -fembed-bitcode -DNDEBUG -O3 -fPIC -Wall -Wdisabled-optimization -Wextra-semi -Wextra-semi-stmt -Wfloat-conversion -Wformat=2 -Wparentheses-equality -Wpointer-arith -Wtype-limits -Wcast-qual -Wvla -Wimplicit-function-declaration -Wmissing-declarations -Wmissing-prototypes -Wshadow -Wstrict-prototypes -Wuninitialized -Wunreachable-code-aggressive -Wunused -Wextra -flax-vector-conversions=none -Wno-psabi -Wc++20-extensions -Wnon-virtual-dtor -Werror -Wno-missing-declarations -c -o /var/folders/dq/2t71w9pd3jx50vh3kp15_dt40000gn/T//vpx-conf-11910-11692.o /var/folders/dq/2t71w9pd3jx50vh3kp15_dt40000gn/T//vpx-conf-11910-11692.cc
2026-06-25T21:58:57.5996870Z check_cxxflags -Wno-missing-prototypes
2026-06-25T21:58:57.5997090Z check_cxx -Werror -Wno-missing-prototypes
2026-06-25T21:58:57.5997410Z BEGIN /var/folders/dq/2t71w9pd3jx50vh3kp15_dt40000gn/T//vpx-conf-11910-11692.cc
2026-06-25T21:58:57.5997700Z      1	int x;
2026-06-25T21:58:57.5997930Z END /var/folders/dq/2t71w9pd3jx50vh3kp15_dt40000gn/T//vpx-conf-11910-11692.cc
2026-06-25T21:58:57.6001670Z /Applications/Xcode_15.4.app/Contents/Developer/Toolchains/XcodeDefault.xctoolchain/usr/bin/clang++ -arch arm64 -isysroot /Applications/Xcode_15.4.app/Contents/Developer/Platforms/iPhoneOS.platform/Developer/SDKs/iPhoneOS17.5.sdk -miphoneos-version-min=14.0 -I/Users/runner/work/LiteReplayd/LiteReplayd/build/prefix/include -fPIC -O2 -miphoneos-version-min=7.0 -isysroot /Applications/Xcode_15.4.app/Contents/Developer/Platforms/iPhoneOS.platform/Developer/SDKs/iPhoneOS17.5.sdk -march=armv8-a -arch arm64 -isysroot /Applications/Xcode_15.4.app/Contents/Developer/Platforms/iPhoneOS.platform/Developer/SDKs/iPhoneOS17.5.sdk -fembed-bitcode -DNDEBUG -O3 -fPIC -Wall -Wdisabled-optimization -Wextra-semi -Wextra-semi-stmt -Wfloat-conversion -Wformat=2 -Wparentheses-equality -Wpointer-arith -Wtype-limits -Wcast-qual -Wvla -Wimplicit-function-declaration -Wmissing-declarations -Wmissing-prototypes -Wshadow -Wstrict-prototypes -Wuninitialized -Wunreachable-code-aggressive -Wunused -Wextra -flax-vector-conversions=none -Wno-psabi -Wc++20-extensions -Wnon-virtual-dtor -Werror -Wno-missing-prototypes -c -o /var/folders/dq/2t71w9pd3jx50vh3kp15_dt40000gn/T//vpx-conf-11910-11692.o /var/folders/dq/2t71w9pd3jx50vh3kp15_dt40000gn/T//vpx-conf-11910-11692.cc
2026-06-25T21:58:57.6005530Z check_cxxflags -Wno-pass-failed
2026-06-25T21:58:57.6005720Z check_cxx -Werror -Wno-pass-failed
2026-06-25T21:58:57.6006020Z BEGIN /var/folders/dq/2t71w9pd3jx50vh3kp15_dt40000gn/T//vpx-conf-11910-11692.cc
2026-06-25T21:58:57.6006300Z      1	int x;
2026-06-25T21:58:57.6006540Z END /var/folders/dq/2t71w9pd3jx50vh3kp15_dt40000gn/T//vpx-conf-11910-11692.cc
2026-06-25T21:58:57.6015730Z /Applications/Xcode_15.4.app/Contents/Developer/Toolchains/XcodeDefault.xctoolchain/usr/bin/clang++ -arch arm64 -isysroot /Applications/Xcode_15.4.app/Contents/Developer/Platforms/iPhoneOS.platform/Developer/SDKs/iPhoneOS17.5.sdk -miphoneos-version-min=14.0 -I/Users/runner/work/LiteReplayd/LiteReplayd/build/prefix/include -fPIC -O2 -miphoneos-version-min=7.0 -isysroot /Applications/Xcode_15.4.app/Contents/Developer/Platforms/iPhoneOS.platform/Developer/SDKs/iPhoneOS17.5.sdk -march=armv8-a -arch arm64 -isysroot /Applications/Xcode_15.4.app/Contents/Developer/Platforms/iPhoneOS.platform/Developer/SDKs/iPhoneOS17.5.sdk -fembed-bitcode -DNDEBUG -O3 -fPIC -Wall -Wdisabled-optimization -Wextra-semi -Wextra-semi-stmt -Wfloat-conversion -Wformat=2 -Wparentheses-equality -Wpointer-arith -Wtype-limits -Wcast-qual -Wvla -Wimplicit-function-declaration -Wmissing-declarations -Wmissing-prototypes -Wshadow -Wstrict-prototypes -Wuninitialized -Wunreachable-code-aggressive -Wunused -Wextra -flax-vector-conversions=none -Wno-psabi -Wc++20-extensions -Wnon-virtual-dtor -Werror -Wno-pass-failed -c -o /var/folders/dq/2t71w9pd3jx50vh3kp15_dt40000gn/T//vpx-conf-11910-11692.o /var/folders/dq/2t71w9pd3jx50vh3kp15_dt40000gn/T//vpx-conf-11910-11692.cc
2026-06-25T21:58:57.6028500Z check_cxxflags -Wno-shadow
2026-06-25T21:58:57.6028690Z check_cxx -Werror -Wno-shadow
2026-06-25T21:58:57.6029000Z BEGIN /var/folders/dq/2t71w9pd3jx50vh3kp15_dt40000gn/T//vpx-conf-11910-11692.cc
2026-06-25T21:58:57.6036580Z      1	int x;
2026-06-25T21:58:57.6037400Z END /var/folders/dq/2t71w9pd3jx50vh3kp15_dt40000gn/T//vpx-conf-11910-11692.cc
2026-06-25T21:58:57.6041200Z /Applications/Xcode_15.4.app/Contents/Developer/Toolchains/XcodeDefault.xctoolchain/usr/bin/clang++ -arch arm64 -isysroot /Applications/Xcode_15.4.app/Contents/Developer/Platforms/iPhoneOS.platform/Developer/SDKs/iPhoneOS17.5.sdk -miphoneos-version-min=14.0 -I/Users/runner/work/LiteReplayd/LiteReplayd/build/prefix/include -fPIC -O2 -miphoneos-version-min=7.0 -isysroot /Applications/Xcode_15.4.app/Contents/Developer/Platforms/iPhoneOS.platform/Developer/SDKs/iPhoneOS17.5.sdk -march=armv8-a -arch arm64 -isysroot /Applications/Xcode_15.4.app/Contents/Developer/Platforms/iPhoneOS.platform/Developer/SDKs/iPhoneOS17.5.sdk -fembed-bitcode -DNDEBUG -O3 -fPIC -Wall -Wdisabled-optimization -Wextra-semi -Wextra-semi-stmt -Wfloat-conversion -Wformat=2 -Wparentheses-equality -Wpointer-arith -Wtype-limits -Wcast-qual -Wvla -Wimplicit-function-declaration -Wmissing-declarations -Wmissing-prototypes -Wshadow -Wstrict-prototypes -Wuninitialized -Wunreachable-code-aggressive -Wunused -Wextra -flax-vector-conversions=none -Wno-psabi -Wc++20-extensions -Wnon-virtual-dtor -Werror -Wno-shadow -c -o /var/folders/dq/2t71w9pd3jx50vh3kp15_dt40000gn/T//vpx-conf-11910-11692.o /var/folders/dq/2t71w9pd3jx50vh3kp15_dt40000gn/T//vpx-conf-11910-11692.cc
2026-06-25T21:58:57.6045020Z check_cxxflags -Wno-unused-parameter
2026-06-25T21:58:57.6045250Z check_cxx -Werror -Wno-unused-parameter
2026-06-25T21:58:57.6045570Z BEGIN /var/folders/dq/2t71w9pd3jx50vh3kp15_dt40000gn/T//vpx-conf-11910-11692.cc
2026-06-25T21:58:57.6045870Z      1	int x;
2026-06-25T21:58:57.6046260Z END /var/folders/dq/2t71w9pd3jx50vh3kp15_dt40000gn/T//vpx-conf-11910-11692.cc
2026-06-25T21:58:57.6050200Z /Applications/Xcode_15.4.app/Contents/Developer/Toolchains/XcodeDefault.xctoolchain/usr/bin/clang++ -arch arm64 -isysroot /Applications/Xcode_15.4.app/Contents/Developer/Platforms/iPhoneOS.platform/Developer/SDKs/iPhoneOS17.5.sdk -miphoneos-version-min=14.0 -I/Users/runner/work/LiteReplayd/LiteReplayd/build/prefix/include -fPIC -O2 -miphoneos-version-min=7.0 -isysroot /Applications/Xcode_15.4.app/Contents/Developer/Platforms/iPhoneOS.platform/Developer/SDKs/iPhoneOS17.5.sdk -march=armv8-a -arch arm64 -isysroot /Applications/Xcode_15.4.app/Contents/Developer/Platforms/iPhoneOS.platform/Developer/SDKs/iPhoneOS17.5.sdk -fembed-bitcode -DNDEBUG -O3 -fPIC -Wall -Wdisabled-optimization -Wextra-semi -Wextra-semi-stmt -Wfloat-conversion -Wformat=2 -Wparentheses-equality -Wpointer-arith -Wtype-limits -Wcast-qual -Wvla -Wimplicit-function-declaration -Wmissing-declarations -Wmissing-prototypes -Wshadow -Wstrict-prototypes -Wuninitialized -Wunreachable-code-aggressive -Wunused -Wextra -flax-vector-conversions=none -Wno-psabi -Wc++20-extensions -Wnon-virtual-dtor -Werror -Wno-unused-parameter -c -o /var/folders/dq/2t71w9pd3jx50vh3kp15_dt40000gn/T//vpx-conf-11910-11692.o /var/folders/dq/2t71w9pd3jx50vh3kp15_dt40000gn/T//vpx-conf-11910-11692.cc
2026-06-25T21:58:57.6053990Z check_cxxflags -std=gnu++17
2026-06-25T21:58:57.6054170Z check_cxx -Werror -std=gnu++17
2026-06-25T21:58:57.6054460Z BEGIN /var/folders/dq/2t71w9pd3jx50vh3kp15_dt40000gn/T//vpx-conf-11910-11692.cc
2026-06-25T21:58:57.6054750Z      1	int x;
2026-06-25T21:58:57.6054990Z END /var/folders/dq/2t71w9pd3jx50vh3kp15_dt40000gn/T//vpx-conf-11910-11692.cc
2026-06-25T21:58:57.6059430Z /Applications/Xcode_15.4.app/Contents/Developer/Toolchains/XcodeDefault.xctoolchain/usr/bin/clang++ -arch arm64 -isysroot /Applications/Xcode_15.4.app/Contents/Developer/Platforms/iPhoneOS.platform/Developer/SDKs/iPhoneOS17.5.sdk -miphoneos-version-min=14.0 -I/Users/runner/work/LiteReplayd/LiteReplayd/build/prefix/include -fPIC -O2 -miphoneos-version-min=7.0 -isysroot /Applications/Xcode_15.4.app/Contents/Developer/Platforms/iPhoneOS.platform/Developer/SDKs/iPhoneOS17.5.sdk -march=armv8-a -arch arm64 -isysroot /Applications/Xcode_15.4.app/Contents/Developer/Platforms/iPhoneOS.platform/Developer/SDKs/iPhoneOS17.5.sdk -fembed-bitcode -DNDEBUG -O3 -fPIC -Wall -Wdisabled-optimization -Wextra-semi -Wextra-semi-stmt -Wfloat-conversion -Wformat=2 -Wparentheses-equality -Wpointer-arith -Wtype-limits -Wcast-qual -Wvla -Wimplicit-function-declaration -Wmissing-declarations -Wmissing-prototypes -Wshadow -Wstrict-prototypes -Wuninitialized -Wunreachable-code-aggressive -Wunused -Wextra -flax-vector-conversions=none -Wno-psabi -Wc++20-extensions -Wnon-virtual-dtor -Werror -std=gnu++17 -c -o /var/folders/dq/2t71w9pd3jx50vh3kp15_dt40000gn/T//vpx-conf-11910-11692.o /var/folders/dq/2t71w9pd3jx50vh3kp15_dt40000gn/T//vpx-conf-11910-11692.cc
2026-06-25T21:58:57.6064470Z check_cxxflags -arch arm64 -isysroot /Applications/Xcode_15.4.app/Contents/Developer/Platforms/iPhoneOS.platform/Developer/SDKs/iPhoneOS17.5.sdk -miphoneos-version-min=14.0 -I/Users/runner/work/LiteReplayd/LiteReplayd/build/prefix/include -fPIC -O2
2026-06-25T21:58:57.6065860Z check_cxx -Werror -arch arm64 -isysroot /Applications/Xcode_15.4.app/Contents/Developer/Platforms/iPhoneOS.platform/Developer/SDKs/iPhoneOS17.5.sdk -miphoneos-version-min=14.0 -I/Users/runner/work/LiteReplayd/LiteReplayd/build/prefix/include -fPIC -O2
2026-06-25T21:58:57.6067090Z BEGIN /var/folders/dq/2t71w9pd3jx50vh3kp15_dt40000gn/T//vpx-conf-11910-11692.cc
2026-06-25T21:58:57.6067400Z      1	int x;
2026-06-25T21:58:57.6067650Z END /var/folders/dq/2t71w9pd3jx50vh3kp15_dt40000gn/T//vpx-conf-11910-11692.cc
2026-06-25T21:58:57.6072000Z /Applications/Xcode_15.4.app/Contents/Developer/Toolchains/XcodeDefault.xctoolchain/usr/bin/clang++ -arch arm64 -isysroot /Applications/Xcode_15.4.app/Contents/Developer/Platforms/iPhoneOS.platform/Developer/SDKs/iPhoneOS17.5.sdk -miphoneos-version-min=14.0 -I/Users/runner/work/LiteReplayd/LiteReplayd/build/prefix/include -fPIC -O2 -miphoneos-version-min=7.0 -isysroot /Applications/Xcode_15.4.app/Contents/Developer/Platforms/iPhoneOS.platform/Developer/SDKs/iPhoneOS17.5.sdk -march=armv8-a -arch arm64 -isysroot /Applications/Xcode_15.4.app/Contents/Developer/Platforms/iPhoneOS.platform/Developer/SDKs/iPhoneOS17.5.sdk -fembed-bitcode -DNDEBUG -O3 -fPIC -Wall -Wdisabled-optimization -Wextra-semi -Wextra-semi-stmt -Wfloat-conversion -Wformat=2 -Wparentheses-equality -Wpointer-arith -Wtype-limits -Wcast-qual -Wvla -Wimplicit-function-declaration -Wmissing-declarations -Wmissing-prototypes -Wshadow -Wstrict-prototypes -Wuninitialized -Wunreachable-code-aggressive -Wunused -Wextra -flax-vector-conversions=none -Wno-psabi -Wc++20-extensions -Wnon-virtual-dtor -std=gnu++17 -Werror -arch arm64 -isysroot /Applications/Xcode_15.4.app/Contents/Developer/Platforms/iPhoneOS.platform/Developer/SDKs/iPhoneOS17.5.sdk -miphoneos-version-min=14.0 -I/Users/runner/work/LiteReplayd/LiteReplayd/build/prefix/include -fPIC -O2 -c -o /var/folders/dq/2t71w9pd3jx50vh3kp15_dt40000gn/T//vpx-conf-11910-11692.o /var/folders/dq/2t71w9pd3jx50vh3kp15_dt40000gn/T//vpx-conf-11910-11692.cc
2026-06-25T21:58:57.6078450Z check_cflags -arch arm64 -isysroot /Applications/Xcode_15.4.app/Contents/Developer/Platforms/iPhoneOS.platform/Developer/SDKs/iPhoneOS17.5.sdk -miphoneos-version-min=14.0 -I/Users/runner/work/LiteReplayd/LiteReplayd/build/prefix/include -fPIC -O2
2026-06-25T21:58:57.6079850Z check_cc -Werror -arch arm64 -isysroot /Applications/Xcode_15.4.app/Contents/Developer/Platforms/iPhoneOS.platform/Developer/SDKs/iPhoneOS17.5.sdk -miphoneos-version-min=14.0 -I/Users/runner/work/LiteReplayd/LiteReplayd/build/prefix/include -fPIC -O2
2026-06-25T21:58:57.6080730Z BEGIN /var/folders/dq/2t71w9pd3jx50vh3kp15_dt40000gn/T//vpx-conf-11910-11692.c
2026-06-25T21:58:57.6081020Z      1	int x;
2026-06-25T21:58:57.6081250Z END /var/folders/dq/2t71w9pd3jx50vh3kp15_dt40000gn/T//vpx-conf-11910-11692.c
2026-06-25T21:58:57.6085820Z /Applications/Xcode_15.4.app/Contents/Developer/Toolchains/XcodeDefault.xctoolchain/usr/bin/clang -arch arm64 -isysroot /Applications/Xcode_15.4.app/Contents/Developer/Platforms/iPhoneOS.platform/Developer/SDKs/iPhoneOS17.5.sdk -miphoneos-version-min=14.0 -I/Users/runner/work/LiteReplayd/LiteReplayd/build/prefix/include -fPIC -O2 -miphoneos-version-min=7.0 -isysroot /Applications/Xcode_15.4.app/Contents/Developer/Platforms/iPhoneOS.platform/Developer/SDKs/iPhoneOS17.5.sdk -march=armv8-a -arch arm64 -isysroot /Applications/Xcode_15.4.app/Contents/Developer/Platforms/iPhoneOS.platform/Developer/SDKs/iPhoneOS17.5.sdk -fembed-bitcode -DNDEBUG -O3 -fPIC -Wall -Wdisabled-optimization -Wextra-semi -Wextra-semi-stmt -Wfloat-conversion -Wformat=2 -Wparentheses-equality -Wpointer-arith -Wtype-limits -Wcast-qual -Wvla -Wimplicit-function-declaration -Wmissing-declarations -Wmissing-prototypes -Wshadow -Wstrict-prototypes -Wuninitialized -Wunreachable-code-aggressive -Wunused -Wextra -Wundef -Wframe-larger-than=52000 -std=gnu11 -Wshorten-64-to-32 -flax-vector-conversions=none -Werror -arch arm64 -isysroot /Applications/Xcode_15.4.app/Contents/Developer/Platforms/iPhoneOS.platform/Developer/SDKs/iPhoneOS17.5.sdk -miphoneos-version-min=14.0 -I/Users/runner/work/LiteReplayd/LiteReplayd/build/prefix/include -fPIC -O2 -c -o /var/folders/dq/2t71w9pd3jx50vh3kp15_dt40000gn/T//vpx-conf-11910-11692.o /var/folders/dq/2t71w9pd3jx50vh3kp15_dt40000gn/T//vpx-conf-11910-11692.c
2026-06-25T21:58:57.6090640Z check_header stdio.h
2026-06-25T21:58:57.6090800Z check_cpp
2026-06-25T21:58:57.6091030Z BEGIN /var/folders/dq/2t71w9pd3jx50vh3kp15_dt40000gn/T//vpx-conf-11910-11692.c
2026-06-25T21:58:57.6091320Z      1	#include "stdio.h"
2026-06-25T21:58:57.6091480Z      2	int x;
2026-06-25T21:58:57.6091710Z END /var/folders/dq/2t71w9pd3jx50vh3kp15_dt40000gn/T//vpx-conf-11910-11692.c
2026-06-25T21:58:57.6098660Z /Applications/Xcode_15.4.app/Contents/Developer/Toolchains/XcodeDefault.xctoolchain/usr/bin/clang -arch arm64 -isysroot /Applications/Xcode_15.4.app/Contents/Developer/Platforms/iPhoneOS.platform/Developer/SDKs/iPhoneOS17.5.sdk -miphoneos-version-min=14.0 -I/Users/runner/work/LiteReplayd/LiteReplayd/build/prefix/include -fPIC -O2 -miphoneos-version-min=7.0 -isysroot /Applications/Xcode_15.4.app/Contents/Developer/Platforms/iPhoneOS.platform/Developer/SDKs/iPhoneOS17.5.sdk -march=armv8-a -arch arm64 -isysroot /Applications/Xcode_15.4.app/Contents/Developer/Platforms/iPhoneOS.platform/Developer/SDKs/iPhoneOS17.5.sdk -fembed-bitcode -DNDEBUG -O3 -fPIC -Wall -Wdisabled-optimization -Wextra-semi -Wextra-semi-stmt -Wfloat-conversion -Wformat=2 -Wparentheses-equality -Wpointer-arith -Wtype-limits -Wcast-qual -Wvla -Wimplicit-function-declaration -Wmissing-declarations -Wmissing-prototypes -Wshadow -Wstrict-prototypes -Wuninitialized -Wunreachable-code-aggressive -Wunused -Wextra -Wundef -Wframe-larger-than=52000 -std=gnu11 -Wshorten-64-to-32 -flax-vector-conversions=none -arch arm64 -isysroot /Applications/Xcode_15.4.app/Contents/Developer/Platforms/iPhoneOS.platform/Developer/SDKs/iPhoneOS17.5.sdk -miphoneos-version-min=14.0 -I/Users/runner/work/LiteReplayd/LiteReplayd/build/prefix/include -fPIC -O2 -E -o /var/folders/dq/2t71w9pd3jx50vh3kp15_dt40000gn/T//vpx-conf-11910-11692.o /var/folders/dq/2t71w9pd3jx50vh3kp15_dt40000gn/T//vpx-conf-11910-11692.c
2026-06-25T21:58:57.6105040Z check_ld
2026-06-25T21:58:57.6105210Z check_cc
2026-06-25T21:58:57.6105450Z BEGIN /var/folders/dq/2t71w9pd3jx50vh3kp15_dt40000gn/T//vpx-conf-11910-11692.c
2026-06-25T21:58:57.6105770Z      1	int main(void) {return 0;}
2026-06-25T21:58:57.6106050Z END /var/folders/dq/2t71w9pd3jx50vh3kp15_dt40000gn/T//vpx-conf-11910-11692.c
2026-06-25T21:58:57.6110580Z /Applications/Xcode_15.4.app/Contents/Developer/Toolchains/XcodeDefault.xctoolchain/usr/bin/clang -arch arm64 -isysroot /Applications/Xcode_15.4.app/Contents/Developer/Platforms/iPhoneOS.platform/Developer/SDKs/iPhoneOS17.5.sdk -miphoneos-version-min=14.0 -I/Users/runner/work/LiteReplayd/LiteReplayd/build/prefix/include -fPIC -O2 -miphoneos-version-min=7.0 -isysroot /Applications/Xcode_15.4.app/Contents/Developer/Platforms/iPhoneOS.platform/Developer/SDKs/iPhoneOS17.5.sdk -march=armv8-a -arch arm64 -isysroot /Applications/Xcode_15.4.app/Contents/Developer/Platforms/iPhoneOS.platform/Developer/SDKs/iPhoneOS17.5.sdk -fembed-bitcode -DNDEBUG -O3 -fPIC -Wall -Wdisabled-optimization -Wextra-semi -Wextra-semi-stmt -Wfloat-conversion -Wformat=2 -Wparentheses-equality -Wpointer-arith -Wtype-limits -Wcast-qual -Wvla -Wimplicit-function-declaration -Wmissing-declarations -Wmissing-prototypes -Wshadow -Wstrict-prototypes -Wuninitialized -Wunreachable-code-aggressive -Wunused -Wextra -Wundef -Wframe-larger-than=52000 -std=gnu11 -Wshorten-64-to-32 -flax-vector-conversions=none -arch arm64 -isysroot /Applications/Xcode_15.4.app/Contents/Developer/Platforms/iPhoneOS.platform/Developer/SDKs/iPhoneOS17.5.sdk -miphoneos-version-min=14.0 -I/Users/runner/work/LiteReplayd/LiteReplayd/build/prefix/include -fPIC -O2 -c -o /var/folders/dq/2t71w9pd3jx50vh3kp15_dt40000gn/T//vpx-conf-11910-11692.o /var/folders/dq/2t71w9pd3jx50vh3kp15_dt40000gn/T//vpx-conf-11910-11692.c
2026-06-25T21:58:57.6117370Z /Applications/Xcode_15.4.app/Contents/Developer/Toolchains/XcodeDefault.xctoolchain/usr/bin/clang++ -arch arm64 -isysroot /Applications/Xcode_15.4.app/Contents/Developer/Platforms/iPhoneOS.platform/Developer/SDKs/iPhoneOS17.5.sdk -miphoneos-version-min=14.0 -L/Users/runner/work/LiteReplayd/LiteReplayd/build/prefix/lib -isysroot /Applications/Xcode_15.4.app/Contents/Developer/Platforms/iPhoneOS.platform/Developer/SDKs/iPhoneOS17.5.sdk -arch arm64 -miphoneos-version-min=7.0 -L/Applications/Xcode_15.4.app/Contents/Developer/Platforms/iPhoneOS.platform/Developer/SDKs/iPhoneOS17.5.sdk/usr/lib -fembed-bitcode -o /var/folders/dq/2t71w9pd3jx50vh3kp15_dt40000gn/T//vpx-conf-11910-11692.x /var/folders/dq/2t71w9pd3jx50vh3kp15_dt40000gn/T//vpx-conf-11910-11692.o -lpthread
2026-06-25T21:58:57.6120420Z ld: warning: object file (/var/folders/dq/2t71w9pd3jx50vh3kp15_dt40000gn/T//vpx-conf-11910-11692.o) was built for newer iOS version (14.0) than being linked (7.0)
2026-06-25T21:58:57.6121050Z check_header pthread.h
2026-06-25T21:58:57.6121200Z check_cpp
2026-06-25T21:58:57.6121430Z BEGIN /var/folders/dq/2t71w9pd3jx50vh3kp15_dt40000gn/T//vpx-conf-11910-11692.c
2026-06-25T21:58:57.6121730Z      1	#include "pthread.h"
2026-06-25T21:58:57.6121900Z      2	int x;
2026-06-25T21:58:57.6122130Z END /var/folders/dq/2t71w9pd3jx50vh3kp15_dt40000gn/T//vpx-conf-11910-11692.c
2026-06-25T21:58:57.6126500Z /Applications/Xcode_15.4.app/Contents/Developer/Toolchains/XcodeDefault.xctoolchain/usr/bin/clang -arch arm64 -isysroot /Applications/Xcode_15.4.app/Contents/Developer/Platforms/iPhoneOS.platform/Developer/SDKs/iPhoneOS17.5.sdk -miphoneos-version-min=14.0 -I/Users/runner/work/LiteReplayd/LiteReplayd/build/prefix/include -fPIC -O2 -miphoneos-version-min=7.0 -isysroot /Applications/Xcode_15.4.app/Contents/Developer/Platforms/iPhoneOS.platform/Developer/SDKs/iPhoneOS17.5.sdk -march=armv8-a -arch arm64 -isysroot /Applications/Xcode_15.4.app/Contents/Developer/Platforms/iPhoneOS.platform/Developer/SDKs/iPhoneOS17.5.sdk -fembed-bitcode -DNDEBUG -O3 -fPIC -Wall -Wdisabled-optimization -Wextra-semi -Wextra-semi-stmt -Wfloat-conversion -Wformat=2 -Wparentheses-equality -Wpointer-arith -Wtype-limits -Wcast-qual -Wvla -Wimplicit-function-declaration -Wmissing-declarations -Wmissing-prototypes -Wshadow -Wstrict-prototypes -Wuninitialized -Wunreachable-code-aggressive -Wunused -Wextra -Wundef -Wframe-larger-than=52000 -std=gnu11 -Wshorten-64-to-32 -flax-vector-conversions=none -arch arm64 -isysroot /Applications/Xcode_15.4.app/Contents/Developer/Platforms/iPhoneOS.platform/Developer/SDKs/iPhoneOS17.5.sdk -miphoneos-version-min=14.0 -I/Users/runner/work/LiteReplayd/LiteReplayd/build/prefix/include -fPIC -O2 -E -o /var/folders/dq/2t71w9pd3jx50vh3kp15_dt40000gn/T//vpx-conf-11910-11692.o /var/folders/dq/2t71w9pd3jx50vh3kp15_dt40000gn/T//vpx-conf-11910-11692.c
2026-06-25T21:58:57.6131140Z check_lib -lpthread
2026-06-25T21:58:57.6131290Z check_cc -lpthread
2026-06-25T21:58:57.6131550Z BEGIN /var/folders/dq/2t71w9pd3jx50vh3kp15_dt40000gn/T//vpx-conf-11910-11692.c
2026-06-25T21:58:57.6131850Z      1	#include <pthread.h>
2026-06-25T21:58:57.6132020Z      2	#include <stddef.h>
2026-06-25T21:58:57.6132260Z      3	int main(void) { return pthread_create(NULL, NULL, NULL, NULL); }
2026-06-25T21:58:57.6132730Z END /var/folders/dq/2t71w9pd3jx50vh3kp15_dt40000gn/T//vpx-conf-11910-11692.c
2026-06-25T21:58:57.6137080Z /Applications/Xcode_15.4.app/Contents/Developer/Toolchains/XcodeDefault.xctoolchain/usr/bin/clang -arch arm64 -isysroot /Applications/Xcode_15.4.app/Contents/Developer/Platforms/iPhoneOS.platform/Developer/SDKs/iPhoneOS17.5.sdk -miphoneos-version-min=14.0 -I/Users/runner/work/LiteReplayd/LiteReplayd/build/prefix/include -fPIC -O2 -miphoneos-version-min=7.0 -isysroot /Applications/Xcode_15.4.app/Contents/Developer/Platforms/iPhoneOS.platform/Developer/SDKs/iPhoneOS17.5.sdk -march=armv8-a -arch arm64 -isysroot /Applications/Xcode_15.4.app/Contents/Developer/Platforms/iPhoneOS.platform/Developer/SDKs/iPhoneOS17.5.sdk -fembed-bitcode -DNDEBUG -O3 -fPIC -Wall -Wdisabled-optimization -Wextra-semi -Wextra-semi-stmt -Wfloat-conversion -Wformat=2 -Wparentheses-equality -Wpointer-arith -Wtype-limits -Wcast-qual -Wvla -Wimplicit-function-declaration -Wmissing-declarations -Wmissing-prototypes -Wshadow -Wstrict-prototypes -Wuninitialized -Wunreachable-code-aggressive -Wunused -Wextra -Wundef -Wframe-larger-than=52000 -std=gnu11 -Wshorten-64-to-32 -flax-vector-conversions=none -arch arm64 -isysroot /Applications/Xcode_15.4.app/Contents/Developer/Platforms/iPhoneOS.platform/Developer/SDKs/iPhoneOS17.5.sdk -miphoneos-version-min=14.0 -I/Users/runner/work/LiteReplayd/LiteReplayd/build/prefix/include -fPIC -O2 -lpthread -c -o /var/folders/dq/2t71w9pd3jx50vh3kp15_dt40000gn/T//vpx-conf-11910-11692.o /var/folders/dq/2t71w9pd3jx50vh3kp15_dt40000gn/T//vpx-conf-11910-11692.c
2026-06-25T21:58:57.6141600Z clang: warning: -lpthread: 'linker' input unused [-Wunused-command-line-argument]
2026-06-25T21:58:57.6142300Z /var/folders/dq/2t71w9pd3jx50vh3kp15_dt40000gn/T//vpx-conf-11910-11692.c:3:62: warning: null passed to a callee that requires a non-null argument [-Wnonnull]
2026-06-25T21:58:57.6142870Z int main(void) { return pthread_create(NULL, NULL, NULL, NULL); }
2026-06-25T21:58:57.6143160Z                                        ~~~~                  ^
2026-06-25T21:58:57.6143680Z /var/folders/dq/2t71w9pd3jx50vh3kp15_dt40000gn/T//vpx-conf-11910-11692.c:3:62: warning: null passed to a callee that requires a non-null argument [-Wnonnull]
2026-06-25T21:58:57.6144250Z int main(void) { return pthread_create(NULL, NULL, NULL, NULL); }
2026-06-25T21:58:57.6144540Z                                                    ~~~~      ^
2026-06-25T21:58:57.6144750Z 2 warnings generated.
2026-06-25T21:58:57.6147030Z /Applications/Xcode_15.4.app/Contents/Developer/Toolchains/XcodeDefault.xctoolchain/usr/bin/clang++ -arch arm64 -isysroot /Applications/Xcode_15.4.app/Contents/Developer/Platforms/iPhoneOS.platform/Developer/SDKs/iPhoneOS17.5.sdk -miphoneos-version-min=14.0 -L/Users/runner/work/LiteReplayd/LiteReplayd/build/prefix/lib -isysroot /Applications/Xcode_15.4.app/Contents/Developer/Platforms/iPhoneOS.platform/Developer/SDKs/iPhoneOS17.5.sdk -arch arm64 -miphoneos-version-min=7.0 -L/Applications/Xcode_15.4.app/Contents/Developer/Platforms/iPhoneOS.platform/Developer/SDKs/iPhoneOS17.5.sdk/usr/lib -fembed-bitcode -o /var/folders/dq/2t71w9pd3jx50vh3kp15_dt40000gn/T//vpx-conf-11910-11692.x /var/folders/dq/2t71w9pd3jx50vh3kp15_dt40000gn/T//vpx-conf-11910-11692.o -lpthread -lpthread
2026-06-25T21:58:57.6149600Z ld: warning: object file (/var/folders/dq/2t71w9pd3jx50vh3kp15_dt40000gn/T//vpx-conf-11910-11692.o) was built for newer iOS version (14.0) than being linked (7.0)
2026-06-25T21:58:57.6150120Z check_header unistd.h
2026-06-25T21:58:57.6150270Z check_cpp
2026-06-25T21:58:57.6150500Z BEGIN /var/folders/dq/2t71w9pd3jx50vh3kp15_dt40000gn/T//vpx-conf-11910-11692.c
2026-06-25T21:58:57.6150810Z      1	#include "unistd.h"
2026-06-25T21:58:57.6150960Z      2	int x;
2026-06-25T21:58:57.6151200Z END /var/folders/dq/2t71w9pd3jx50vh3kp15_dt40000gn/T//vpx-conf-11910-11692.c
2026-06-25T21:58:57.6155590Z /Applications/Xcode_15.4.app/Contents/Developer/Toolchains/XcodeDefault.xctoolchain/usr/bin/clang -arch arm64 -isysroot /Applications/Xcode_15.4.app/Contents/Developer/Platforms/iPhoneOS.platform/Developer/SDKs/iPhoneOS17.5.sdk -miphoneos-version-min=14.0 -I/Users/runner/work/LiteReplayd/LiteReplayd/build/prefix/include -fPIC -O2 -miphoneos-version-min=7.0 -isysroot /Applications/Xcode_15.4.app/Contents/Developer/Platforms/iPhoneOS.platform/Developer/SDKs/iPhoneOS17.5.sdk -march=armv8-a -arch arm64 -isysroot /Applications/Xcode_15.4.app/Contents/Developer/Platforms/iPhoneOS.platform/Developer/SDKs/iPhoneOS17.5.sdk -fembed-bitcode -DNDEBUG -O3 -fPIC -Wall -Wdisabled-optimization -Wextra-semi -Wextra-semi-stmt -Wfloat-conversion -Wformat=2 -Wparentheses-equality -Wpointer-arith -Wtype-limits -Wcast-qual -Wvla -Wimplicit-function-declaration -Wmissing-declarations -Wmissing-prototypes -Wshadow -Wstrict-prototypes -Wuninitialized -Wunreachable-code-aggressive -Wunused -Wextra -Wundef -Wframe-larger-than=52000 -std=gnu11 -Wshorten-64-to-32 -flax-vector-conversions=none -arch arm64 -isysroot /Applications/Xcode_15.4.app/Contents/Developer/Platforms/iPhoneOS.platform/Developer/SDKs/iPhoneOS17.5.sdk -miphoneos-version-min=14.0 -I/Users/runner/work/LiteReplayd/LiteReplayd/build/prefix/include -fPIC -O2 -E -o /var/folders/dq/2t71w9pd3jx50vh3kp15_dt40000gn/T//vpx-conf-11910-11692.o /var/folders/dq/2t71w9pd3jx50vh3kp15_dt40000gn/T//vpx-conf-11910-11692.c
2026-06-25T21:58:57.6160080Z check_header vpx/vpx_integer.h -I/Users/runner/work/LiteReplayd/LiteReplayd/build/src/libvpx
2026-06-25T21:58:57.6160520Z check_cpp -I/Users/runner/work/LiteReplayd/LiteReplayd/build/src/libvpx
2026-06-25T21:58:57.6160920Z BEGIN /var/folders/dq/2t71w9pd3jx50vh3kp15_dt40000gn/T//vpx-conf-11910-11692.c
2026-06-25T21:58:57.6161270Z      1	#include "vpx/vpx_integer.h"
2026-06-25T21:58:57.6161450Z      2	int x;
2026-06-25T21:58:57.6161690Z END /var/folders/dq/2t71w9pd3jx50vh3kp15_dt40000gn/T//vpx-conf-11910-11692.c
2026-06-25T21:58:57.6166200Z /Applications/Xcode_15.4.app/Contents/Developer/Toolchains/XcodeDefault.xctoolchain/usr/bin/clang -arch arm64 -isysroot /Applications/Xcode_15.4.app/Contents/Developer/Platforms/iPhoneOS.platform/Developer/SDKs/iPhoneOS17.5.sdk -miphoneos-version-min=14.0 -I/Users/runner/work/LiteReplayd/LiteReplayd/build/prefix/include -fPIC -O2 -miphoneos-version-min=7.0 -isysroot /Applications/Xcode_15.4.app/Contents/Developer/Platforms/iPhoneOS.platform/Developer/SDKs/iPhoneOS17.5.sdk -march=armv8-a -arch arm64 -isysroot /Applications/Xcode_15.4.app/Contents/Developer/Platforms/iPhoneOS.platform/Developer/SDKs/iPhoneOS17.5.sdk -fembed-bitcode -DNDEBUG -O3 -fPIC -Wall -Wdisabled-optimization -Wextra-semi -Wextra-semi-stmt -Wfloat-conversion -Wformat=2 -Wparentheses-equality -Wpointer-arith -Wtype-limits -Wcast-qual -Wvla -Wimplicit-function-declaration -Wmissing-declarations -Wmissing-prototypes -Wshadow -Wstrict-prototypes -Wuninitialized -Wunreachable-code-aggressive -Wunused -Wextra -Wundef -Wframe-larger-than=52000 -std=gnu11 -Wshorten-64-to-32 -flax-vector-conversions=none -arch arm64 -isysroot /Applications/Xcode_15.4.app/Contents/Developer/Platforms/iPhoneOS.platform/Developer/SDKs/iPhoneOS17.5.sdk -miphoneos-version-min=14.0 -I/Users/runner/work/LiteReplayd/LiteReplayd/build/prefix/include -fPIC -O2 -I/Users/runner/work/LiteReplayd/LiteReplayd/build/src/libvpx -E -o /var/folders/dq/2t71w9pd3jx50vh3kp15_dt40000gn/T//vpx-conf-11910-11692.o /var/folders/dq/2t71w9pd3jx50vh3kp15_dt40000gn/T//vpx-conf-11910-11692.c
2026-06-25T21:58:57.6170830Z check_header arm_neon.h
2026-06-25T21:58:57.6170990Z check_cpp
2026-06-25T21:58:57.6171230Z BEGIN /var/folders/dq/2t71w9pd3jx50vh3kp15_dt40000gn/T//vpx-conf-11910-11692.c
2026-06-25T21:58:57.6171530Z      1	#include "arm_neon.h"
2026-06-25T21:58:57.6171700Z      2	int x;
2026-06-25T21:58:57.6171930Z END /var/folders/dq/2t71w9pd3jx50vh3kp15_dt40000gn/T//vpx-conf-11910-11692.c
2026-06-25T21:58:57.6176500Z /Applications/Xcode_15.4.app/Contents/Developer/Toolchains/XcodeDefault.xctoolchain/usr/bin/clang -arch arm64 -isysroot /Applications/Xcode_15.4.app/Contents/Developer/Platforms/iPhoneOS.platform/Developer/SDKs/iPhoneOS17.5.sdk -miphoneos-version-min=14.0 -I/Users/runner/work/LiteReplayd/LiteReplayd/build/prefix/include -fPIC -O2 -miphoneos-version-min=7.0 -isysroot /Applications/Xcode_15.4.app/Contents/Developer/Platforms/iPhoneOS.platform/Developer/SDKs/iPhoneOS17.5.sdk -march=armv8-a -arch arm64 -isysroot /Applications/Xcode_15.4.app/Contents/Developer/Platforms/iPhoneOS.platform/Developer/SDKs/iPhoneOS17.5.sdk -fembed-bitcode -DNDEBUG -O3 -fPIC -Wall -Wdisabled-optimization -Wextra-semi -Wextra-semi-stmt -Wfloat-conversion -Wformat=2 -Wparentheses-equality -Wpointer-arith -Wtype-limits -Wcast-qual -Wvla -Wimplicit-function-declaration -Wmissing-declarations -Wmissing-prototypes -Wshadow -Wstrict-prototypes -Wuninitialized -Wunreachable-code-aggressive -Wunused -Wextra -Wundef -Wframe-larger-than=52000 -std=gnu11 -Wshorten-64-to-32 -flax-vector-conversions=none -arch arm64 -isysroot /Applications/Xcode_15.4.app/Contents/Developer/Platforms/iPhoneOS.platform/Developer/SDKs/iPhoneOS17.5.sdk -miphoneos-version-min=14.0 -I/Users/runner/work/LiteReplayd/LiteReplayd/build/prefix/include -fPIC -O2 -E -o /var/folders/dq/2t71w9pd3jx50vh3kp15_dt40000gn/T//vpx-conf-11910-11692.o /var/folders/dq/2t71w9pd3jx50vh3kp15_dt40000gn/T//vpx-conf-11910-11692.c
2026-06-25T21:58:57.6180810Z 
2026-06-25T21:58:57.6181150Z ===================== /Users/runner/work/LiteReplayd/LiteReplayd/build/src/dav1d/build-ios/meson-logs/meson-log.txt (tail -120) =====================
2026-06-25T21:58:57.6181560Z 
2026-06-25T21:58:57.6181610Z #if defined(PIC)
2026-06-25T21:58:57.6181760Z #error "PIC already defined"
2026-06-25T21:58:57.6181960Z #elif !(defined(__PIC__) || defined(__pic__))
2026-06-25T21:58:57.6182520Z #error "no pic"
2026-06-25T21:58:57.6182650Z #endif
2026-06-25T21:58:57.6182720Z 
2026-06-25T21:58:57.6182770Z -----------
2026-06-25T21:58:57.6184720Z Command line: `/Applications/Xcode_15.4.app/Contents/Developer/Toolchains/XcodeDefault.xctoolchain/usr/bin/clang /Users/runner/work/LiteReplayd/LiteReplayd/build/src/dav1d/build-ios/meson-private/tmppa9icck_/testfile.c -o /Users/runner/work/LiteReplayd/LiteReplayd/build/src/dav1d/build-ios/meson-private/tmppa9icck_/output.obj -c -arch arm64 -isysroot /Applications/Xcode_15.4.app/Contents/Developer/Platforms/iPhoneOS.platform/Developer/SDKs/iPhoneOS17.5.sdk -miphoneos-version-min=14.0 -O0 -U_FORTIFY_SOURCE -Werror=implicit-function-declaration -Werror=unknown-warning-option -Werror=unused-command-line-argument -Werror=ignored-optimization-argument -std=c99` -> 0
2026-06-25T21:58:57.6186700Z Running compile:
2026-06-25T21:58:57.6187070Z Working directory:  /Users/runner/work/LiteReplayd/LiteReplayd/build/src/dav1d/build-ios/meson-private/tmpjk8gunud
2026-06-25T21:58:57.6187480Z Code:
2026-06-25T21:58:57.6187610Z __asm__ (".arch armv8-a");
2026-06-25T21:58:57.6187760Z -----------
2026-06-25T21:58:57.6189750Z Command line: `/Applications/Xcode_15.4.app/Contents/Developer/Toolchains/XcodeDefault.xctoolchain/usr/bin/clang /Users/runner/work/LiteReplayd/LiteReplayd/build/src/dav1d/build-ios/meson-private/tmpjk8gunud/testfile.c -o /Users/runner/work/LiteReplayd/LiteReplayd/build/src/dav1d/build-ios/meson-private/tmpjk8gunud/output.obj -c -arch arm64 -isysroot /Applications/Xcode_15.4.app/Contents/Developer/Platforms/iPhoneOS.platform/Developer/SDKs/iPhoneOS17.5.sdk -miphoneos-version-min=14.0 -O0 -U_FORTIFY_SOURCE -Werror=implicit-function-declaration -Werror=unknown-warning-option -Werror=unused-command-line-argument -Werror=ignored-optimization-argument -std=c99` -> 0
2026-06-25T21:58:57.6191730Z Running compile:
2026-06-25T21:58:57.6192100Z Working directory:  /Users/runner/work/LiteReplayd/LiteReplayd/build/src/dav1d/build-ios/meson-private/tmpgpfc50al
2026-06-25T21:58:57.6192510Z Code:
2026-06-25T21:58:57.6192650Z __asm__ (".arch armv8.2-a\n");
2026-06-25T21:58:57.6192820Z -----------
2026-06-25T21:58:57.6194910Z Command line: `/Applications/Xcode_15.4.app/Contents/Developer/Toolchains/XcodeDefault.xctoolchain/usr/bin/clang /Users/runner/work/LiteReplayd/LiteReplayd/build/src/dav1d/build-ios/meson-private/tmpgpfc50al/testfile.c -o /Users/runner/work/LiteReplayd/LiteReplayd/build/src/dav1d/build-ios/meson-private/tmpgpfc50al/output.obj -c -arch arm64 -isysroot /Applications/Xcode_15.4.app/Contents/Developer/Platforms/iPhoneOS.platform/Developer/SDKs/iPhoneOS17.5.sdk -miphoneos-version-min=14.0 -O0 -U_FORTIFY_SOURCE -Werror=implicit-function-declaration -Werror=unknown-warning-option -Werror=unused-command-line-argument -Werror=ignored-optimization-argument -std=c99` -> 0
2026-06-25T21:58:57.6196900Z Running compile:
2026-06-25T21:58:57.6197270Z Working directory:  /Users/runner/work/LiteReplayd/LiteReplayd/build/src/dav1d/build-ios/meson-private/tmpvbc1b91o
2026-06-25T21:58:57.6197670Z Code:
2026-06-25T21:58:57.6197800Z __asm__ (".arch armv8.4-a\n");
2026-06-25T21:58:57.6197960Z -----------
2026-06-25T21:58:57.6199880Z Command line: `/Applications/Xcode_15.4.app/Contents/Developer/Toolchains/XcodeDefault.xctoolchain/usr/bin/clang /Users/runner/work/LiteReplayd/LiteReplayd/build/src/dav1d/build-ios/meson-private/tmpvbc1b91o/testfile.c -o /Users/runner/work/LiteReplayd/LiteReplayd/build/src/dav1d/build-ios/meson-private/tmpvbc1b91o/output.obj -c -arch arm64 -isysroot /Applications/Xcode_15.4.app/Contents/Developer/Platforms/iPhoneOS.platform/Developer/SDKs/iPhoneOS17.5.sdk -miphoneos-version-min=14.0 -O0 -U_FORTIFY_SOURCE -Werror=implicit-function-declaration -Werror=unknown-warning-option -Werror=unused-command-line-argument -Werror=ignored-optimization-argument -std=c99` -> 0
2026-06-25T21:58:57.6201840Z Running compile:
2026-06-25T21:58:57.6202200Z Working directory:  /Users/runner/work/LiteReplayd/LiteReplayd/build/src/dav1d/build-ios/meson-private/tmpcv5_za5b
2026-06-25T21:58:57.6202670Z Code:
2026-06-25T21:58:57.6202800Z __asm__ (".arch armv8.6-a\n");
2026-06-25T21:58:57.6202970Z -----------
2026-06-25T21:58:57.6205170Z Command line: `/Applications/Xcode_15.4.app/Contents/Developer/Toolchains/XcodeDefault.xctoolchain/usr/bin/clang /Users/runner/work/LiteReplayd/LiteReplayd/build/src/dav1d/build-ios/meson-private/tmpcv5_za5b/testfile.c -o /Users/runner/work/LiteReplayd/LiteReplayd/build/src/dav1d/build-ios/meson-private/tmpcv5_za5b/output.obj -c -arch arm64 -isysroot /Applications/Xcode_15.4.app/Contents/Developer/Platforms/iPhoneOS.platform/Developer/SDKs/iPhoneOS17.5.sdk -miphoneos-version-min=14.0 -O0 -U_FORTIFY_SOURCE -Werror=implicit-function-declaration -Werror=unknown-warning-option -Werror=unused-command-line-argument -Werror=ignored-optimization-argument -std=c99` -> 0
2026-06-25T21:58:57.6207400Z Running compile:
2026-06-25T21:58:57.6207770Z Working directory:  /Users/runner/work/LiteReplayd/LiteReplayd/build/src/dav1d/build-ios/meson-private/tmpgw6rfimu
2026-06-25T21:58:57.6208180Z Code:
2026-06-25T21:58:57.6208320Z __asm__ (".arch armv8.6-a+crc\n");
2026-06-25T21:58:57.6208500Z -----------
2026-06-25T21:58:57.6210580Z Command line: `/Applications/Xcode_15.4.app/Contents/Developer/Toolchains/XcodeDefault.xctoolchain/usr/bin/clang /Users/runner/work/LiteReplayd/LiteReplayd/build/src/dav1d/build-ios/meson-private/tmpgw6rfimu/testfile.c -o /Users/runner/work/LiteReplayd/LiteReplayd/build/src/dav1d/build-ios/meson-private/tmpgw6rfimu/output.obj -c -arch arm64 -isysroot /Applications/Xcode_15.4.app/Contents/Developer/Platforms/iPhoneOS.platform/Developer/SDKs/iPhoneOS17.5.sdk -miphoneos-version-min=14.0 -O0 -U_FORTIFY_SOURCE -Werror=implicit-function-declaration -Werror=unknown-warning-option -Werror=unused-command-line-argument -Werror=ignored-optimization-argument -std=c99` -> 0
2026-06-25T21:58:57.6212540Z Running compile:
2026-06-25T21:58:57.6212900Z Working directory:  /Users/runner/work/LiteReplayd/LiteReplayd/build/src/dav1d/build-ios/meson-private/tmpxkgl9ana
2026-06-25T21:58:57.6213680Z Code:
2026-06-25T21:58:57.6213870Z __asm__ (".arch armv8.6-a+crc\n"".arch_extension dotprod\n");
2026-06-25T21:58:57.6214110Z -----------
2026-06-25T21:58:57.6216430Z Command line: `/Applications/Xcode_15.4.app/Contents/Developer/Toolchains/XcodeDefault.xctoolchain/usr/bin/clang /Users/runner/work/LiteReplayd/LiteReplayd/build/src/dav1d/build-ios/meson-private/tmpxkgl9ana/testfile.c -o /Users/runner/work/LiteReplayd/LiteReplayd/build/src/dav1d/build-ios/meson-private/tmpxkgl9ana/output.obj -c -arch arm64 -isysroot /Applications/Xcode_15.4.app/Contents/Developer/Platforms/iPhoneOS.platform/Developer/SDKs/iPhoneOS17.5.sdk -miphoneos-version-min=14.0 -O0 -U_FORTIFY_SOURCE -Werror=implicit-function-declaration -Werror=unknown-warning-option -Werror=unused-command-line-argument -Werror=ignored-optimization-argument -std=c99` -> 1
2026-06-25T21:58:57.6218390Z stderr:
2026-06-25T21:58:57.6218590Z <inline asm>:2:17: error: unknown architectural extension: dotprod
2026-06-25T21:58:57.6218860Z .arch_extension dotprod
2026-06-25T21:58:57.6219020Z                 ^
2026-06-25T21:58:57.6219150Z 1 error generated.
2026-06-25T21:58:57.6219290Z -----------
2026-06-25T21:58:57.6219410Z Running compile:
2026-06-25T21:58:57.6219770Z Working directory:  /Users/runner/work/LiteReplayd/LiteReplayd/build/src/dav1d/build-ios/meson-private/tmptx9s0107
2026-06-25T21:58:57.6220170Z Code:
2026-06-25T21:58:57.6220360Z __asm__ (".arch armv8.6-a+crc\n""udot v0.4s, v0.16b, v0.16b\n");
2026-06-25T21:58:57.6220600Z -----------
2026-06-25T21:58:57.6222830Z Command line: `/Applications/Xcode_15.4.app/Contents/Developer/Toolchains/XcodeDefault.xctoolchain/usr/bin/clang /Users/runner/work/LiteReplayd/LiteReplayd/build/src/dav1d/build-ios/meson-private/tmptx9s0107/testfile.c -o /Users/runner/work/LiteReplayd/LiteReplayd/build/src/dav1d/build-ios/meson-private/tmptx9s0107/output.obj -c -arch arm64 -isysroot /Applications/Xcode_15.4.app/Contents/Developer/Platforms/iPhoneOS.platform/Developer/SDKs/iPhoneOS17.5.sdk -miphoneos-version-min=14.0 -O0 -U_FORTIFY_SOURCE -Werror=implicit-function-declaration -Werror=unknown-warning-option -Werror=unused-command-line-argument -Werror=ignored-optimization-argument -std=c99` -> 0
2026-06-25T21:58:57.6224940Z Checking if "DOTPROD" compiles: YES 
2026-06-25T21:58:57.6225130Z Running compile:
2026-06-25T21:58:57.6225500Z Working directory:  /Users/runner/work/LiteReplayd/LiteReplayd/build/src/dav1d/build-ios/meson-private/tmp4cjkt985
2026-06-25T21:58:57.6225900Z Code:
2026-06-25T21:58:57.6226070Z __asm__ (".arch armv8.6-a+crc\n"".arch_extension i8mm\n");
2026-06-25T21:58:57.6226310Z -----------
2026-06-25T21:58:57.6229020Z Command line: `/Applications/Xcode_15.4.app/Contents/Developer/Toolchains/XcodeDefault.xctoolchain/usr/bin/clang /Users/runner/work/LiteReplayd/LiteReplayd/build/src/dav1d/build-ios/meson-private/tmp4cjkt985/testfile.c -o /Users/runner/work/LiteReplayd/LiteReplayd/build/src/dav1d/build-ios/meson-private/tmp4cjkt985/output.obj -c -arch arm64 -isysroot /Applications/Xcode_15.4.app/Contents/Developer/Platforms/iPhoneOS.platform/Developer/SDKs/iPhoneOS17.5.sdk -miphoneos-version-min=14.0 -O0 -U_FORTIFY_SOURCE -Werror=implicit-function-declaration -Werror=unknown-warning-option -Werror=unused-command-line-argument -Werror=ignored-optimization-argument -std=c99` -> 1
2026-06-25T21:58:57.6231030Z stderr:
2026-06-25T21:58:57.6231230Z <inline asm>:2:17: error: unknown architectural extension: i8mm
2026-06-25T21:58:57.6231490Z .arch_extension i8mm
2026-06-25T21:58:57.6231640Z                 ^
2026-06-25T21:58:57.6232090Z 1 error generated.
2026-06-25T21:58:57.6232240Z -----------
2026-06-25T21:58:57.6232360Z Running compile:
2026-06-25T21:58:57.6232730Z Working directory:  /Users/runner/work/LiteReplayd/LiteReplayd/build/src/dav1d/build-ios/meson-private/tmpd9j6qrp_
2026-06-25T21:58:57.6233130Z Code:
2026-06-25T21:58:57.6233310Z __asm__ (".arch armv8.6-a+crc\n""usdot v0.4s, v0.16b, v0.16b\n");
2026-06-25T21:58:57.6233560Z -----------
2026-06-25T21:58:57.6235580Z Command line: `/Applications/Xcode_15.4.app/Contents/Developer/Toolchains/XcodeDefault.xctoolchain/usr/bin/clang /Users/runner/work/LiteReplayd/LiteReplayd/build/src/dav1d/build-ios/meson-private/tmpd9j6qrp_/testfile.c -o /Users/runner/work/LiteReplayd/LiteReplayd/build/src/dav1d/build-ios/meson-private/tmpd9j6qrp_/output.obj -c -arch arm64 -isysroot /Applications/Xcode_15.4.app/Contents/Developer/Platforms/iPhoneOS.platform/Developer/SDKs/iPhoneOS17.5.sdk -miphoneos-version-min=14.0 -O0 -U_FORTIFY_SOURCE -Werror=implicit-function-declaration -Werror=unknown-warning-option -Werror=unused-command-line-argument -Werror=ignored-optimization-argument -std=c99` -> 0
2026-06-25T21:58:57.6237570Z Checking if "I8MM" compiles: YES 
2026-06-25T21:58:57.6237750Z Running compile:
2026-06-25T21:58:57.6238420Z Working directory:  /Users/runner/work/LiteReplayd/LiteReplayd/build/src/dav1d/build-ios/meson-private/tmprgbpg0ra
2026-06-25T21:58:57.6238820Z Code:
2026-06-25T21:58:57.6238990Z __asm__ (".arch armv8.6-a+crc\n"".arch_extension sve\n");
2026-06-25T21:58:57.6239220Z -----------
2026-06-25T21:58:57.6241130Z Command line: `/Applications/Xcode_15.4.app/Contents/Developer/Toolchains/XcodeDefault.xctoolchain/usr/bin/clang /Users/runner/work/LiteReplayd/LiteReplayd/build/src/dav1d/build-ios/meson-private/tmprgbpg0ra/testfile.c -o /Users/runner/work/LiteReplayd/LiteReplayd/build/src/dav1d/build-ios/meson-private/tmprgbpg0ra/output.obj -c -arch arm64 -isysroot /Applications/Xcode_15.4.app/Contents/Developer/Platforms/iPhoneOS.platform/Developer/SDKs/iPhoneOS17.5.sdk -miphoneos-version-min=14.0 -O0 -U_FORTIFY_SOURCE -Werror=implicit-function-declaration -Werror=unknown-warning-option -Werror=unused-command-line-argument -Werror=ignored-optimization-argument -std=c99` -> 0
2026-06-25T21:58:57.6243090Z Running compile:
2026-06-25T21:58:57.6243450Z Working directory:  /Users/runner/work/LiteReplayd/LiteReplayd/build/src/dav1d/build-ios/meson-private/tmpw6svf25s
2026-06-25T21:58:57.6243840Z Code:
2026-06-25T21:58:57.6244070Z __asm__ (".arch armv8.6-a+crc\n"".arch_extension sve\n""whilelt p0.s, x0, x1\n");
2026-06-25T21:58:57.6244420Z -----------
2026-06-25T21:58:57.6246640Z Command line: `/Applications/Xcode_15.4.app/Contents/Developer/Toolchains/XcodeDefault.xctoolchain/usr/bin/clang /Users/runner/work/LiteReplayd/LiteReplayd/build/src/dav1d/build-ios/meson-private/tmpw6svf25s/testfile.c -o /Users/runner/work/LiteReplayd/LiteReplayd/build/src/dav1d/build-ios/meson-private/tmpw6svf25s/output.obj -c -arch arm64 -isysroot /Applications/Xcode_15.4.app/Contents/Developer/Platforms/iPhoneOS.platform/Developer/SDKs/iPhoneOS17.5.sdk -miphoneos-version-min=14.0 -O0 -U_FORTIFY_SOURCE -Werror=implicit-function-declaration -Werror=unknown-warning-option -Werror=unused-command-line-argument -Werror=ignored-optimization-argument -std=c99` -> 0
2026-06-25T21:58:57.6248610Z Checking if "SVE" compiles: YES 
2026-06-25T21:58:57.6248790Z Running compile:
2026-06-25T21:58:57.6249150Z Working directory:  /Users/runner/work/LiteReplayd/LiteReplayd/build/src/dav1d/build-ios/meson-private/tmpiolh8kft
2026-06-25T21:58:57.6249550Z Code:
2026-06-25T21:58:57.6249720Z __asm__ (".arch armv8.6-a+crc\n"".arch_extension sve2\n");
2026-06-25T21:58:57.6249950Z -----------
2026-06-25T21:58:57.6252240Z Command line: `/Applications/Xcode_15.4.app/Contents/Developer/Toolchains/XcodeDefault.xctoolchain/usr/bin/clang /Users/runner/work/LiteReplayd/LiteReplayd/build/src/dav1d/build-ios/meson-private/tmpiolh8kft/testfile.c -o /Users/runner/work/LiteReplayd/LiteReplayd/build/src/dav1d/build-ios/meson-private/tmpiolh8kft/output.obj -c -arch arm64 -isysroot /Applications/Xcode_15.4.app/Contents/Developer/Platforms/iPhoneOS.platform/Developer/SDKs/iPhoneOS17.5.sdk -miphoneos-version-min=14.0 -O0 -U_FORTIFY_SOURCE -Werror=implicit-function-declaration -Werror=unknown-warning-option -Werror=unused-command-line-argument -Werror=ignored-optimization-argument -std=c99` -> 0
2026-06-25T21:58:57.6254200Z Running compile:
2026-06-25T21:58:57.6254560Z Working directory:  /Users/runner/work/LiteReplayd/LiteReplayd/build/src/dav1d/build-ios/meson-private/tmpupkh3120
2026-06-25T21:58:57.6254960Z Code:
2026-06-25T21:58:57.6255200Z __asm__ (".arch armv8.6-a+crc\n"".arch_extension sve2\n""sqrdmulh z0.s, z0.s, z0.s\n");
2026-06-25T21:58:57.6255500Z -----------
2026-06-25T21:58:57.6257840Z Command line: `/Applications/Xcode_15.4.app/Contents/Developer/Toolchains/XcodeDefault.xctoolchain/usr/bin/clang /Users/runner/work/LiteReplayd/LiteReplayd/build/src/dav1d/build-ios/meson-private/tmpupkh3120/testfile.c -o /Users/runner/work/LiteReplayd/LiteReplayd/build/src/dav1d/build-ios/meson-private/tmpupkh3120/output.obj -c -arch arm64 -isysroot /Applications/Xcode_15.4.app/Contents/Developer/Platforms/iPhoneOS.platform/Developer/SDKs/iPhoneOS17.5.sdk -miphoneos-version-min=14.0 -O0 -U_FORTIFY_SOURCE -Werror=implicit-function-declaration -Werror=unknown-warning-option -Werror=unused-command-line-argument -Werror=ignored-optimization-argument -std=c99` -> 0
2026-06-25T21:58:57.6260060Z Checking if "SVE2" compiles: YES 
2026-06-25T21:58:57.6260300Z Configuring config.h using configuration
2026-06-25T21:58:57.6260730Z Pkg-config binary for host machine specified from cross file, native file, or env var as ['/opt/homebrew/bin/pkg-config']
2026-06-25T21:58:57.6261210Z Found pkg-config: YES (/opt/homebrew/bin/pkg-config) 2.5.1
2026-06-25T21:58:57.6261470Z Build targets in project: 5
2026-06-25T21:58:57.6261590Z 
2026-06-25T21:58:57.6261640Z dav1d 1.5.4
2026-06-25T21:58:57.6261720Z 
2026-06-25T21:58:57.6261780Z   User defined options
2026-06-25T21:58:57.6262060Z     Cross files    : /Users/runner/work/LiteReplayd/LiteReplayd/build/ios-arm64.meson
2026-06-25T21:58:57.6262710Z     default_library: static
2026-06-25T21:58:57.6262890Z     enable_tests   : false
2026-06-25T21:58:57.6263060Z     enable_tools   : false
2026-06-25T21:58:57.6263220Z     libdir         : lib
2026-06-25T21:58:57.6263480Z     prefix         : /Users/runner/work/LiteReplayd/LiteReplayd/build/prefix
2026-06-25T21:58:57.6263700Z 
2026-06-25T21:58:57.6264020Z Found ninja-1.13.2 at /opt/homebrew/bin/ninja
2026-06-25T21:58:57.6264430Z !meson_ci!/ci_include "/Users/runner/work/LiteReplayd/LiteReplayd/build/src/dav1d/build-ios/build.ninja"
2026-06-25T21:58:57.6264760Z 
2026-06-25T21:58:57.6265020Z ===================== /Users/runner/work/LiteReplayd/LiteReplayd/build/src/x264/config.log (tail -120) =====================
2026-06-25T21:58:57.6265720Z checking whether /Applications/Xcode_15.4.app/Contents/Developer/Toolchains/XcodeDefault.xctoolchain/usr/bin/clang supports .arch armv8.6-a+crc 
2026-06-25T21:58:57.6266220Z  .arch_extension sve2 
2026-06-25T21:58:57.6266380Z  smlalb z10.s, z2.h, z1.h... yes
2026-06-25T21:58:57.6266830Z checking whether /Applications/Xcode_15.4.app/Contents/Developer/Toolchains/XcodeDefault.xctoolchain/usr/bin/clang supports .func test
2026-06-25T21:58:57.6267300Z .endfunc... no
2026-06-25T21:58:57.6267440Z Failed commandline was:
2026-06-25T21:58:57.6267630Z --------------------------------------------------
2026-06-25T21:58:57.6269210Z /Applications/Xcode_15.4.app/Contents/Developer/Toolchains/XcodeDefault.xctoolchain/usr/bin/clang conftest.S  -I. -I$(SRCPATH) -arch arm64 -isysroot /Applications/Xcode_15.4.app/Contents/Developer/Platforms/iPhoneOS.platform/Developer/SDKs/iPhoneOS17.5.sdk -miphoneos-version-min=14.0 -I/Users/runner/work/LiteReplayd/LiteReplayd/build/prefix/include -fPIC -O2 -DPREFIX -DPIC -arch arm64 -c  -o conftest.o
2026-06-25T21:58:57.6270460Z conftest.S:1:1: error: unknown directive
2026-06-25T21:58:57.6270660Z .func test
2026-06-25T21:58:57.6270780Z ^
2026-06-25T21:58:57.6270910Z conftest.S:2:1: error: unknown directive
2026-06-25T21:58:57.6271100Z .endfunc
2026-06-25T21:58:57.6271210Z ^
2026-06-25T21:58:57.6271350Z --------------------------------------------------
2026-06-25T21:58:57.6271560Z Failed program was:
2026-06-25T21:58:57.6271740Z --------------------------------------------------
2026-06-25T21:58:57.6271940Z .func test
2026-06-25T21:58:57.6272060Z .endfunc
2026-06-25T21:58:57.6272210Z --------------------------------------------------
2026-06-25T21:58:57.6272480Z checking for pthread_create(0,0,0,0); in pthread.h... yes
2026-06-25T21:58:57.6273100Z checking whether /Applications/Xcode_15.4.app/Contents/Developer/Toolchains/XcodeDefault.xctoolchain/usr/bin/clang supports int *val; __sync_fetch_and_add(&val, 1);... no
2026-06-25T21:58:57.6273680Z Failed commandline was:
2026-06-25T21:58:57.6274000Z --------------------------------------------------
2026-06-25T21:58:57.6278710Z /Applications/Xcode_15.4.app/Contents/Developer/Toolchains/XcodeDefault.xctoolchain/usr/bin/clang conftest.c -arch arm64 -isysroot /Applications/Xcode_15.4.app/Contents/Developer/Platforms/iPhoneOS.platform/Developer/SDKs/iPhoneOS17.5.sdk -miphoneos-version-min=14.0 -I/Users/runner/work/LiteReplayd/LiteReplayd/build/prefix/include -fPIC -O2 -Wall -I. -I$(SRCPATH) --sysroot=/Applications/Xcode_15.4.app/Contents/Developer/Platforms/iPhoneOS.platform/Developer/SDKs/iPhoneOS17.5.sdk -arch arm64 -isysroot /Applications/Xcode_15.4.app/Contents/Developer/Platforms/iPhoneOS.platform/Developer/SDKs/iPhoneOS17.5.sdk -miphoneos-version-min=14.0 -I/Users/runner/work/LiteReplayd/LiteReplayd/build/prefix/include -fPIC -O2 -arch arm64 -std=gnu99 -D_GNU_SOURCE   -Werror=unknown-warning-option -Werror=unknown-attributes -Werror=attributes -Werror=ignored-attributes -Werror=implicit-function-declaration   -arch arm64 -isysroot /Applications/Xcode_15.4.app/Contents/Developer/Platforms/iPhoneOS.platform/Developer/SDKs/iPhoneOS17.5.sdk -miphoneos-version-min=14.0 -L/Users/runner/work/LiteReplayd/LiteReplayd/build/prefix/lib --sysroot=/Applications/Xcode_15.4.app/Contents/Developer/Platforms/iPhoneOS.platform/Developer/SDKs/iPhoneOS17.5.sdk -arch arm64 -isysroot /Applications/Xcode_15.4.app/Contents/Developer/Platforms/iPhoneOS.platform/Developer/SDKs/iPhoneOS17.5.sdk -miphoneos-version-min=14.0 -L/Users/runner/work/LiteReplayd/LiteReplayd/build/prefix/lib -lm -arch arm64 -lpthread -o conftest
2026-06-25T21:58:57.6283670Z conftest.c:1:56: error: incompatible integer to pointer conversion passing 'int' to parameter of type 'int *' [-Wint-conversion]
2026-06-25T21:58:57.6284260Z int main (void) { int *val; __sync_fetch_and_add(&val, 1); return 0; }
2026-06-25T21:58:57.6284680Z                                                        ^
2026-06-25T21:58:57.6284940Z 1 error generated.
2026-06-25T21:58:57.6290430Z --------------------------------------------------
2026-06-25T21:58:57.6290640Z Failed program was:
2026-06-25T21:58:57.6290810Z --------------------------------------------------
2026-06-25T21:58:57.6291100Z int main (void) { int *val; __sync_fetch_and_add(&val, 1); return 0; }
2026-06-25T21:58:57.6291710Z --------------------------------------------------
2026-06-25T21:58:57.6292000Z checking for volatile float x = 2; return log2f(x); in math.h... yes
2026-06-25T21:58:57.6292300Z checking for strtok_r(0, 0, 0); in string.h... yes
2026-06-25T21:58:57.6292590Z checking for clock_gettime(CLOCK_MONOTONIC, 0); in time.h... yes
2026-06-25T21:58:57.6292900Z checking for getauxval(AT_HWCAP); in sys/auxv.h... no
2026-06-25T21:58:57.6293130Z Failed commandline was:
2026-06-25T21:58:57.6293320Z --------------------------------------------------
2026-06-25T21:58:57.6298070Z /Applications/Xcode_15.4.app/Contents/Developer/Toolchains/XcodeDefault.xctoolchain/usr/bin/clang conftest.c -arch arm64 -isysroot /Applications/Xcode_15.4.app/Contents/Developer/Platforms/iPhoneOS.platform/Developer/SDKs/iPhoneOS17.5.sdk -miphoneos-version-min=14.0 -I/Users/runner/work/LiteReplayd/LiteReplayd/build/prefix/include -fPIC -O2 -Wall -I. -I$(SRCPATH) --sysroot=/Applications/Xcode_15.4.app/Contents/Developer/Platforms/iPhoneOS.platform/Developer/SDKs/iPhoneOS17.5.sdk -arch arm64 -isysroot /Applications/Xcode_15.4.app/Contents/Developer/Platforms/iPhoneOS.platform/Developer/SDKs/iPhoneOS17.5.sdk -miphoneos-version-min=14.0 -I/Users/runner/work/LiteReplayd/LiteReplayd/build/prefix/include -fPIC -O2 -arch arm64 -std=gnu99 -D_GNU_SOURCE   -Werror=unknown-warning-option -Werror=unknown-attributes -Werror=attributes -Werror=ignored-attributes -Werror=implicit-function-declaration   -arch arm64 -isysroot /Applications/Xcode_15.4.app/Contents/Developer/Platforms/iPhoneOS.platform/Developer/SDKs/iPhoneOS17.5.sdk -miphoneos-version-min=14.0 -L/Users/runner/work/LiteReplayd/LiteReplayd/build/prefix/lib --sysroot=/Applications/Xcode_15.4.app/Contents/Developer/Platforms/iPhoneOS.platform/Developer/SDKs/iPhoneOS17.5.sdk -arch arm64 -isysroot /Applications/Xcode_15.4.app/Contents/Developer/Platforms/iPhoneOS.platform/Developer/SDKs/iPhoneOS17.5.sdk -miphoneos-version-min=14.0 -L/Users/runner/work/LiteReplayd/LiteReplayd/build/prefix/lib -lm -arch arm64 -lpthread -o conftest
2026-06-25T21:58:57.6302830Z conftest.c:1:10: fatal error: 'sys/auxv.h' file not found
2026-06-25T21:58:57.6303070Z #include <sys/auxv.h>
2026-06-25T21:58:57.6303210Z          ^~~~~~~~~~~~
2026-06-25T21:58:57.6303360Z 1 error generated.
2026-06-25T21:58:57.6303520Z --------------------------------------------------
2026-06-25T21:58:57.6303740Z Failed program was:
2026-06-25T21:58:57.6303910Z --------------------------------------------------
2026-06-25T21:58:57.6304120Z #include <sys/auxv.h>
2026-06-25T21:58:57.6304300Z int main (void) { getauxval(AT_HWCAP); return 0; }
2026-06-25T21:58:57.6304540Z --------------------------------------------------
2026-06-25T21:58:57.6304900Z checking for unsigned long auxv = 0; elf_aux_info(AT_HWCAP, &auxv, sizeof(auxv)); in sys/auxv.h... no
2026-06-25T21:58:57.6305250Z Failed commandline was:
2026-06-25T21:58:57.6305440Z --------------------------------------------------
2026-06-25T21:58:57.6309820Z /Applications/Xcode_15.4.app/Contents/Developer/Toolchains/XcodeDefault.xctoolchain/usr/bin/clang conftest.c -arch arm64 -isysroot /Applications/Xcode_15.4.app/Contents/Developer/Platforms/iPhoneOS.platform/Developer/SDKs/iPhoneOS17.5.sdk -miphoneos-version-min=14.0 -I/Users/runner/work/LiteReplayd/LiteReplayd/build/prefix/include -fPIC -O2 -Wall -I. -I$(SRCPATH) --sysroot=/Applications/Xcode_15.4.app/Contents/Developer/Platforms/iPhoneOS.platform/Developer/SDKs/iPhoneOS17.5.sdk -arch arm64 -isysroot /Applications/Xcode_15.4.app/Contents/Developer/Platforms/iPhoneOS.platform/Developer/SDKs/iPhoneOS17.5.sdk -miphoneos-version-min=14.0 -I/Users/runner/work/LiteReplayd/LiteReplayd/build/prefix/include -fPIC -O2 -arch arm64 -std=gnu99 -D_GNU_SOURCE   -Werror=unknown-warning-option -Werror=unknown-attributes -Werror=attributes -Werror=ignored-attributes -Werror=implicit-function-declaration   -arch arm64 -isysroot /Applications/Xcode_15.4.app/Contents/Developer/Platforms/iPhoneOS.platform/Developer/SDKs/iPhoneOS17.5.sdk -miphoneos-version-min=14.0 -L/Users/runner/work/LiteReplayd/LiteReplayd/build/prefix/lib --sysroot=/Applications/Xcode_15.4.app/Contents/Developer/Platforms/iPhoneOS.platform/Developer/SDKs/iPhoneOS17.5.sdk -arch arm64 -isysroot /Applications/Xcode_15.4.app/Contents/Developer/Platforms/iPhoneOS.platform/Developer/SDKs/iPhoneOS17.5.sdk -miphoneos-version-min=14.0 -L/Users/runner/work/LiteReplayd/LiteReplayd/build/prefix/lib -lm -arch arm64 -lpthread -o conftest
2026-06-25T21:58:57.6314800Z conftest.c:1:10: fatal error: 'sys/auxv.h' file not found
2026-06-25T21:58:57.6315040Z #include <sys/auxv.h>
2026-06-25T21:58:57.6315190Z          ^~~~~~~~~~~~
2026-06-25T21:58:57.6315330Z 1 error generated.
2026-06-25T21:58:57.6315490Z --------------------------------------------------
2026-06-25T21:58:57.6316220Z Failed program was:
2026-06-25T21:58:57.6316420Z --------------------------------------------------
2026-06-25T21:58:57.6316630Z #include <sys/auxv.h>
2026-06-25T21:58:57.6316930Z int main (void) { unsigned long auxv = 0; elf_aux_info(AT_HWCAP, &auxv, sizeof(auxv)); return 0; }
2026-06-25T21:58:57.6317630Z --------------------------------------------------
2026-06-25T21:58:57.6317860Z checking for sysconf(0); in unistd.h... yes
2026-06-25T21:58:57.6318110Z checking whether defined(MAP_PRIVATE) is true... yes
2026-06-25T21:58:57.6318490Z checking for uint32_t test_vec __attribute__ ((vector_size (16))) = {0,1,2,3}; in stdint.h... yes
2026-06-25T21:58:57.6319220Z checking for stdio.h... no
2026-06-25T21:58:57.6319280Z Failed commandline was:
2026-06-25T21:58:57.6319360Z --------------------------------------------------
2026-06-25T21:58:57.6325220Z /Applications/Xcode_15.4.app/Contents/Developer/Toolchains/XcodeDefault.xctoolchain/usr/bin/clang conftest.c -arch arm64 -isysroot /Applications/Xcode_15.4.app/Contents/Developer/Platforms/iPhoneOS.platform/Developer/SDKs/iPhoneOS17.5.sdk -miphoneos-version-min=14.0 -I/Users/runner/work/LiteReplayd/LiteReplayd/build/prefix/include -fPIC -O2 -Wall -I. -I$(SRCPATH) --sysroot=/Applications/Xcode_15.4.app/Contents/Developer/Platforms/iPhoneOS.platform/Developer/SDKs/iPhoneOS17.5.sdk -arch arm64 -isysroot /Applications/Xcode_15.4.app/Contents/Developer/Platforms/iPhoneOS.platform/Developer/SDKs/iPhoneOS17.5.sdk -miphoneos-version-min=14.0 -I/Users/runner/work/LiteReplayd/LiteReplayd/build/prefix/include -fPIC -O2 -arch arm64 -std=gnu99 -D_GNU_SOURCE -fPIC   -Werror=unknown-warning-option -Werror=unknown-attributes -Werror=attributes -Werror=ignored-attributes -Werror=implicit-function-declaration -shared -Wl,-Bsymbolic  -arch arm64 -isysroot /Applications/Xcode_15.4.app/Contents/Developer/Platforms/iPhoneOS.platform/Developer/SDKs/iPhoneOS17.5.sdk -miphoneos-version-min=14.0 -L/Users/runner/work/LiteReplayd/LiteReplayd/build/prefix/lib --sysroot=/Applications/Xcode_15.4.app/Contents/Developer/Platforms/iPhoneOS.platform/Developer/SDKs/iPhoneOS17.5.sdk -arch arm64 -isysroot /Applications/Xcode_15.4.app/Contents/Developer/Platforms/iPhoneOS.platform/Developer/SDKs/iPhoneOS17.5.sdk -miphoneos-version-min=14.0 -L/Users/runner/work/LiteReplayd/LiteReplayd/build/prefix/lib -lm -arch arm64 -lpthread -o conftest
2026-06-25T21:58:57.6325310Z ld: unknown options: -Bsymbolic 
2026-06-25T21:58:57.6325480Z clang: error: linker command failed with exit code 1 (use -v to see invocation)
2026-06-25T21:58:57.6325560Z --------------------------------------------------
2026-06-25T21:58:57.6325620Z Failed program was:
2026-06-25T21:58:57.6325750Z --------------------------------------------------
2026-06-25T21:58:57.6325810Z #include <stdio.h>
2026-06-25T21:58:57.6325870Z int main (void) {  return 0; }
2026-06-25T21:58:57.6325940Z --------------------------------------------------
2026-06-25T21:58:57.6326020Z checking for -fno-tree-vectorize... yes
2026-06-25T21:58:57.6326110Z checking for fseeko(stdin,0,0); in stdio.h... yes
2026-06-25T21:58:57.6326180Z checking for -Wshadow... yes
2026-06-25T21:58:57.6326260Z checking for -Wmaybe-uninitialized... no
2026-06-25T21:58:57.6326320Z Failed commandline was:
2026-06-25T21:58:57.6326400Z --------------------------------------------------
2026-06-25T21:58:57.6336310Z /Applications/Xcode_15.4.app/Contents/Developer/Toolchains/XcodeDefault.xctoolchain/usr/bin/clang conftest.c -Wshadow -O3 -ffast-math -arch arm64 -isysroot /Applications/Xcode_15.4.app/Contents/Developer/Platforms/iPhoneOS.platform/Developer/SDKs/iPhoneOS17.5.sdk -miphoneos-version-min=14.0 -I/Users/runner/work/LiteReplayd/LiteReplayd/build/prefix/include -fPIC -O2 -Wall -I. -I$(SRCPATH) --sysroot=/Applications/Xcode_15.4.app/Contents/Developer/Platforms/iPhoneOS.platform/Developer/SDKs/iPhoneOS17.5.sdk -arch arm64 -isysroot /Applications/Xcode_15.4.app/Contents/Developer/Platforms/iPhoneOS.platform/Developer/SDKs/iPhoneOS17.5.sdk -miphoneos-version-min=14.0 -I/Users/runner/work/LiteReplayd/LiteReplayd/build/prefix/include -fPIC -O2 -arch arm64 -std=gnu99 -D_GNU_SOURCE -fPIC -fomit-frame-pointer -fno-tree-vectorize   -Werror=unknown-warning-option -Werror=unknown-attributes -Werror=attributes -Werror=ignored-attributes -Werror=implicit-function-declaration -Wmaybe-uninitialized  -arch arm64 -isysroot /Applications/Xcode_15.4.app/Contents/Developer/Platforms/iPhoneOS.platform/Developer/SDKs/iPhoneOS17.5.sdk -miphoneos-version-min=14.0 -L/Users/runner/work/LiteReplayd/LiteReplayd/build/prefix/lib --sysroot=/Applications/Xcode_15.4.app/Contents/Developer/Platforms/iPhoneOS.platform/Developer/SDKs/iPhoneOS17.5.sdk -arch arm64 -isysroot /Applications/Xcode_15.4.app/Contents/Developer/Platforms/iPhoneOS.platform/Developer/SDKs/iPhoneOS17.5.sdk -miphoneos-version-min=14.0 -L/Users/runner/work/LiteReplayd/LiteReplayd/build/prefix/lib -lm -arch arm64 -lpthread -o conftest
2026-06-25T21:58:57.6336640Z error: unknown warning option '-Wmaybe-uninitialized'; did you mean '-Wuninitialized'? [-Werror,-Wunknown-warning-option]
2026-06-25T21:58:57.6337130Z --------------------------------------------------
2026-06-25T21:58:57.6337190Z Failed program was:
2026-06-25T21:58:57.6337270Z --------------------------------------------------
2026-06-25T21:58:57.6337330Z int main (void) {  return 0; }
2026-06-25T21:58:57.6337400Z --------------------------------------------------
2026-06-25T21:58:57.6337470Z checking for -fvisibility=hidden... yes
2026-06-25T21:58:57.6337480Z 
2026-06-25T21:58:57.6337530Z platform:       AARCH64
2026-06-25T21:58:57.6337600Z byte order:     little-endian
2026-06-25T21:58:57.6337650Z system:         MACOSX
2026-06-25T21:58:57.6337700Z cli:            no
2026-06-25T21:58:57.6337760Z libx264:        internal
2026-06-25T21:58:57.6337810Z shared:         no
2026-06-25T21:58:57.6337860Z static:         yes
2026-06-25T21:58:57.6337920Z bashcompletion: no
2026-06-25T21:58:57.6337960Z asm:            yes
2026-06-25T21:58:57.6338020Z interlaced:     yes
2026-06-25T21:58:57.6338060Z avs:            no
2026-06-25T21:58:57.6338120Z lavf:           no
2026-06-25T21:58:57.6338170Z ffms:           no
2026-06-25T21:58:57.6338220Z mp4:            no
2026-06-25T21:58:57.6338270Z gpl:            yes
2026-06-25T21:58:57.6338320Z thread:         posix
2026-06-25T21:58:57.6338370Z opencl:         yes
2026-06-25T21:58:57.6338430Z filters:        crop select_every
2026-06-25T21:58:57.6338480Z lto:            no
2026-06-25T21:58:57.6338530Z debug:          no
2026-06-25T21:58:57.6338580Z gprof:          no
2026-06-25T21:58:57.6338630Z strip:          no
2026-06-25T21:58:57.6338680Z PIC:            yes
2026-06-25T21:58:57.6338730Z bit depth:      all
2026-06-25T21:58:57.6338900Z chroma format:  all
2026-06-25T21:58:57.6338900Z 
2026-06-25T21:58:57.6339300Z ##[endgroup]
2026-06-25T21:58:57.6346680Z ##[error]Process completed with exit code 1.
2026-06-25T21:58:57.6612800Z Node 20 is being deprecated. This workflow is running with Node 24 by default. If you need to temporarily use Node 20, you can set the ACTIONS_ALLOW_USE_UNSECURE_NODE_VERSION=true environment variable. For more information see: https://github.blog/changelog/2025-09-19-deprecation-of-node-20-on-github-actions-runners/
2026-06-25T21:58:57.6614160Z Post job cleanup.
2026-06-25T21:58:58.0620980Z [command]/opt/homebrew/bin/git version
2026-06-25T21:58:58.0751450Z git version 2.54.0
2026-06-25T21:58:58.0792010Z Copying '/Users/runner/.gitconfig' to '/Users/runner/work/_temp/60452a72-7b1b-4be4-80c0-bd0827c0e33e/.gitconfig'
2026-06-25T21:58:58.0799320Z Temporarily overriding HOME='/Users/runner/work/_temp/60452a72-7b1b-4be4-80c0-bd0827c0e33e' before making global git config changes
2026-06-25T21:58:58.0800180Z Adding repository directory to the temporary git global config as a safe directory
2026-06-25T21:58:58.0806890Z [command]/opt/homebrew/bin/git config --global --add safe.directory /Users/runner/work/LiteReplayd/LiteReplayd
2026-06-25T21:58:58.0877390Z [command]/opt/homebrew/bin/git config --local --name-only --get-regexp core\.sshCommand
2026-06-25T21:58:58.0946290Z [command]/opt/homebrew/bin/git submodule foreach --recursive sh -c "git config --local --name-only --get-regexp 'core\.sshCommand' && git config --local --unset-all 'core.sshCommand' || :"
2026-06-25T21:58:58.1699410Z [command]/opt/homebrew/bin/git config --local --name-only --get-regexp http\.https\:\/\/github\.com\/\.extraheader
2026-06-25T21:58:58.1783410Z http.https://github.com/.extraheader
2026-06-25T21:58:58.1854120Z [command]/opt/homebrew/bin/git config --local --unset-all http.https://github.com/.extraheader
2026-06-25T21:58:58.1909760Z [command]/opt/homebrew/bin/git submodule foreach --recursive sh -c "git config --local --name-only --get-regexp 'http\.https\:\/\/github\.com\/\.extraheader' && git config --local --unset-all 'http.https://github.com/.extraheader' || :"
2026-06-25T21:58:58.2597730Z [command]/opt/homebrew/bin/git config --local --name-only --get-regexp ^includeIf\.gitdir:
2026-06-25T21:58:58.2647810Z [command]/opt/homebrew/bin/git submodule foreach --recursive git config --local --show-origin --name-only --get-regexp remote.origin.url
2026-06-25T21:58:58.3369780Z Cleaning up orphan processes
2026-06-25T21:58:58.7321280Z ##[warning]Node.js 20 is deprecated. The following actions target Node.js 20 but are being forced to run on Node.js 24: actions/checkout@v4. For more information see: https://github.blog/changelog/2025-09-19-deprecation-of-node-20-on-github-actions-runners/